:020000040800F2
:10000000F01400204D0200084B4A0008E5440008A7
:10001000494A00085D1A0008A16E000800000000AF
:100020000000000000000000000000005759000818
:10003000811D0008000000007F4B000835650008A6
:1000400067020008670200086702000867020008EC
:1000500067020008670200086702000867020008DC
:10006000670200086702000867020008891A000892
:10007000951A0008A11A0008670200086702000824
:1000800067020008670200086702000867020008AC
:10009000670200086702000867020008670200089C
:1000A000670200086702000867020008670200088C
:1000B000670200086702000867020008670200087C
:1000C000670200086702000867020008670200086C
:1000D000670200086702000867020008356E000822
:1000E000670200086702000867020008670200084C
:1000F000670200086702000867020008670200083C
:10010000670200086702000867020008670200082B
:10011000670200086702000867020008670200081B
:10012000670200086702000867020008670200080B
:1001300067020008670200086702000867020008FB
:1001400067020008670200086702000867020008EB
:1001500067020008670200086702000867020008DB
:1001600067020008670200086702000867020008CB
:10017000670200086702000800000000000000009D
:10018000670200086702000800F002F800F04FF86C
:100190000AA090E8000C82448344AAF10107DA45E2
:1001A00001D100F044F8AFF2090EBAE80F0013F0E5
:1001B000010F18BFFB1A43F00103184778920000A3
:1001C00098920000103A24BF78C878C1FAD8520734
:1001D00024BF30C830C144BF04680C6070470000C1
:1001E0000023002400250026103A28BF78C1FBD840
:1001F000520728BF30C148BF0B607047662908F01E
:100200003487642900F00481782900F06881002097
:1002100070471FB508F01FFF00F0C8FD0400002064
:10022000002108F05BF8E0601FBD10B510BD00F0C4
:10023000C5FE1146FFF7EDFF07F0F6FE00F0E3FE06
:1002400003B4FFF7F2FF03BC07F07DFE09488047C7
:1002500009480047FEE7FEE7FEE7FEE7FEE7FEE7A8
:10026000FEE7FEE7FEE7FEE704480549054A064BC0
:1002700070470000A965000889010008F00E002001
:10028000F0140020F0100020F0100020704753EA16
:10029000020C00F069802DE9F04B4FF00006002BB6
:1002A0001FBFB3FA83F503FA05F424FA05F65E409E
:1002B00012BF1643B2FA82F502FA05F4C5F1200521
:1002C0001EBF22FA05FC44EA0C04203556EA044C11
:1002D0004FEA144418BF641C4FF000084FF00009A7
:1002E000904271EB030C39D3002919BFB1FA81F7A1
:1002F00001FA07F6B0FA80F700FA07F6C7F120070F
:100300001EBF20FA07FC46EA0C062037B6FBF4FCB9
:10031000A7EB0507103F07F01F0BCBF120060CFAE7
:100320000BFB2CFA06F644BFB3460026202FA4BFD1
:100330005E464FF0000B5BEA060C08BF4FF0010B66
:1003400019EB0B09ABFB027C48EB0608C01B06FB54
:1003500002CC0BFB03CC71EB0C01C1E70B46024650
:1003600041464846BDE8F08B13B54FF000004FF012
:100370000001AFF30080BDE81C4070470FB4044992
:1003800010B503AA029800F0CDFC10BC5DF814FB78
:10039000500000200FB41CB5084B06AA7B446946E8
:1003A0000090059800F0A5FC04460020694600F086
:1003B000B3FC20461CBC5DF814FB0000790900006A
:1003C00070B5044685690068C10601D5302600E095
:1003D0002026C00707D070BDD4E9012130469047E0
:1003E000206A401C20626D1EF6D570BD70B50446B3
:1003F00085690078C00707D170BDD4E901212020AC
:100400009047206A401C20626D1EF6D570BD00002A
:100410002DE9F0410646002410687529314616A5DD
:1004200010D0AFF30080002802DA404213A507E0A5
:1004300031688A0701D512A502E0490704D511A544
:10044000012401E0AFF3008000210A2206F1240715
:1004500009E0B0FBF2FCB0FBF2F302FB1C00303011
:1004600078541846491C0028F3D123462A463046C2
:10047000BDE8F04100F0CCB9000000002D00000004
:100480002B00000020000000F0B40D460188090593
:1004900002D5214C7C4402E01F4C7C440E340021E8
:1004A00000F1240608E002F00F071209E75D42EAB6
:1004B00003721B097754491C52EA0307F3D10278EF
:1004C0000023120704D5702D06D009B10223113480
:1004D0002246F0BC00F09CB901231034F8E770B557
:1004E00004460D4621461068AFF3008002462946B7
:1004F0002046BDE870400023C6E7D21D22F0070366
:10050000D3E90023C0E70368126843F020030360C7
:100510000823C3610023B7E7388E00002DE9F05FA0
:10052000894604464FF0000ADFF874B1FB44C0F876
:1005300020A02046E1688847002874D0252806D0EE
:10054000D4E901219047206A401C2062F1E700268F
:100550005F462046E16888472028054607DB312DA5
:1005600005D2781910F8200C08B10643F1E7B0075E
:1005700001D526F00406C4F81CA00027C4F818A072
:100580002A2D09D0284607F0D7FC38B304EB87089A
:10059000303DC8F8185019E059F8041B204604EB08
:1005A00087029161E1688847012F054618D1E0690B
:1005B000002820DA26F020061DE0D8F8180000EB0D
:1005C000800005EB40003038C8F818002046E1688C
:1005D0008847054607F0B0FC0028EED1012F0AD06D
:1005E0002E2D08D12046E16888477F1C0546022F42
:1005F00046F02006C4DBA069002803DA404246F03A
:100600000106A061F00701D026F010066C2D0BD07A
:10061000682D09D04C2D39D06A2D35D0742D35D0A8
:100620007A2D33D016E038E0E1682F46204688471F
:10063000B842054609D16C2F26D04FF48060E1689E
:10064000064320468847054604E06C2F1AD04FF435
:10065000807006430DB3A5F14100192802D820355A
:1006600046F400664A462946204626604E46FFF775
:10067000C5FD80B101280BD0F61D26F0070000F162
:10068000080956E74020E4E78020D8E70020D6E7B5
:1006900006F104094DE7284652E7206A00F002B847
:1006A000C88D000030BCBDE8C09F40EA010310B512
:1006B0009B070FD1042A0DD310C808C9121F9C42F2
:1006C000F8D020BA19BA884201D9012010BD4FF0E4
:1006D000FF3010BD1AB1D30703D0521C07E0002031
:1006E00010BD10F8013B11F8014B1B1B07D110F88E
:1006F000013B11F8014B1B1B01D1921EF1D1184691
:1007000010BD421E12F8013F002BFBD111F8013B36
:10071000002B02F8013BF9D17047032A40F23080E8
:1007200010F0030C00F0158011F8013BBCF1020F32
:10073000624498BF11F801CB00F8013B38BF11F8B3
:10074000013BA2F1040298BF00F801CB38BF00F8CA
:10075000013B11F0030300F0F782083AC0F0088073
:1007600051F8043B083A51F804CBA0E80810F5E72B
:10077000121D5CBF51F8043B40F8043BAFF300800E
:10078000D20724BF11F8013B11F801CB48BF11F883
:10079000012B24BF00F8013B00F801CB48BF00F853
:1007A000012B70474FF0000200B513469446964661
:1007B000203922BFA0E80C50A0E80C50B1F1200174
:1007C000BFF4F7AF090728BFA0E80C5048BF0CC022
:1007D0005DF804EB890028BF40F8042B08BF704780
:1007E00048BF20F8022B11F0804F18BF00F8012BF2
:1007F0007047704770477047704710B500F0DAFADD
:10080000006810BD10B5044600F0D4FA046010BDB5
:100810002DE9F0470D4699469246044600F124081A
:100820000168880604D5E06921F01001216000E02C
:100830000120A84201DD471B00E00027A1697A19C9
:1008400002EB0900081AA0612078C00602D42046F5
:10085000FFF7B6FD002608E0D4E901211AF80600EA
:100860009047206A401C761C20624E45F4DB2078BD
:10087000C0060AD52046FFF7A3FD06E0D4E9012112
:1008800030209047206A401C2062381EA7F10107E3
:10089000F4DC07E0D4E9012118F805009047206A4C
:1008A000401C2062281EA5F10105F3DC2046FFF75D
:1008B0009DFD2078000602D50220BDE8F0870120CA
:1008C000FBE770472DE9FF4F0C461E464FF0FF3700
:1008D0008BB0D2E90001DDF860800A908A46C1F34E
:1008E0000A5505B93D46002108464FF00000BAF10F
:1008F000000F00F4400005DA00EB80004FF44001E7
:1009000001EA50004FEA9059B9F1010F00DDB946F4
:100910000A9850EA4A000ED044F61050A5F2FF356E
:1009200045432F14B8F1000F1ED07542291E1EDD5D
:10093000C9F100021CE0B8F1010F4FF0000001D036
:10094000302103E0F24305E02154401CB042FBDBC0
:1009500030460022002121540B99C1F80880C1E9DA
:1009600000200FB000F0BCB9BD1B6D1CDEE74A468D
:1009700000DA694206A800F0A7FA06AB93E8070080
:1009800003AB83E8070050460A9900F085FB8DE829
:100990000700A0F500501F3800900398002D0ADDD5
:1009A00042F21F014A460844002303A90390684607
:1009B00000F0EEFD09E0A0F500504A461F38002384
:1009C00003A90390684600F0F8FD8DE807000004D5
:1009D000000C03D04FF0FF30410800E01046B8F1A2
:1009E000000F03D00022009215461EE0751E05D4AC
:1009F00000F0E4F9303262556D1EF9D5B34601229C
:100A0000084302D000227F1C04E02078302801D166
:100A100000227F1E002A099784D01DE0112D07DADD
:100A200000F0CCF9303262556D1C50EA0102F5D16C
:100A3000084302D00098C8B10EE00021681E05E00E
:100A4000235C625C63542254401E491C8142F7DBE4
:100A5000AB46A81B401E0990002004F80B000B9821
:100A6000099AC0F80880C0E9002B7AE711264FF0F8
:100A7000000857E72DE9F04F88460446D21D22F0C2
:100A8000070191B0D1E90001CDE90A0106F009FAA8
:100A900002460B98C00F01D02D2007E02068810787
:100AA00001D52B2002E0202101EAC000032A099091
:100AB00001D0072A05DB03464146204600F0C4F971
:100AC0000BE12078800601D5E06900E00620B8F14E
:100AD000650F814606D0B8F1660F18D0B8F1670FE0
:100AE00070D131E00020B9F1110F009001DB11232A
:100AF00001E009F101030AAA01A90CA8FFF7E2FE2F
:100B0000DDE90C70002609F10105834647E001206C
:100B10004B4600904FF000470AAA01A90CA8FFF726
:100B2000D1FEDDE90DB00C995D46002610B909F142
:100B300001000D18B9EB050003D4C0F1FF3609F12F
:100B40000105A5EB09002BE0B9F1010F01DA4FF027
:100B500001090020B9F1110F0090484601DD112371
:100B600000E003460AAA01A90CA8FFF7ABFEDDE9E5
:100B70000C704D4600268346207800070AD4AB450A
:100B800000DA5D4601A8012D04DD411911F8011CB0
:100B9000302907D04F4502DA17F1040F04DA01209B
:100BA00082460FE06D1EEEE7002F02DCED1B3E4497
:100BB00003E0781CA84200DD7D1CB81B00F1010A8F
:100BC0004FF000472078000703D4AA4501DB4FF01F
:100BD000FF3A0021B7F1004F0DF143088DF84310A3
:100BE00024D002202B23002F01DA7F422D230A215B
:100BF000021EA0F1010000DC5FB197FBF1FC97FB46
:100C0000F1F201FB1C7C17460CF1300C08F801CD09
:100C1000EEE7A8F1010003702188090501D54521FF
:100C200000E06521A0F1010800F8011C09980FA956
:100C3000A1EB0807FF1D00B10120411901EBEA708B
:100C4000A1693844081A401EA0612078C00602D469
:100C50002046FFF7B5FB099828B1D4E90121904758
:100C6000206A401C20622078C00622D52046FFF76B
:100C7000A7FB1EE0002E04DBB34502DD01A8805D6A
:100C800000E03020D4E901219047206A401C206216
:100C9000761CAAF101005FEA000A0AD100F086F88A
:100CA000C0680168405CD4E901219047206A401C7B
:100CB0002062281EA5F10105DCDC07E0D4E9012152
:100CC00018F8010B9047206A401C2062381EA7F1DB
:100CD0000107F3DC2046FFF789FB032011B041E652
:100CE00030BCBDE8C08F000001694A1C0261087871
:100CF000704700B58FB0CDE901310021059105495C
:100D00007944CDE9031011466846FFF707FC0FB0A0
:100D100000BD0000E5FFFFFF0A6802F8010B0A6052
:100D200070470000074B70B50D467B44FFF7E1FFAD
:100D30000446284600F03AF910B14FF0FF3070BD7C
:100D4000204670BDE372000010B5203AC0F00B8061
:100D5000B1E81850203AA0E81850B1E81850A0E8BF
:100D60001850BFF4F5AF5FEA027C24BFB1E8185019
:100D7000A0E8185044BF18C918C0BDE810405FEA89
:100D8000827C24BF51F8043B40F8043B08BF704705
:100D9000D20728BF31F8023B48BF11F8012B28BF0A
:100DA00020F8023B48BF00F8012B7047004870470D
:100DB000AC0E0020004870478C0E002030B5B0F11A
:100DC0000A024FEA900E71F100034EEA817EB0EB09
:100DD0000E0061EB91014FEA101E4EEA017E10EB0E
:100DE0000E0041EB11114FEA102E4EEA016E10EB8E
:100DF0000E0041EB11214FEA104E4EEA014E10EB6E
:100E00000E0041EB1141401841F100014FEAD000C2
:100E100040EA41704FEAD10110EB80054FEA8104AE
:100E200044EA907444EB01046D1944EB0404521B32
:100E3000A3414FF0000348BF0A3200D530BD401C2B
:100E400041F1000130BD00002DE9F0411F4604468C
:100E500003260168072A01F4006004DB08B116A527
:100E600005E016A503E008B115A500E015A521F0E1
:100E700010002060A069C01EA0610FB1401EA061DB
:100E80002046FFF79DFA4FB1D4E90121384690473B
:100E9000206A401C2062C01C206206E0206AFAE73B
:100EA000D4E9012115F8010B9047761EF8D22046AF
:100EB000FFF79CFABDE8F0814E414E006E616E0076
:100EC000494E4600696E66002DE9F0478146164698
:100ED0008AB0354878440DC88DE80D003248784412
:100EE000801C03AC0DC884E80D0041F69B3008441B
:100EF000372190FBF1F290FBF1F5A5F1800501FBA4
:100F000012041B3C02D56442012000E00020DFF8FF
:100F100098A080460027FA44AAF1BE0A0EE0E00736
:100F20000AD03246684607EB470101230AEB8101EC
:100F300000F043FB8DE8070064107F1C002CEED10D
:100F4000194F7F44AE3F19E0E80715D007EB0410B6
:100F50000DF1180A90E80E008AE80E00C068F04211
:100F600001D1981908903246012306A903A800F080
:100F700024FB03AB83E807006D10641C002DE3D154
:100F80004FF0010332466946B8F1000F03A802D0C2
:100F900000F0FEFA01E000F010FBC9E90001C9F819
:100FA00008200AB0BDE8F08744850000007B00F00F
:100FB00080007047004870478C0E00207546FFF790
:100FC000F9FFAE4605006946534620F00700854606
:100FD00018B020B5FFF748F9BDE820404FF00006F3
:100FE0004FF000074FF000084FF0000B21F0070111
:100FF000AC46ACE8C009ACE8C009ACE8C009ACE854
:10100000C0098D46704710B50446AFF300802046F6
:10101000BDE81040FFF714B94FF0013C50F8042B25
:1010200051F8043B9A4221D1A2EB0C03934313EAFB
:10103000CC1317D150F8042B51F8043B9A4215D128
:10104000A2EB0C03934313EACC130BD150F8042BFF
:1010500051F8043B9A4209D1A2EB0C03934313EAE3
:10106000CC13DBD04FF00000704700BFD01A01BA9C
:10107000B1FA81F101F0180122FA01F0CB40C1F17F
:101080002001DBB2C0B2C01A2CFA01F3D11A91438D
:1010900011EAC311E6D170475FEA400C08BF91F036
:1010A000000F4FEA8C234FEAC12243EA51514FEA25
:1010B0001C5018BF00F5F0404FEA300018BF41F057
:1010C00000415FEA6C5C00F02980BCF1FF3F08BF83
:1010D00040F080407047130C06BF12044FF0100C14
:1010E0004FF0000C130E04BF12020CF1080C130F8A
:1010F00004BF12010CF1040C930F04BF92000CF119
:10110000020CD30F04BF52000CF1010C11464FF03A
:101110000002A0F11F00A0EB0C00704711F0004F7F
:1011200008BF704731F000413FF4D5AF0B0C06BF4C
:1011300009044FF0100C4FF0000C0B0E04BF090215
:101140000CF1080C0B0F04BF09010CF1040C8B0F00
:1011500004BF89000CF1020CCB0F04BF49000CF155
:10116000010CCCF12003A0EB0C0022FA03F302FAED
:101170000CF241EA030100F10100704720F07F4CBE
:1011800080EA030023F07F47ACEB070303F57C53B1
:1011900000F0004003F1FF032DE980494FEA154BB1
:1011A00009B44FEA144325EA0B4E24EA03480FF230
:1011B000042606EB132749083E785FEA320203FB58
:1011C0000667C7F5000707FB06F64FEA54374FEAF4
:1011D000D64606F1020607FB066CCCF1005C4FEA2E
:1011E0001C472CEA074C07FB06F40CFB06F504EB46
:1011F00015464FEA961634BF00204FF000404FEAE4
:10120000D13706FB07FC4FEA1C4C0CFB0BF7D21B3B
:1012100003FB0CF761EB07010CFB0EF7B0EB07408B
:1012200072EB17420CFB08F734BFA2EB0742B2EB9C
:10123000074261EB17414FEA0C444FEA910706FB66
:1012400007FC4FEA1C4C0CFB0BF7B0EBC74072EBF2
:10125000573203FB0CF734BFA2EBC742B2EBC742D5
:1012600061EB57310CFB0EF7B0EBC70072EB577216
:101270000CFB08F734BFA2EBC702B2EBC70261EB6D
:101280005771039F4FEA816141EA921104EBCC044C
:101290004FEAD1374FEA826206FB07FC42EA90121E
:1012A0004FEA80604FEA1C4C0CFB0BF7D21B03FB90
:1012B0000CF761EB07010CFB0EF7B0EB074072EB8C
:1012C00017420CFB08F734BFA2EB0742B2EB074210
:1012D00061EB17414FEA8C554FEA910704EB9C24D0
:1012E00006FB07FC4FEA1C4C0CFB0BF7B0EBC740AE
:1012F00072EB573203FB0CF734BFA2EBC742B2EBE1
:10130000C74261EB57310CFB0EF7B0EBC70072EB35
:1013100057720CFB08F734BFA2EBC702B2EBC7024F
:1013200061EB577115EB4C254FEA816141EA92114F
:101330004FEA82624FEAD13742EA901206FB07FC7D
:1013400044F100044FEA80604FEA1C4C0CFB0BF7A1
:10135000D21B03FB0CF761EB07010CFB0EF7B0EBA4
:10136000074072EB17420CFB08F734BFA2EB0742B1
:10137000B2EB074261EB174115EB1C154FEA8131C7
:1013800041EA92414FEA823242EA90424FEA80308B
:101390004FEA0C7644F1000448EA03434EEA0B4856
:1013A0004FF0000EB2EB080C71EB030724BF62464E
:1013B00039464EEB0E0E4FF0000B001852414941DA
:1013C0004BEB0B0BB2EB080C71EB03077BF1000B43
:1013D00024BF624639464EEB0E0E4FF0000B00184C
:1013E000524149414BEB0B0BB2EB080C71EB03077D
:1013F0007BF1000B24BF624639464EEB0E0E51EADC
:10140000020718BF46F0010616EB0E7655F10002F2
:1014100054F1000103D5BDE88901BDE80088BDE8AD
:101420008901BDE80048B619524141EB0101A3F121
:101430000103704780807F7E7D7C7B7A7978777628
:1014400076757473727171706F6E6E6D6C6C6B6AA1
:101450006A6968686766666564646363626161603F
:10146000605F5F5E5E5D5D5C5C5B5B5A5A595958BC
:101470005857575656555555545453535252525126
:10148000515050504F4F4F4E4E4D4D4D4C4C4C4B7C
:101490004B4B4A4A4A4949494848484747474746C3
:1014A00046464545454444444443434343424242FF
:1014B00042414141002B9C4630D477002BD01CB5D3
:1014C0004FEA370703B44FF010004FF01001BAF1A4
:1014D000000F06D0BCF1000FDCBF40F0080040F068
:1014E00008014FF000000FBCBDE810400BF1010BEC
:1014F000BBF1010F08BF5FEA170722BF12F101021B
:1015000011F101014FF0004143F1000300F00040F0
:1015100043EA00007047F9D35708D0E746EA064689
:1015200013F1400F4FEA16461FDD13F1200FDFBF06
:1015300016430A46002120335B42BED0C3F1200788
:1015400046EA064602FA07F74FEA164646EA070653
:10155000C3F1200722FA03F201FA07F721FA03F197
:101560004FF0000342EA0702A7E746EA020646EA0E
:1015700006464FEA164646EA0106BCBF46EA06465C
:10158000360C4FF000034FF000024FF0000194E7DB
:101590002DE9804C9A46934670B491E8380007C80C
:1015A00031EA400C48BF34EA430C03D5FFF7E6FDAF
:1015B000FFF780FFF0BCBDE8008C2DE9804C9A4617
:1015C000934670B491E8380007C810F0804F08BF08
:1015D00013F0804F03D100F005F8FFF76BFFF0BC6C
:1015E000BDE8008C20F07F4780EA030023F07F4CA9
:1015F00007EB0C03A3F57C5300F00040A3F1FE03BE
:1016000092F0000F00F0B38095F0000F00F07780AB
:101610002DE901494FEA11404FEA144621EA0048FA
:1016200000FB06FC24EA064708FB06F607FB08F861
:1016300000FB07F718EB06484CEB164C4FEA124B31
:1016400018EB07484FEA15464CEB174022EA0B4EC1
:101650000BFB06FC25EA06470EFB06F607FB0EFE13
:101660000BFB07F71EEB064E4CEB164C4FF000063B
:101670001EEB074E4CEB174B18EB0B0840F100002C
:1016800018EB0E0B58EB000840F100008F1A4FF0DA
:1016900000013CBFC943661B14BFB5EB040C00211D
:1016A0003CBFC943F61B4FEA17444EEA8E0E27EAA9
:1016B00004454FEA1C4704FB07622CEA074C05FB74
:1016C00007F70CFB05F604FB0CFC16EB074642EB98
:1016D000174216EB0C4642EB1C421BEB060658EB7E
:1016E0000202414146EA9E0601D5BDE80189B619CC
:1016F000524141EB0101A3F10103BDE801894FEA29
:1017000014454FEA114724EA054621EA074C05FB38
:1017100007F406FB07F70CFB06F105FB0CFC11EBCD
:10172000074144EB17444FEA124711EB0C4144EBDD
:101730001C4422EA074C05FB07F206FB07F70CFBEB
:1017400006F605FB0CFC16EB074642EB174216EBC0
:101750000C4642EB1C456A1854F1000148BF704723
:10176000B619524141EB0101A3F10103704795F015
:10177000000F37D04FEA11424FEA144721EA0246E0
:1017800024EA074C02FB07F106FB07F70CFB06F403
:1017900002FB0CFC14EB074441EB17414FEA1547E1
:1017A00014EB0C4441EB1C4125EA074C02FB07F506
:1017B00006FB07F70CFB06F602FB0CFC16EB0746D4
:1017C00045EB174516EB0C4645EB1C42121951F13F
:1017D000000148BF7047B619524141EB0101A3F126
:1017E000010370474FEA14454FEA114724EA0546C2
:1017F00021EA074C05FB07F106FB07F70CFB06F295
:101800004FF0000605FB0CFC12EB074241EB1741C1
:1018100012EB0C4251EB1C4148BF7047921841EB50
:101820000101A3F1010370472DE9F04104460E4682
:101830000025006802F0AAFF0746206802F09EFF1C
:10184000074357D02068C168890111D5617E0129FD
:101850000ED1217E01290BD10126274902E08D42BC
:1018600039D26D1C0268D2435206F8D4402101607F
:10187000224D022E0FD0206802F088FF48B1206868
:101880008168C1F3400121B98168294041F010010C
:101890008160012E0DD0206802F070FF48B12068F1
:1018A0008168C1F3400121B98168294041F02001DC
:1018B0008160022E08D0032E04D0042501F0CEFA58
:1018C000064613E00C25F9E70825F7E701F0C6FA0C
:1018D000801B05280AD9606D40F010006065A06D7E
:1018E00040F00100A0650120BDE8F081206880681B
:1018F0002842EBD10020F7E7000040A3C0FFFF7FA4
:1019000010B5846A616D11F0500F06D0616DC90683
:1019100025D5204600F07DFD10BD606D40F40070BF
:10192000606520680168090716D502F033FF78B1B9
:101930002068C068800400280ADB606D20F4807095
:101940006065606DC00403D4606D40F001006065A7
:10195000204600F045FD10BDC0688007EBE7E16C54
:10196000496BBDE81040084710B5806A416D41F0F1
:1019700040014165816D41F00401816500F049FD40
:1019800010BD10B5806A00F043FD10BD70B504466F
:1019900000688168C1F3400502F0F4FE28B325BB5E
:1019A0002068816801F00D01012910D18168104A79
:1019B0001140891C816021680320086001F04EFA03
:1019C00005460EE001F04AFA401B022809D9606D75
:1019D00040F010006065A06D40F00100A06501209E
:1019E00070BD20688068C007ECD1002070BD000089
:1019F000C0FFFF7F70B50446006802F0C3FE48BB1D
:101A000020688168144A114215D18168D64331405B
:101A1000491C816001F022FA054616E002F0B2FE90
:101A200020B9206881683140491C816001F016FAB4
:101A3000401B022809D9606D40F010006065A06D60
:101A400040F00100A065012070BD20680168C94315
:101A5000C907E3D1002070BD3F000080FEE7F0B56C
:101A6000002380254FF6FF7405EA102601F0800759
:101A7000BE4204EA400000D0504049065B1C090EFB
:101A8000DBB2082BF0D3F0BD014800F051BF0000DD
:101A9000AC0B0020014800F04BBF0000580C0020A8
:101AA000014800F045BF0000A00C002030B590F8C0
:101AB000444004F01C050124AC40056C6C600468D3
:101AC00063608368102B036803D099600068C2606C
:101AD00030BD9A600068C16030BD000006484FF418
:101AE000806101600121416081600221C160014685
:101AF000024801F0BFB80000E80C002000040048D4
:101B000010B52DED028B00F0D5F800F051F8CC2087
:101B100000F002F9442000F0FFF8502006F052FADD
:101B200000F0C8F800F044F8CC2000F0F5F8BE2032
:101B300000F0F2F800F078F8044600F075F80002C2
:101B400001B29FED0A8B51EA040001D5C043401C4D
:101B500006F059FE53EC182B06F0BCFE06F0E0FB35
:101B6000BDEC028B00EE100A10BD0000000000006A
:101B70000000B03F10B5FFF7B1FF00F09BF8BDE8E3
:101B8000104000F015B800000249002048600248EB
:101B900001F070B8E80C0020000400480249012060
:101BA0004860024801F066B8E80C002000040048D4
:101BB00070B50024FFF7E8FF4FF48065124E04E093
:101BC000641CE4B2012006F0FDF92946304600F01D
:101BD00043F910B1642CF3D30FE0642C0DD2002430
:101BE00004E0641CE4B2012006F0ECF9294630461A
:101BF00000F032F918B1F02C04D3012070BDF02CA4
:101C0000EFD3FAE7002070BD0004004870B5054628
:101C1000332000F081F8002400F006F82855641CF9
:101C2000E4B2082CF8D370BD2DE9F041002634460B
:101C30004FF48067DFF84880FFF7B0FF0022394695
:101C40004546404601F004F90A2006F0BBF9FFF7CB
:101C50009BFF3946284600F0FFF801280DD00025EB
:101C60002D2006F0AFF9A5403543641CE4B2EEB276
:101C7000082CE1D33046BDE8F0810125F0E70000F3
:101C80000004004870B500F015F8FFF791FFCC2074
:101C900000F042F8BE2000F03FF80024044DFFF7AA
:101CA000C3FF2855641CE4B2082CF8D3004870BD6B
:101CB0005500002070B5FFF771FF0B4D4FF48064A5
:101CC00000222146284601F0C3F840F2EE2006F03B
:101CD00079F901222146284601F0BAF8BDE87040A2
:101CE0000F2006F06FB900000004004810B5FFF7A0
:101CF000E1FFFFF75DFFCC2000F00EF84E2000F072
:101D00000BF8782000F008F8002000F005F8BDE896
:101D100010401F20AFF300802DE9F0410546FFF78A
:101D20003DFF164E00244FF4806715F0010F4FEA77
:101D300055054FF00002394630460BD001F088F8C7
:101D4000082006F03FF901223946304601F080F8BC
:101D50003A200AE001F07CF8462006F033F901222F
:101D60003946304601F074F8022006F02BF9641C65
:101D7000E4B2082CD9D3BDE8F0810000000400488B
:101D8000704772B6FEE70000F0B5304887B0C16C0E
:101D900041F00101C164C16C01F001010591C16C08
:101DA00041F00201C164C16C01F002010591C16CF6
:101DB00041F00401C164C16C01F004010591C16CE2
:101DC00041F00801C164C16C01F008010591C16CCA
:101DD00041F08001C164C06C012500F080000590D5
:101DE00049F6F87000900024CDE9015469464FF09F
:101DF0009040039400F03EFF03260096144FCDE977
:101E0000014569463846039400F034FF40F6FC7003
:101E10000090CDE9015469463846039400F02AFF4A
:101E20002803CDE90005CDE902466946384600F0B1
:101E300021FF43F6FF700090CDE901546946054843
:101E4000039400F017FF07B0F0BD0000001002403F
:101E500000040048000800480246002012690A42B7
:101E600000D001207047000070B504F0A5FA00F022
:101E7000F5FF084C0546207838B900F0EFFF401B0D
:101E80003228F8D32078002803D002F079FE002011
:101E9000207070BD5400002010B502F0B9FC11484C
:101EA0001149002280ED040ACA660A6710EE100A82
:101EB0004A6707F05FF841EC100B0B4853EC102B0E
:101EC0000AA16C30FEF766FA07496C3101F10C008B
:101ED000FEF717FC0448BDE8104006A17830FEF775
:101EE00010BC00000000002010090020252E3066E4
:101EF000000000002C00000010B5FFF701FE1148A3
:101F00001149002280ED030ACA660A6710EE100A22
:101F10004A6707F02FF841EC100B0B4853EC102BDD
:101F20000AA16C30FEF736FA07496C3101F10C005A
:101F3000FEF7E7FB0448BDE8104006A17830FEF745
:101F4000E0BB00000000002010090020252E3066B4
:101F5000000000000D0A0000F8B5002504460095B9
:101F600090F850000E4601280BD0012084F8500054
:101F70002046FFF70BFD0200606D04D040F010001A
:101F80002CE00220F8BD20F4885040F0020060658B
:101F90002068816821F08041314381602068816838
:101FA00041F0004181604FF4912320680EE00099D8
:101FB000491C0091994209D3606D20F0020040F065
:101FC0001000606584F850500120F8BD8168C90F89
:101FD000EDD1606D20F0020040F00100606584F8F2
:101FE00050501046F8BD00002DE9F84F0027044678
:101FF000009790F85000DFF8B0930D46B8460128DE
:1020000010D0012684F85060206802F0BFFB58B160
:10201000606D40F020006065012784F850803846EC
:1020200000F0DAB90220FBE768680C23052812D813
:10203000022807D0032807D0042807D0052807D096
:10204000062007E06B6006E0122003E0182001E0A4
:102050004FF480706860D5E9002103EA911320688D
:1020600001F01F0118444FF01F0C0CFA01FC036B28
:10207000C2F3846223EA0C038A401343036320689B
:1020800002F084FB8246206802F078FB5AEA0001E5
:102090001DD1AA682968206802F084FB20686A695B
:1020A000C168C1F3C10149008A40296904290FD0E0
:1020B00000EB81002B68DFF8F4C2016E03F0F843F7
:1020C00001EA0C011343194341F00041016672E03B
:1020D000002102F04DFB400320684FF0000171D059
:1020E00002F046FB90FAA0F0B0FA80F128684203B3
:1020F0006DD090FAA0F0B0FA80F0814204D10022B5
:102100001146206802F05DFB0121206802F030FBDF
:10211000400320684FF001015CD002F029FB90FAE7
:10212000A0F0B0FA80F12868420358D090FAA0F0ED
:10213000B0FA80F0814204D100220121206802F02F
:1021400040FB0221206802F013FB400320684FF09F
:10215000020147D002F00CFB90FAA0F0B0FA80F137
:102160002868420343D090FAA0F0B0FA80F0814290
:1021700004D100220221206802F023FB0321206801
:1021800002F0F6FA400320684FF0030132D002F06B
:10219000EFFA90FAA0F0B0FA80F1286842032ED04E
:1021A00090FAA0F0B0FA80F0814204D1002203211D
:1021B000206802F006FB206802F0E4FA10B3AAE0FF
:1021C00000E004E002F0D4FAC0F384618EE7C0F3CB
:1021D000846092E702F0CCFAC0F38461A3E7C0F315
:1021E0008460A7E702F0C4FAC0F38461B8E7C0F3E3
:1021F0008460BCE702F0BCFAC0F38461CDE7C0F3B1
:102200008460D1E721682A7B286851F8B03FC0F389
:10221000120C23EA0C0302F0180C654A22FA0CF2A5
:10222000024013430B60E968494574D128684103B3
:102230001AD090FAA0F1B1FA81F1491C01F01F0106
:1022400009294FEA403130D8002910D090FAA0F186
:10225000B1FA81F101F1010101F01F0106FA01F665
:1022600008D1C0F3846109E0C0F38461E5E7C0F3FD
:102270008461EFE790FAA0F1B1FA81F101F1010177
:1022800001F01F0146EA816102D1C0F3846003E0DE
:1022900090FAA0F0B0FA80F000F1010000F01F0009
:1022A00000EB400041EA005131E000290DD090FAE6
:1022B000A0F1B1FA81F101F1010101F01F0106FA6B
:1022C00001F605D1C0F3846106E0C0F38461F2E752
:1022D00090FAA0F1B1FA81F101F1010101F01F01C1
:1022E00046EA816102D1C0F3846003E090FAA0F075
:1022F000B0FA80F000F1010000F01F002D4A00EB61
:10230000400002EB005041EA000141F00071AA6870
:10231000206802F047FA2848296801423FF47DAE60
:10232000264A9068264E274B274D00F0E070B142B8
:102330001CD106021AD42168994202D0A9427FF426
:102340006CAE916840F4000021F0E07101439160AF
:102350001E481F490068B0FBF1F000EB4000800010
:1023600000E0401E00900028FBD156E6194EB14215
:1023700009D1C60107D42168994201D0A942F4D1FC
:1023800040F080700AE06FF00045E942EDD1410273
:10239000EBD421689942E8D140F48000916821F0A3
:1023A000E0710143916038E600007F4000F0FF03D8
:1023B000FFFF0700000020FE00000880000304501B
:1023C000000052C7000004500002045030000020FA
:1023D000400D0300000084CB18BCBDE8E08F000076
:1023E00010B500680649884208D1064801F0C8FDCA
:1023F000054800F0CEF905490120087010BD000025
:1024000000000450FC0C0020480B00205400002069
:1024100070477047F8B54FF0000504002E46009550
:1024200002D0606D10B107E00120F8BD204600F039
:10243000D3F8A66584F8506020688168C1F34071C4
:1024400019B181685A4A1140816020688168C1F3DE
:10245000007179B98168574A114041F0805181601B
:10246000554856490068B0FBF1F000E0401E00906E
:102470000028FBD120688168C1F3007141B9616D0A
:1024800041F010016165A16D41F00101A1650125D7
:1024900002F07CF9616DC90600D430B1606D40F086
:1024A0001000606501252846F8BD606D20F480703D
:1024B00040F002006065206802F064F9A8B9404865
:1024C00080684049C0F300008968C1F300010843F7
:1024D0003D498968C1F30001084306D13B49606862
:1024E0008A6822F47C1202438A60E168606B627E33
:1024F0000843A16841EA4231084394F8201040EAB9
:102500000140012904D1A18C314A02EB4141084329
:10251000A16A29B101F47071E26A014342EA010043
:102520002168CA682B4B1A400243CA60206802F037
:102530002DF90646206802F021F9064315D1207EC8
:1025400094F83010800340EA41012068C26844F2E8
:1025500002039A430A43C26094F8380001280CD061
:102560002068016921F001010161206901282068CA
:10257000016B21F00F0110D012E0D4E90F100143DC
:10258000D4E91102104301432068026940F2FC7350
:102590009A43114341F00101E6E7E269521E1143FB
:1025A0000163606D20F0020040F0010060657AE791
:1025B000C0FFFF5FC0FFFF7F30000020400D030021
:1025C00000000450000104500002045000030450B5
:1025D0000000FEFF07C0F0FF70B5A8B006464FF43C
:1025E000804000904FF040501E90684600F004FD7F
:1025F0001949C86C40F40050C864C86C00F400501D
:102600002790C86C40F00100C864C86C002500F039
:1026100001002790032022900B20CDE9230522A959
:102620004FF0904000F026FB0D4C0C48C4E900052B
:102630008020A560C4E90350400060618000C4E9C7
:1026400006052046256200F0D1F908B1FFF799FB95
:10265000F464A66228B070BD001002400800024079
:10266000AC0B00202DE9F04104463348174688465C
:10267000806800F01F05206802F088F8002859D112
:1026800094F85000012855D0012084F8500000260D
:1026900025B1052D02D0092D00D003E02046FFF71B
:1026A000A9F918B184F85060BDE8F081606D40F67A
:1026B0000161884340F48070606520492068884249
:1026C00001D11F4900E00146814200D01DB9606D73
:1026D00020F480106065606DC00404D5A06D20F00A
:1026E0000600A06500E0A665E16C1648C862E16CD2
:1026F00015480863E16C1548486321681C20086090
:1027000084F850602068416841F010014160206801
:10271000C16841F00101C16021683B464246403139
:10272000E06C00F0D3F921688A68094B1A40121D49
:102730008A60B9E70220B7E70003045000010450A3
:1027400000000450011900088319000869190008E5
:10275000C0FFFF7F10B5044690F85000012808D054
:10276000012084F8500003212046FFF75DF810B1E6
:102770000BE0022010BD2046FFF708F928B9616D73
:1027800021F4885141F001016165002184F8501065
:1027900010BD70B5044690F85000012809D0012002
:1027A00084F8500003212046FFF73EF8050002D0D0
:1027B00027E0022070BD2068C16821F00101C160DE
:1027C000E06C90F82510022907D100F01FF80500F1
:1027D00003D0606D40F0400060652068416821F0E2
:1027E00010014160204615B1FFF7D0F809E0FFF76E
:1027F000CDF8050005D1606D20F4885040F001004F
:102800006065002084F85000284670BDC8B101689A
:102810000A6822F00E020A6001680A6822F00102CA
:102820000A6090F84410012301F01C0203FA02F13F
:10283000026C516080F82530002180F82410084691
:1028400070470120704710B590F825100024022928
:1028500003D00421C16301241AE001680A6822F050
:102860000E020A6001680A6822F001020A6090F80C
:102870004410012301F01C0203FA02F1026C5160C2
:1028800080F82530002180F82410816B01B1884741
:10289000204610BD30B590B101680A6822F00102EF
:1028A0000A60204C026814211F4BA24209D21F4C1F
:1028B0001444B4FBF1F18900C0E910310BE00120B0
:1028C00030BD184C64421444B4FBF1F189004164FA
:1028D0001449083901640021116090F8442002F085
:1028E0001C040122A240046C6260046C0F229C4212
:1028F00002D153F8A84F02E00A4BA0331C6890F8AD
:10290000445005F01C05AA4094431C60C162016359
:1029100041638163C16380F8251080F82410002092
:1029200030BD00000804024000000240F8FFFDBF77
:10293000F0B4016C0B6801680A6890F84440042503
:1029400004F01C0405FA04F61E4211D056070FD5F8
:102950000A68920603D40A6822F004020A6090F81A
:10296000441001F01C018D40016C4D60016B1DE0B5
:10297000022606FA04F71F424FF0000C4FF0010543
:1029800018D0970716D50A68920605D40A6822F06F
:102990000A020A6080F8255090F8441001F01C01EA
:1029A0008E40016C4E6080F824C0C16A00291AD0A4
:1029B000F0BC08470826A6401E4214D0120712D5C4
:1029C0000A6822F00E020A6090F84410026C01F0CE
:1029D0001C0105FA01F15160C56380F8255080F8AB
:1029E00024C0416BE2E7F0BC7047000070B568B1ED
:1029F000334C01681423334AA14209D2324C0C44AF
:102A0000B4FBF3F39B00C0E910230BE0012070BD81
:102A10002B4C64420C44B4FBF3F39B004364284BFF
:102A2000083B0364022380F825300C6847F6F073F6
:102A30009C43D0E902352B43D0E9045635432B4360
:102A400085692B43C5692B43056A2B4323430B60E0
:102A50008168B1F5804F29D0016C0F23914212D1CA
:102A600052F8A81F90F8444004F01C04A340994376
:102A7000116090F84430416803F01C0399401368DA
:102A80001943116012E00E49A0310A6890F84440E1
:102A900004F01C04A3409A430A6090F84430426852
:102AA00003F01C039A400B681A430A600021C163BB
:102AB000012280F8252080F82410084670BD00000F
:102AC0000804024000000240F8FFFDBF70B5044654
:102AD00090F82400002501280CD0012084F824005F
:102AE00094F825600020012E06D084F824000225E9
:102AF000284670BD022070BD022684F82560E06380
:102B00002068066826F0010606602046FEF7CEFF24
:102B1000206B00282068016802D041F00E0106E019
:102B200021F0040101602068016841F00A010160A0
:102B30002068016841F001010160D9E770B50446E1
:102B400000F08CF90546601C00D0641C00F086F98A
:102B5000401BA042FAD370BD2DE9F04F00224FF088
:102B6000010A4FF00F08DFF8E4B069E00AFA02F456
:102B700014EA010363D0066857000325BD402E43C5
:102B80000660D60800EB8606D6F820C057074FEA45
:102B9000D76908FA09F72CEA070CC6F820C086683E
:102BA000AE4386604668A6434660C668AE43C660CC
:102BB000C56AA543C56222F003055D44AC6896076B
:102BC000370F08FA07F606EA040CB0F1904F04D06C
:102BD0001F4CA04203D101241BE0002419E01D4C2E
:102BE000A04201D1022414E01B4CA04201D10324D5
:102BF0000FE01A4CA04201D104240AE0184CA04274
:102C000001D1052405E0174CA04201D1062400E0C3
:102C10000724BC40644512D1AC68B443AC60124C8C
:102C200025689D432560241D25689D432560241D3E
:102C300025689D432560241D25689D432560521C01
:102C400031FA02F392D100F011B800000000014007
:102C50000004004800080048000C0048001000482C
:102C600000140048001800480004014030BCBDE8D2
:102C7000C08F00002DE9F84FDFF8A091002209F184
:102C8000040A0AF1040B4FF00F080BF1040EBEE02A
:102C900001249440234075D04D68022D01D0122D9F
:102CA00011D1D50800EB85073E6A5507ED0E08FAED
:102CB00005FC26EA0C06D1F810C00CFA05FC4CEA1B
:102CC000060CC7F820C007685500032691F804C019
:102CD000AE400CF0030CB7430CFA05FC4CEA070CB1
:102CE000C0F800C04F68012F05D0022F03D0112F6C
:102CF00001D0122F15D18768D1F80CC0B7430CFA58
:102D000005FC4CEA070CC0F808C0476891F804C0FD
:102D1000A743CCF3001C0CFA02FC4CEA070CC0F8E9
:102D200004C0D1F804C06FEA0C07BF0706D1C76A18
:102D3000A743CCF3C00494403C43C462C468B4438A
:102D40008E68AE402643C6604C68E4005ED5344CC5
:102D5000256E45F001052566246E22F0030504F07A
:102D6000010400942F4C2E19B7689407250F08FA18
:102D700005F4A743B0F1904F05D02B4CA04204D1ED
:102D800001241CE042E0002419E0284CA04201D1BB
:102D9000022414E0264CA04201D103240FE0254C6C
:102DA000A04201D104240AE0234CA04201D1052411
:102DB00005E0224CA04201D1062400E00724AC40EB
:102DC0003C43B460D9F800404D464E689C43F6033E
:102DD00000D51C432C60DAF8004055464E689C43F1
:102DE000B60300D51C432C60DBF800405D464E68FE
:102DF0009C43F60200D51C432C60DEF8004075466B
:102E00004E689C43B60200D51C432C60521C0B68D4
:102E100033FA02F47FF43CAF00F012B80004014032
:102E20000010024000000140000400480008004873
:102E3000000C00480010004800140048001800482A
:102E400018BCBDE8E08F0069084000D00120704741
:102E50000AB18161704781627047000001480068D3
:102E6000704700003400002002480168491C0160DE
:102E7000704700003400002038B50024052000F021
:102E80006DF8002000F01AF808B1012412E00A4998
:102E9000086E40F001000866086E00F00100009026
:102EA000886D40F080508865886D00F080500090FB
:102EB00000F01CF8204638BD0010024070B50546F1
:102EC00009484FF47A7100240068B0FBF1F000F07B
:102ED000B3FF08B1012404E000222946501E00F08F
:102EE0001DF8204670BD000030000020704700F043
:102EF0001F02012191404009800000F1E020C0F84C
:102F00008011704700F01F020121914040098000AC
:102F100000F1E020C0F8001170470000F0B40E4B43
:102F20001B68C3F30223C3F10704042C00D9042453
:102F30001D1D072D01D2002300E0DB1E012606FA2D
:102F400004F56D1E0D409D409E40761E164045EADC
:102F50000601F0BC01F07ABD0CED00E0064A00F07D
:102F6000070110684FF6FF03184040EA01200349AB
:102F700008431060704700000CED00E00000FA0507
:102F80001649B0F5007F0868C0F3412009D0022837
:102F900005D0086820F4C06040F48060086000201C
:102FA00070470128FBD0086820F4C06040F400702E
:102FB00008600B483222006850430A4AB0FBF2F026
:102FC000401C00E0401E4A69520501D50028F9D195
:102FD00048694005E3D503207047000000700040B9
:102FE0003000002040420F000248006800F4C0603A
:102FF00070470000007000402DE9F84F044600259E
:103000000088E44E2F46010504F1200B1DD5606EAB
:1030100078B1B0F5800F11D0B0F5000F04D0B0F545
:10302000400F22D001250FE0F06840F48030F060BE
:103030001BE00021201D01F0C7FD03E000215846E0
:1030400001F058FE050010D02F462088C00426D578
:10305000A06EC0B1B0F1807F1AD0B0F1007F0DD06A
:10306000B0F1407F19D0012518E0D6F88800616ED4
:1030700020F440000843C6F88800E6E7F06840F412
:103080008030F06009E00021201D01F09DFD03E08B
:103090000021584601F02EFE0546F5B12F46206866
:1030A000800366D5B06D4FF00009C00009D4B06D43
:1030B00040F08050B065B06D4FF0010900F08050D5
:1030C0000090DFF8D4A2DAF8001041F48071CAF859
:1030D0000010FFF7C3FE804610E0D6F88800A16E0E
:1030E00020F040700843C6F88800D8E7FFF7B6FE26
:1030F000A0EB0800022801D9032532E0DAF800002D
:10310000C005F3D56DBBD6F8900010F4407015D013
:10311000D4F88410814211D0D6F89000D6F89010DF
:1031200020F4407041F48031C6F89010D6F8901029
:1031300021F48031C6F89010C6F89000C0074ED038
:10314000FFF78CFE804641F2883A05E0FFF786FEE5
:10315000A0EB08015145CFD8D6F890008007F5D5EF
:10316000EDB32F46B9F1000F03D0B06D20F08050C1
:10317000B0652078C00707D0D6F88800A16B20F092
:1031800003000843C6F888002078800707D5D6F8E2
:103190008800E16B20F00C000843C6F88800207816
:1031A000400707D5D6F88800216C20F0300008438E
:1031B000C6F888002078000707D5D6F88800616C2B
:1031C00020F0C0000843C6F888002078C00609D562
:1031D000D6F88800A16C20F44070084300E05AE063
:1031E000C6F888002078800607D5D6F88800E16CFC
:1031F00020F440600843C6F888002088800507D581
:10320000D6F88800E16D20F440200843C6F8880015
:103210002088400507D5D6F88800216E20F440109C
:103220000843C6F888002078400607D5D6F88800FD
:10323000216D20F440500843C6F88800207800062D
:1032400007D5D6F88800616D20F440400843C6F8E1
:1032500088002088C00507D5D6F88800A16D20F425
:1032600040300843C6F8880020884FF0006580048D
:103270004FF0806821D5D6F88800E16E20F04060DC
:103280000843C6F88800E06EA8420ED1F06840F40A
:103290008010F06011E0D6F89000D4F8841020F48B
:1032A00040700843C6F890005CE7404505D1012115
:1032B000201D01F089FC00B107462068000317D5E6
:1032C000D6F88800216F20F040600843C6F88800D7
:1032D000206FA84204D1F06840F48010F06007E04D
:1032E000404505D10121201D01F06EFC00B10746CB
:1032F0002068400317D5D6F88800616F20F0406041
:103300000843C6F88800606FA84204D1F06840F412
:103310008010F06007E0404505D10121201D01F03B
:1033200053FC00B10746208840041AD5D6F888001F
:10333000A16F20F040500843C6F88800A06FB0F19C
:10334000805F03D0B0F1005F05D00AE00221201DAC
:1033500001F03AFC03E00221584601F0CBFC00B139
:1033600007462088000407D5D6F88800E16F20F0D2
:1033700080400843C6F888002068C00307D556F887
:10338000880FD4F8801020F00040084330603846A1
:1033900000F004B8001002400070004018BCBDE806
:1033A000E08F00002DE9F0470D4604005ED0DFF805
:1033B0000881D8F8000000F00700A8420CD2D8F825
:1033C000001021F007012943C8F80010D8F80000C8
:1033D00000F00700A84249D12078384EC0072BD012
:1033E0006068032811D0022812D0316898B14905CD
:1033F00000293BDAB16821F003010143B160FFF716
:103400002DFD074641F288390FE031688901EFE769
:1034100031688903ECE78907EAE7FFF71FFDC11B65
:10342000494502D90320BDE8F087B068616800F023
:103430000C00B0EB810FF0D12078800705D5B06883
:10344000A16820F0F0000843B060D8F800104046B2
:1034500001F00701A9420BD9016821F007012943B6
:103460000160006800F00700A84201D00120DAE7FF
:103470002078400705D5B068E16820F4E060084393
:10348000B0602078000706D5B068216920F460504C
:1034900040EAC100B06000F03BF8B168084AC1F3EF
:1034A0000311515C01F01F01C84006490860BDE8E6
:1034B000F0470020FFF702BD00200240001002404C
:1034C00068910008300000200548064900688968B6
:1034D000054AC1F30221515C01F01F01C840704749
:1034E0003000002000100240A8910008054806495D
:1034F00000688968054AC1F3C221515C01F01F01CF
:10350000C84070473000002000100240A891000819
:1035100070B5264B002210469968DC6811F00C014A
:1035200004F00306224C4FEA640508D00C2904D0AD
:10353000042925D0082925D010E0012E10D11A68C1
:10354000120704D4D3F89420C2F3032202E01A68CD
:10355000C2F30312174E56F8222079B10C290ED16E
:10356000D86800F00301D868C0F30210401C02299B
:103570000AD003290BD0B2FBF0F00AE0104670BD70
:10358000204670BD284670BDB4FBF0F001E0B5FBED
:10359000F0F0D968C1F306214843D968C1F341610D
:1035A000491C4900B0FBF1F070BD00000010024062
:1035B0000024F400789100082DE9F84304007CD041
:1035C000FA4DA86800F00C06E86800F003072078C0
:1035D000C00662D576B10C2E01D1012F0AD0A069A8
:1035E0000028286878D040F001002860FFF736FCFA
:1035F000804659E02868800702D5A0690028DED0FF
:10360000216A2868000703D5286800F0F00004E06C
:10361000D5F89400F02202EA1010814216D908462B
:1036200001F0EEFB002848D1286840F0080028602F
:103630002868216A20F0F000084328606868E16982
:1036400020F47F4040EA0120686015E0286840F0DF
:10365000080028602868216A20F0F00008432860EC
:103660006868E16920F47F4040EA01206860206AD0
:1036700001F0C6FB0028D6D1FFF74AFFA968CC4A63
:10368000C1F30311515C01F01F01C840C949086032
:103690000020FFF713FC00287ED12DE0FFF7DEFBB2
:1036A000A0EB0800022878D828688007F6D528689B
:1036B00040F008002860286801E0B8E00CE0216ACA
:1036C00020F0F000084328606868E16920F47F403A
:1036D00040EA012068600FE020F001002860FFF759
:1036E000BDFB804605E0FFF7B9FBA0EB0800022810
:1036F000D9D828688007F6D42078C00740D0082E93
:1037000018D00C2E01D1032F14D06068B0F5803F83
:1037100017D0B0F5A02F286817D020F4803028608B
:10372000286820F4802028606068E0B1FFF796FBED
:10373000804614E02868800322D56068002876D08F
:103740001EE0286840F48030EDE740F480202860D7
:10375000F7E7FFF783FBA0EB08006428A3D82868ED
:103760008003F6D50CE0FFF779FB804605E0FFF714
:1037700075FBA0EB0800642895D828688003F6D470
:103780002078800739D5042E11D00C2E01D1022FBC
:103790000DD0E068002801E02DE19BE028681DD0F5
:1037A00040F480702860FFF759FB07460BE028685B
:1037B00040050BD5E0680028C1D007E0FFF74EFBBD
:1037C000C01B022894D828684005F7D56868217C7A
:1037D00020F0F85040EA016068600EE020F480704C
:1037E0002860FFF73BFB074604E0FFF737FBC01BF1
:1037F00002286FD828684005F7D42078000728D51C
:1038000060690028D5F8940012D040F00100C5F896
:103810009400FFF723FB074604E0FFF71FFBC01BE4
:10382000022857D8D5F894008007F6D511E0E9E0D2
:1038300020F00100C5F89400FFF710FB074604E0F4
:10384000FFF70CFBC01B022844D8D5F89400800772
:10385000F6D42078400766D5A86D4FF00008C00068
:1038600009D4A86D40F08050A865A86D4FF00108FC
:1038700000F08050009050480168C90511D40168DB
:10388000814641F480710160FFF7E8FA074604E0E1
:10389000FFF7E4FAC01B02281CD8D9F80000C005C5
:1038A000F6D5A068012816D00528D5F8900017D0C5
:1038B00020F00100C5F89000D5F8900020F0040039
:1038C000C5F89000A06841F28839C0B1FFF7C6FA88
:1038D00007460FE069E0D5F8900040F00100EFE7FF
:1038E00040F00400C5F89000F5E7FFF7B7FAC11BF8
:1038F00049457FD8D5F890008007F6D50CE0FFF752
:10390000ADFA074604E0FFF7A9FAC11B494571D893
:10391000D5F890008007F6D4B8F1000F03D0A86D59
:1039200020F08050A865A06AF0B30C2E6AD002285F
:10393000286820F08070286004D0286810F0205F8C
:1039400047D04AE0FFF78AFA064604E0FFF786FA16
:10395000801B02284ED828688001F7D4206BE16ACA
:10396000000110380843616BA26B0902120941EA99
:1039700042410843A18F114A490802EB41510843D3
:1039800094F840104908120102EB41610843E860D5
:10399000286840F080702860E86840F08070E86037
:1039A000FFF75CFA044610E02AE023E00010024032
:1039B0006891000830000020007000400000E0FF27
:1039C000FFF74CFA001B022814D828688001F7D5AD
:1039D00016E0E86820F00300E860E8680A4908405B
:1039E000E860FFF73BFA044607E0FFF737FA001BF1
:1039F000022802D90320BDE8F88328688001F4D4A6
:103A00000020F8E70120F6E7FFFFEEFE2DE9F04188
:103A1000040005D00025A56294F85D0018B107E008
:103A20000120BDE8F08184F85C50204600F066F883
:103A3000022684F85D602068016821F04001016081
:103A4000E0684FF4E062904201D9002101E04FF4B8
:103A50008051B0F5706F02D0904200D0A562276B04
:103A6000012327B9904201D9266300E02363D4E9FA
:103A700001021043D4E9042632431043228B02F49E
:103A800000721043E2691043226A1043A26A104395
:103A900022681060626B606AA66910430427E268BE
:103AA00007EA1646324310430843216848602566FA
:103AB00084F85D300020B4E710B5044600680C4976
:103AC000884214D10B48816D21F4804181654FF407
:103AD00060410948FFF740F8A06DFEF7DBFE606D1E
:103AE000FEF7D8FEBDE810402420FFF700BA10BD55
:103AF0000038004000100240000400482DE9F04169
:103B000086B0054614216846FCF74CFE2848C16C77
:103B100041F00201C164C16C01F002010591816DA7
:103B200041F480418165806D002600F4804005905D
:103B30004FF4604000900220CDE90106032003907D
:103B40000520049069461B48FFF794F81B4C1A485F
:103B500001272060C4E901764FF08008C4E90368BA
:103B600066617803A661C4E907602046FEF73EFF60
:103B700008B172B6FEE7AC65A562104C0E48483439
:103B80001430E4E802071020A4E84101000244F8E0
:103B90001469A661C4E9076008484830FEF726FFAB
:103BA00008B172B6FEE76C65A56206B0BDE8F081AB
:103BB000001002400004004844000240580C00205D
:103BC0002DE9F05F044690F85C0001250A9E1F462F
:103BD00092468B464FF0000801280ED0012084F851
:103BE0005C00FFF73BF9814694F85D0061680128AD
:103BF0000CD0B1F5827F07D102E0022000F00DB9B0
:103C0000A16809B9042801D0022004E1BBF1000F2A
:103C100024D0BAF1000F21D007B394F85D00042836
:103C200002D0052084F85D0000202066C4F840A082
:103C3000A4F84670A4F84470C4F838B0E787A787A2
:103C4000E0642065E0684FF4E061884201D8012F0C
:103C500006D92068426822F4805205E00120DAE0AB
:103C60002068426842F4805242602068026852062E
:103C700003D4026842F040020260E0688842606853
:103C800042D908B1012F37D1A06B21680088C860E4
:103C9000A06B801CA063E08F401EE0872CE02068B2
:103CA000816889070DD5E18F59B1012D09D1A16B2B
:103CB0000988C160A06B801CA063E08F401EE08774
:103CC000002520688168C9070ED0B4F8461059B1A4
:103CD000C068216C0880206C801C2064B4F8460009
:103CE000401EA4F846000125FFF7B8F8A0EB090034
:103CF000B04201D3701C72D1E08F0028CFD1B4F84C
:103D000046000028CBD173E008B1012F69D1E08FC4
:103D10000128A06B08D921680088C860A06B801CAE
:103D2000A063E08F801E07E0216800780873A06B15
:103D3000401CA063E08F401EE08752E0206881684D
:103D4000890718D5E18FB1B1012D14D1E18F012977
:103D5000A16B07D90988C160A06B801CA063E08FAC
:103D6000801E06E009780173A06B401CA063E08F01
:103D7000401EE087002520688168C90727D0B4F875
:103D8000461021B3B4F84610012914D9C068216C3B
:103D90000880206C801C2064B4F84600801EA4F8C3
:103DA0004600B4F84600012810D82068416841F464
:103DB000805141600AE0007B216C0870206C401C3F
:103DC0002064B4F84600401EA4F846000125FFF721
:103DD00045F8A0EB0900B04202D3701C01D019E0F5
:103DE000C6B1E08F0028A9D1B4F846000028A5D1BB
:103DF0004A463146204601F0F5FC18B120204FF02C
:103E000001082066012084F85D00002084F85C0031
:103E10004046F3E603208046F4E730BCBDE8C09F8F
:103E20004FF0E0210428086903D020F00400086165
:103E3000704740F00400FAE710B5401EB0F1807FF3
:103E400001D3012010BD4FF0E02460610F21601705
:103E500000F0FCFD0020A06107202061002010BDC3
:103E600030B590F83C20012A3AD0012280F83C205D
:103E7000CA688B6822F440721A434B6822F480624D
:103E80001A430B6822F400621A430B6922F4805231
:103E90001A434B6922F400521A438B6A22F480427F
:103EA0001A430B8B22F4702242EA03420D4D036841
:103EB0000024AB4202D00C4DAB420CD18D8C22F4CD
:103EC000700242EA0552CD6922F080722A43096AE3
:103ED00022F000720A435A6480F83C40002030BD52
:103EE000022030BD002C01400034014070B590F834
:103EF0003C20012A24D0012580F83C50022280F881
:103F00003D2003685A689E680E4CA34202D00E4CB6
:103F1000A34203D122F470044A68224322F07004C1
:103F20000A688968224326F0800421435A600268A7
:103F3000916080F83D50002180F83C10084670BD2B
:103F4000022070BD002C014000340140022180F8A5
:103F50003D1001688B68094A1340062B08D08B6816
:103F60001340B3F5803F03D00A6842F001020A60B3
:103F7000012180F83D10002070470000070001007B
:103F8000022180F83D1001680A6A41F211131A42B9
:103F900007D10A6A9B101A4203D10A6822F0010273
:103FA0000A60012180F83D100020704710B586B0EE
:103FB000044614216846FCF7F5FB0F492068884247
:103FC00017D10E48C16C41F00101C164C06C694653
:103FD00000F0010005904FF48070009002200190E5
:103FE000002002900390012004904FF09040FEF7D3
:103FF00041FE06B010BD0000002C01400010024040
:1040000070B5044690F83C0001280ED0012584F8D4
:104010003C50022084F83D000C2A19D007DC5AB12C
:10402000042A0DD0082A1ED10EE0022070BD102AED
:1040300012D0142A17D113E0206802F037FB12E0E7
:10404000206802F081FB0EE0206802F0C5FB0AE068
:10405000206802F009FC06E0206802F03FFC02E064
:10406000206802F073FC84F83D50002084F83C0086
:1040700070BD10B5040003D094F83D0010B107E006
:10408000012010BD002084F83C00204600F00CF810
:10409000022084F83D00211D206802F0A7FA0120CB
:1040A00084F83D00002010BD08B50068064988422C
:1040B00008D10648016E41F400610166006E00F40B
:1040C0000060009008BD0000002C0140001002407C
:1040D000704770B504460068016821F49071016072
:1040E0002068816821F001018160206881684FF0BB
:1040F0000005490609D5816821F040018160E06E24
:1041000018B18563E06EFEF781FBA4F85A50216870
:104110000F2008622068018B41F0080101832020F4
:1041200084F87200002070BD704700002DE9F04156
:1041300002680446D0691168936810F00F0F4FF0C1
:1041400000055BD003F0010601F49077374369D096
:10415000C70707D0CF0505D501271762626F42F068
:1041600001026267820708D5DA0706D027680222B3
:104170003A62626F42F004026267420708D5DA07CA
:1041800006D0236804221A62626F42F0020262675C
:1041900002070AD501F02002324306D02368082224
:1041A0001A62626F42F008026267626F002A32D0C0
:1041B000800605D5880603D5216E09B120468847BB
:1041C000606F000703D420688068400625D520462C
:1041D00002F090FC20688168490619D5816821F0B9
:1041E00040018160E06E98B120498163E06EFEF786
:1041F0002AFB00280FD0E06E816B06E0860611D501
:104200008E060FD5216E1EE02046BDE8F04108471E
:104210002046FFF789FFBDE8F0812046FFF784FFC5
:104220006567F8E7C60209D55B0207D54FF4801031
:1042300010622046BDE8F041FFF74ABF030605D5EE
:104240000B0603D5616E0029DED1E4E74006E2D516
:104250004806E0D51168204621F040011160202178
:1042600084F87110656600F03CF9D4E7E16A000853
:1042700010B5040003D094F8710010B107E00120DC
:1042800010BD002084F87000204600F027F824209C
:1042900084F871002068016821F001010160204666
:1042A00002F038FC0128EBD0606A10B1204602F021
:1042B00085FB2068416821F4904141602068816855
:1042C00021F02A0181602068016841F0010101604C
:1042D0002046BDE8104002F0D5BB000010B50068D4
:1042E000154986B0884224D11448C16C41F00401BC
:1042F000C164C16C01F004010591816D41F480211C
:104300008165806D012100F48020059010200090CF
:104310000220CDE9010103900720094C0490694671
:104320002046FEF7A7FC2021009169462046FEF7B3
:10433000A1FC06B010BD0000004800400010024083
:10434000000800482DE9F84F044690F8720098469E
:1043500016460D46202867D1FDB1F6B194F87000DD
:10436000012861D0012084F870004FF00009C4F8E2
:104370007490222084F872005434FEF76FFDA680FA
:104380008246E68054F84C0C4FF48057FF21543C91
:10439000B84208D1206918B10DE0012000F046B8FC
:1043A00040F2FF100DE07F2218B1B0F1805F05D020
:1043B00009E0206950B9A4F85C1004E0206928B134
:1043C0003F20A4F85C00B4F85C601CE0A4F85C201A
:1043D000F9E75346002220212046CDF8008002F064
:1043E000F7FC08B10320D9E7A068B84201D12069E1
:1043F000A0B12068808C304005F8010BB4F85A0059
:10440000401EA4F85A00B4F85A000028E1D1202038
:1044100084F8720084F870900020BFE72068808CD8
:10442000304025F8020BE9E70220B7E718BCBDE8E9
:10443000E08F2DE9F843044690F871001E461746B8
:104440000D4620284BD1C5B1BFB194F870000128AA
:1044500045D0012084F870004FF00008C4F8748043
:10446000212084F87100FEF7F9FCA4F85070814611
:10447000A4F852704FF4805715E00120BDE8F8838E
:104480008021204602F0A4FCD8B9A068B84201D12E
:104490002069C0B115F8010B21680885B4F85200F5
:1044A000401EA4F85200B4F852004B464FF00002F0
:1044B00000960028E4D14FF04001204602F088FC2D
:1044C00030B10320DAE735F8020BC0F30800E3E768
:1044D000202084F8710084F870800020CEE702204C
:1044E000CCE77047FEE7000010B5124C0022012116
:1044F0002046FEF7ADFC206820F00C00206020680C
:1045000040F004002060002202212046FEF7A0FCBB
:104510000A2003F057FD012211462046FEF798FCC1
:104520000A2003F04FFD20460022BDE81040012183
:10453000FEF78EBC0008004810B5124C0022012185
:104540002046FEF785FC206820F00C0020602068E3
:1045500040F004002060012202212046FEF778FC92
:104560000A2003F02FFD012211462046FEF770FCC1
:104570000A2003F027FD20460022BDE8104001215B
:10458000FEF766BC000800482DE9F041174E0746CB
:104590000024306820F00C00306030683060254620
:1045A000002201213046FEF753FC0A2003F00AFDE9
:1045B000012211463046FEF74BFC0A2003F002FDB3
:1045C0006006040E02213046FEF73DFC08B1641C73
:1045D000E4B26D1CEDB2082DE2D327B1FFF784FFE2
:1045E0002046BDE8F081FFF7A7FFF9E70008004883
:1045F00070B5194E05463046316821F00C01316026
:10460000316841F00401316000220121FEF720FCF5
:104610000024280601D5012200E0002202213046B4
:10462000FEF716FC6806050E052003F0CBFC012200
:1046300011463046FEF70CFC0A2003F0C3FC0022B2
:1046400001213046FEF704FC042003F0BBFC641C8F
:10465000E4B2082CDDD370BD0008004810B5154C3D
:10466000206820F00C002060206840F004002060EA
:10467000012202212046FEF7EBFB012003F0A2FC01
:10468000012211462046FEF7E3FB052003F09AFCC9
:10469000002202212046FEF7DBFB0A2003F092FCF9
:1046A000002201212046FEF7D3FBBDE81040042084
:1046B00003F088BC0008004810B5124C206820F0B8
:1046C0000C002060206840F00400206000220221DD
:1046D0002046FEF7BDFB012211462046FEF7B8FB3F
:1046E000052003F06FFC012202212046FEF7B0FBFB
:1046F000052003F067FC20460022BDE810400121A0
:10470000FEF7A6BB0008004870B5184D00242868C5
:1047100020F00C0028602868286001220221284629
:10472000FEF796FB032003F04DFC012211462846BC
:10473000FEF78EFB032003F045FC07E0641CE4B2A7
:10474000FA2C03D9FFF7B8FF012070BD02212846DB
:10475000FEF779FB0028F1D1002201212846FEF75F
:1047600077FB042003F02EFC002070BD00080048F9
:1047700000EB8100006E00F0F84070478068C0F3E5
:10478000C00070478068C0F3000070478068C0F3C5
:1047900080007047C06810F4406F01D0002070475F
:1047A00001207047042310B503EAD1531844C1F324
:1047B000045107248C4043698A40A3431343436157
:1047C00010BD00EB8100016E21F000411143016634
:1047D0007047000010B50D4C012240212046FEF725
:1047E00037FB0A2003F0E0FB002240212046FEF7C1
:1047F0002FFB642003F0D8FB012240212046FEF766
:1048000027FBBDE810400A2003F0CEBB000800489B
:1048100010B5FFF723FF0020FFF7EAFEFFF774FF54
:104820000720FFF7E5FEFFF76FFFFFF717FF0120F7
:10483000FFF7DEFEFFF768FF0020FFF7A5FE134C31
:1048400060700020FFF7A0FE20700020FFF79CFEA4
:10485000A070FFF731FF20784FF6FF7101EA0020CA
:104860006178084303F0E6FF9FED091B53EC112B21
:1048700004F030F89FED081B53EC112B04F090FA74
:1048800003F04EFD00EE100A10BD00005D00002098
:104890007B14AE47E17A943F6666666666027140B5
:1048A000094808B5816C41F001018164806C0022E7
:1048B00000F00100009011460B20FEF72FFBBDE831
:1048C00008400B20FEF71EBB0010024010B596B04A
:1048D0000024129413941C210BA81494FBF762FF7C
:1048E0002C216846FBF75EFF2348224901604F21D7
:1048F000C0E901142721C0E903148021C0E9054162
:10490000FFF7B7FB08B1FDF73CFA2020CDE9120410
:1049100012A919481494FFF7E9FA08B1FDF731FA22
:104920000220CDE90B400D940E940F9410940022B8
:104930000BA911481194FFF763FB08B1FDF721FAA9
:1049400000944FF40050CDE9044001940294039484
:1049500000030694CDE907400994694606480A9485
:10496000FFF77EFA08B1FDF70CFA0348FFF71EFBCC
:1049700016B010BD002C0140FC0C002070B586B0B4
:104980002648FDF729FE25482549002401604FF4FB
:104990004031C0E901140121C0E90341082141610E
:1049A00044760221C16180F820404FF4C861C0E91B
:1049B00009414FF48061C1620476446380F8384055
:1049C00080F83040FDF726FD0120FEF7B7F87F2183
:1049D0001248FDF7C1FA20B112A0FBF7CFFCFDF79A
:1049E000D0F91748009001A9062004257F2681E808
:1049F0006100CDE9045469460848FDF7F5FA11480D
:104A0000009001A90C2081E86100CDE904546946B9
:104A10000248FDF7E9FA06B070BD0000480B00201F
:104A2000000004504144432043616C696272617428
:104A3000696F6E204661696C6564210A00000000A0
:104A40002000F01440002019FEE770470907090E06
:104A5000002806DA00F00F0000F1E02080F8141DB5
:104A6000704700F1E02080F8001470472DE9F0470E
:104A7000214E14460A46F18001461D461F48FBF7A9
:104A80004CFE7470B5701E4D286B80471B4C3078FF
:104A90005027403C4FF04E084FF047094FF00402BA
:104AA00030B118491548FBF700FE277049200DE08A
:104AB00014491248491FFBF7F8FD28B1696BBDE89E
:104AC000F04740F6B830084727704F2060700B4819
:104AD00084F8028084F8039001220421403800F019
:104AE000CFF93081010A21716071AA6ABDE8F047EF
:104AF0000248062140381047000000203C090020F1
:104B0000B0910008639100087047000070B5124D25
:104B1000286B8047114E3078B8B1114C50200122DB
:104B20002070492060704E20A0704720E070042162
:104B3000204600F0A5F93081010A217160712046FC
:104B4000AA6ABDE8704006211047696BBDE8704055
:104B500040F6B83008470000B0910008000000207F
:104B6000FC08002010B5044C206B8047616BBDE849
:104B7000104040F6B8300847B091000870477047C1
:104B800070B50D4D01244FF47A7635F8140003F01A
:104B9000DBF910EE100A04F0EDF941EC100B07A060
:104BA00053EC102BFBF7EAFBA41CB442EDDBBDE891
:104BB000704004A0FBF7E2BB10010020252E3366F5
:104BC000090000000D0A00002DE9F041444E0546A1
:104BD0008846F0680024810728680ED0F16801F04B
:104BE0000301814207D130B1F0686968C0F3021057
:104BF000401C88421FD001246EE0012809D0022801
:104C00000AD00328F7D13168890309D431684903F0
:104C100004E03168890701E0316849050029EADAD2
:104C2000F1686A686FF00F0321F0730103EB021261
:104C300011430143F160306820F080603060FEF77E
:104C40000DF9074604E0FEF709F9C01B022839D820
:104C500030680001F7D47CBBB8F1000F18D0B8F170
:104C6000010F1ED0287D4FF07E41400801EB4060CF
:104C7000A96840EA012031691A4A114008433061AD
:104C8000306840F080603060FEF7E8F807461BE0CF
:104C9000A868E9680002090940EA41403169124AFE
:104CA000EBE7288A1149400801EB4050A96840EA27
:104CB000012031690E4AE0E70EE0FEF7CFF8C01B95
:104CC000022801D9032407E030680001F5D51CB99A
:104CD0003069A969084330612046BDE8F0810000D1
:104CE00000100240FF80FFF9FF80FDFF0000E0FFA1
:104CF000FF809FFF2DE9F0413E4E05468846F06853
:104D00000024810728680ED0F16801F00301814278
:104D100007D130B1F0686968C0F30210401C8842C6
:104D20001FD0012462E0012809D002280AD00328FC
:104D3000F7D13168890309D43168490304E0316847
:104D4000890701E0316849050029EADAF1686A68F3
:104D50006FF00F0321F0730103EB021211430143C3
:104D6000F160306820F080503060FEF777F8074639
:104D700004E0FEF773F8C01B02282DD830688000CD
:104D8000F7D454BBB8F1000F15D0287C4FF07E410A
:104D9000400801EB4060A96840EA01217069164AA9
:104DA000104001437161306840F080503060FEF780
:104DB00055F8074612E0A868E9680002090940EAC8
:104DC000414071690D4A114008437061EBE7FEF7FD
:104DD00045F8C01B022801D9032407E03068800091
:104DE000F5D51CB970696969084370612046BDE852
:104DF000F081000000100240FF80FFF9FF80FDFFFE
:104E0000F8B51C4E05460024B06DC00002D5FEF773
:104E1000EBF80DE0B06D40F08050B065B06D00F083
:104E200080500090FEF7E0F8B16D21F08051B1653F
:104E3000B0F5007F04D0802D07D94FF003040AE0BD
:104E4000802D08D9A02D01D804E001D1022402E070
:104E5000702D00D101240848016821F00701214389
:104E60000160006800F00700A04201D00120F8BDF9
:104E70000020F8BD001002400020024001207047D1
:104E80002DE9F041002415460E460746012A06D0BA
:104E900041F22100804605D14FF6FF700BE048F249
:104EA0000500F7E741F60F5005E0395D4246FCF793
:104EB000D6FD641CE4B2B442F7D3012D01D0C04347
:104EC00080B2BDE8F081000070B10B4A002152F8B9
:104ED000313083420AD802EBC1039B68834205D973
:104EE00002EBC100007B70471F207047491CC9B20C
:104EF0001529ECD3FEE700002092000810B500F061
:104F00008DFD032804D0042803D0052803D00020F9
:104F100010BD022010BD012010BD0320704700000D
:104F200010B50E4C20610E4800F008FE002001F084
:104F3000E7F8012001F039F80021084600F0C7FE2B
:104F40000421002001F017F900234FF6FF701A46E4
:104F5000014600F002FF0020A07010BD600000209C
:104F60005D500008F8B502213048FDF76CFF0128BC
:104F70005BD12F4D0020A87000F046FD04464FF68F
:104F8000FF7000F035FDE00704D0286910B100681B
:104F900000B18047A00716D5FF226946254800F0DA
:104FA00089FD2448143800F041FD286958B186680D
:104FB0004EB120489DF80010143890F90D3090F94A
:104FC0000C201430B047600604D5286910B1006980
:104FD00000B18047200608D5286930B1816921B128
:104FE000E04340F30020401C8847A00511D500F0A5
:104FF00015FD042804D000F011FD052804D008E0B8
:10500000286930B1406802E0286910B1C06800B179
:105010008047A00609D52869002806D0C068002866
:1050200003D001B0BDE8F0400047F8BD00040048DF
:1050300060000020500D002070B50D46012400F0E6
:1050400093F8284600F0B8FF002000F02DF801206A
:1050500002F0AAFF00F064FA204670BD0149012069
:10506000887070476000002070B50025012000F0B6
:105070007BF8002000F0ECFF0024012002F094FFF8
:1050800000F02FFD00F00100A040641C0543E4B2D5
:10509000202CF2D300F044FA284670BD00F0BABDCF
:1050A00000F0C0BD00F01DBD10B5044600234FF652
:1050B000FF701A46014600F050FE0548407810B1D6
:1050C0006FF07F4000E0A001BDE8104000F0C0BFDD
:1050D0006000002010B5044600234FF6FF701A460A
:1050E000014600F03AFE0548407810B16FF07F406D
:1050F00000E0A001BDE8104000F0BEBF600000204D
:1051000070B505460C46002340F201201A460146C0
:1051100000F023FE00F0C8FC074901280AD00C72F9
:10512000054800F0CDFE21462846BDE8704000222B
:1051300000F0C4BDCC73F3E7500E002000F03CBF7C
:10514000074B084A012807D0D079012807D11970E8
:105150001172044800F0B4BE1970D173F9E77047BA
:1051600060000020500E002010B50A4C012805D028
:10517000002000F007FF0020607010BD012000F04B
:1051800001FF617820788142F7D06070BDE810405F
:1051900000F002B86300002070B504460B480470AC
:1051A00044700120FFF7E0FF4FF4E860451C24B194
:1051B000342101F0BDF8442103E0142101F0B8F8D6
:1051C00024212846BDE8704001F0B2B863000020F9
:1051D0002DE9FF4F15462DED028B83B0674FDDE9BA
:1051E000159288461B99DDF85CB0139E79705FEAD2
:1051F000090101D03A7001E0FF213970604C4FF095
:10520000000A04F128010291E8B101287CD10020B4
:1052100000F088FF1498C0B200F0BAFD0121594B8C
:1052200084F82810E8B284F8380013F8082084F8CD
:105230003920089A84F83A20B8F1000F6FD0B8F1FD
:10524000010F6ED06FE0002000F06CFF84F828A002
:105250000B20E56284F834004046FFF735FE84F801
:1052600035004FF6FF7084F800A000EAC6006080A9
:10527000042020711820607184F806A089F00100D4
:10528000E07138782072BBF1000F01D0F22000E00D
:105290000120607284F80AA0002000F031FF94F829
:1052A000280000B10120FFF75FFF029800F078FDB1
:1052B000334800F005FE34A0D0E90010CDE900101D
:1052C000684600F036FF40F2FF1000F093FF2846DA
:1052D00003F0B0FA41EC100B53EC102B9FED2C0BAC
:1052E00051EC100B03F00AF99FED2B1B53EC112B23
:1052F00003F0F0FA41EC180B149803F09BFA53EC0E
:10530000182B03F0E7FA01E032E008E09FED241BE0
:1053100053EC112B03F0DEFA03F048FA27E00B2DD3
:1053200009D00C2D07D084F83BA02170052805D0AA
:10533000062803D007E084F83B10F6E70C2E02D2D3
:105340000C20A08100E0A68184F80E903878E073EC
:1053500084F810B01A9860740120FFF705FF0298D6
:1053600000F01EFD064800F0ABFD4FF6FF70F86040
:1053700003B0BDEC028B00F017B800006000002005
:10538000500E00201C920008C194C10000000000D3
:10539000000000000000F03F00000000000020407E
:1053A0000000000000408F401FBCBDE8E08F00F00F
:1053B0007DBE00002DE9FF4F83B010AC010094E8E2
:1053C00025064B4CDDF85C8004F128060296DFF8D8
:1053D00024B14FF000074FF0010602D001297DD122
:1053E0003EE084F82870E0620B2084F83400184610
:1053F000FFF76AFD84F83500059820634FF6FF70CB
:10540000277000EAC50060800420207118206071B8
:10541000A77189F00100E071BAF1000F02D0F2200B
:10542000607200E06672A672002000F069FE94F8D7
:10543000280000B10120FFF797FE029800F0B0FCB1
:105440002B4800F03DFD2CA0D0E90010CDE9001064
:10545000684600F06EFE40F2FF1000F0CBFE3DE02B
:10546000DFF89CC084F82860C1B284F838101CF8BA
:1054700003C084F839C084F83A2013B1012B02D05C
:1054800003E00B2809D00C2807D084F83B70267065
:10549000052905D0062903D007E084F83B60F6E72C
:1054A0000C2D02D20C20A08100E0A58184F80E9082
:1054B0009BF80000E07384F810A084F811800020AD
:1054C00000F01EFE94F8280000B10120FFF74CFE0A
:1054D000029800F065FC064800F0F2FC049800F029
:1054E000B3FD1898CBF8080007B000F00BB8000027
:1054F000500E002060000020C194C1000000000098
:105500001C92000830BCBDE8C08F10B50C4600F0FE
:1055100053FD204600F098FDBDE8104000F026BE87
:1055200010B5042000F0DEFDBDE81040022002F0BE
:105530003BBD002000F0E4BD00F0D4BB70B50E46CA
:105540002DED0C8B01004FF000009FED6ACB6B4CF2
:105550009FED6BAB7DD001297CD194F839006A496D
:1055600000EB400094F8385001EB0010C5F10C013D
:1055700000EBC10010ED309BA0891C3403F05AF9F8
:105580009FED621B53EC112B02F0FCFE53EC192B28
:1055900003F0A0F941EC1B0BA07F00F00300001DFD
:1055A00003F048F941EC1D0BE07F1C3C00B10220E8
:1055B000281A800003F027F941EC180BF00069422B
:1055C00000EB8100217C00EB0111A07B01286FD052
:1055D0000020081A1C3003F016F953EC182B02F0C7
:1055E0008DFF41EC100B01F077FC53EC1D2B51ECBF
:1055F000100B03F06FF941EC180B53EC1A2B03F06E
:1056000067FA03D3B0EE4A8AF0EE6A8A53EC1C2B99
:1056100051EC180B02F0B6FE53EC192B03F05AF9BB
:1056200041EC100B51EC1B0B53EC102B02F0AAFEBB
:105630009FED381B53EC112B02F0A4FE41EC100B34
:1056400001F0D6FC00F076B851EC100BBDE87040CC
:1056500001E002E04AE003F0A9B8E06A03F0EAF8EA
:1056600041EC190B304603F0E5F841EC1B0B608868
:10567000617900EBD10003F0DDF841EC100BE0792B
:1056800088B19FED268B51EC100B53EC182B02F0D8
:1056900079FE53EC1B2B02F075FE41EC100B607A87
:1056A000022806D007E0B0EE4A8AF0EE6A8AEAE7FE
:1056B0001AE09FED1CAB51EC100B53EC1A2B02F0CF
:1056C00061FE53EC1C2B03F005F953EC192B02F08F
:1056D00015FF9FED161B53EC112B03F0FBF841EC6B
:1056E000100B02F051FBADE7142072E700F028B870
:1056F00070BD00000000000000002040500E00209F
:105700000000000000000000780000200000000001
:10571000000011402B8716D9CEF7EF3F00000000A4
:105720000000F03F0000000000000040000000000A
:1057300000408F40BDEC088BBDEC04CBFFF784BF6D
:10574000BDEC088BBDEC04CBFFF7D2BF00F0F0BD81
:1057500000F0F4BD10B50448FCF7FCFFBDE81040B4
:105760000148FDF716B80000480B002010B51C4C8E
:105770001A484FF4E06120604FF4827060600020AE
:10578000C4E902014FF400712061C4E90501382128
:10579000C4E9071007216062C4E90A01206360635D
:1057A0002046FEF789F92046FEF7A8F92046FEF7C5
:1057B0002DF92068016841F04001016004F16400A6
:1057C0000068016841F00101016004F1AC0000686B
:1057D000016841F00101016010BD00000038004087
:1057E000F40B0020F8B515460E460B460092044611
:1057F00000224FF4C05100F019F888B93346002256
:1058000080212046009500F05CF848B9334600221C
:105810004FF4C0612046009500F008F8002804D03D
:10582000206E40F0200020660320F8BD2DE9F047EF
:105830001D4616460F4604464FF4C069DDF8208029
:105840000CE04F4501D106B9007B681C06D0FDF77E
:1058500005FBA0EB0800A84208D23DB12068816892
:105860003940B142EDD10020BDE8F08720684168A1
:1058700021F0E00141606068B0F5827F0BD1A06843
:10588000B0F5004F02D0B0F5806F04D120680168F8
:1058900021F040010160A06AB0F5005F09D12068E5
:1058A000016821F4005101602068016841F4005151
:1058B0000160012084F85D00002084F85C00032072
:1058C000D2E72DE9F0411D4617460E460446DDF8A5
:1058D000188008E0681C06D0FDF7C0FAA0EB0800AD
:1058E000A8420BD255B12068806836EA000030D05B
:1058F0000020B842EED10020BDE8F0812068416868
:1059000021F0E00141606068B0F5827F0BD1A068B2
:10591000B0F5004F02D0B0F5806F04D12068016867
:1059200021F040010160A06AB0F5005F09D1206854
:10593000016821F4005101602068016841F40051C0
:105940000160012084F85D00002084F85C000320E1
:10595000D2E70120CDE7704770477047174908B577
:10596000884204D9E1208DF80000E9201EE01449A6
:10597000884204D9D7208DF80000D82016E01149BC
:10598000884204D9C1208DF80000C5200EE00E49E0
:10599000884204D975208DF80000812006E00B496B
:1059A000884205D96B208DF800006F208DF801002A
:1059B00002226946982000F08FFC08BD00E9A4355A
:1059C00080F8A9328044E52D000B6B1B40FC541974
:1059D000064810B5407808B1062803D100F032FC23
:1059E000FFF7BBFFBDE8104000F020BC080100201D
:1059F00008B5010A8DF800108DF8010002226946F1
:105A0000104600F069FC08BD08B502226946122064
:105A100000F0D4F8BDF8000040BA08BD0148407855
:105A200070470000080100200220704738B5044686
:105A300003226946142000F0C1F81A4988782070C2
:105A400040B1012816D014212046FAF7ABFE0F20F2
:105A5000207038BD9DF8000020719DF80100404283
:105A60004010A0719DF8020040424010607100207B
:105A7000A06038BD9DF800004042401020739DF8A2
:105A80000100802801D2800802E0A0F5807080101B
:105A900060739DF8020040424010A0734868206186
:105AA00038BD0000080100200148807870470000E0
:105AB00008010020F8B505460E4600208DF80000CC
:105AC00014466946304600F019F83278A24201D9EE
:105AD0000120F8BD29469DF8000000F041F80020A3
:105AE000F8BD08B501226946152000F067F89DF859
:105AF0000000404240F3470008BD000038B50D46A5
:105B0000044602226946132000F058F80A488078BB
:105B100001280AD140F2047000F07CF8C00904D0DA
:105B200040F2027000F076F801E09DF8000020706D
:105B30009DF80100287038BD0801002010B500F064
:105B4000A3F800F07FFB002000F0DAFA012000F05B
:105B5000FDF802490120487010BD00000801002036
:105B60002DE9F04115460E460446FFF731FFDFF8F8
:105B700048804FF48057002239464046FDF768F9C7
:105B80001E2000F009FC204600F006FC002000F07A
:105B900003FC002405E0002000F0FEFB3055641CEF
:105BA000A4B2AC42F7D3012239464046FDF750F982
:105BB000BDE8F04100F03ABB000400482DE9F04197
:105BC00015460E460446FFF703FFDFF844804FF406
:105BD0008057002239464046FDF73AF9204600F04A
:105BE000DBFB002000F0D8FB002405E0002000F0E3
:105BF000D3FB3055641CA4B2AC42F7D30122394622
:105C00004046FDF725F9BDE8F04100F00FBB00006C
:105C10000004004808B50122694600F003F89DF829
:105C2000000008BD2DE9F04115460E460446FFF779
:105C3000CFFEDFF850804FF48057002239464046AF
:105C4000FDF706F91D2000F0A7FB200A00F0A4FBD9
:105C5000E0B200F0A1FB002000F09EFB002405E074
:105C6000002000F099FB3055641CA4B2AC42F7D37D
:105C7000012239464046FDF7EBF8BDE8F04100F05F
:105C8000D5BA00000004004810B50A2002F08CF9D3
:105C9000094C002240212046FDF7DAF8142002F0DA
:105CA00083F9012240212046FDF7D2F8BDE81040DB
:105CB0000A2002F079B900000008004810B5144627
:105CC00000F06EF92046BDE8104000F03BBA08B580
:105CD00002228DF800008DF8011069468F2000F037
:105CE000FBFA08BD10B500221146C52000F0F4FAF9
:105CF00001490720487010BD0801002008B5010ABD
:105D00008DF800108DF8010005488078002805D135
:105D10000222694640F2BE6000F010FB08BD0000A0
:105D20000801002008B5010A8DF800108DF8010067
:105D300005488078002805D10222694640F2BC60FF
:105D400000F0FCFA08BD00000801002001B50122A6
:105D500069469D2000F0C0FA08BD1CB5040A8DF804
:105D600000408DF80100080A8DF80200100A8DF835
:105D700004008DF80520180A8DF806008DF8031030
:105D800008228DF807306946104600F0A5FA1CBDC0
:105D900001B501226946A02000F09EFA08BD00006E
:105DA00030B504462DED028B83B0002033490090BE
:105DB000019020788978884201D000F0E3F82078BB
:105DC000B0B1012810D1207C8DF80000607C8DF8E6
:105DD0000100A07C8DF80200E07C04228DF8030015
:105DE00069468B2000F078FA03B0BDEC028B30BD21
:105DF0000825606802F01EFD41EC100B9FED208B22
:105E000053EC102B51EC180B02F078FB9FED1E1B8E
:105E100053EC112B02F05EFD02F0C8FC010C8DF872
:105E20000010010A8DF801108DF80200207B8DF81A
:105E30000300607B8DF804009FED151B9FED160B92
:105E400001F062F953EC102B51EC180B02F056FBE9
:105E500041EC180BA06802F0EDFC53EC182B02F09B
:105E60004DFB02F0A3FC010C8DF80510010A8DF822
:105E700006108DF807002A46B2E70000080100204E
:105E80000000000080847E410000000000004040CF
:105E90000000000000003940000000000000004049
:105EA00008B58DF800008DF801108DF802208DF8EE
:105EB000033004226946952000F00EFA08BD000068
:105EC0003EB5044600202E490090019002902078B3
:105ED0008978884201D000F055F82078C8B10128AF
:105EE00016D1A0890622010A8DF800108DF8010054
:105EF000A07B8DF80200E07B8DF80300207C8DF8FC
:105F00000400607C8DF8050069468C2000F0E4F9FF
:105F10003EBD607AF12802D0F2280AD012E04FF696
:105F2000FF70FFF7FFFE48F20500FFF7E7FE0220D3
:105F300008E041F60F50FFF7F5FE41F22100FFF7B0
:105F4000DDFE062061880922090A8DF80010A1787B
:105F50008DF8011021798DF8021061798DF8031008
:105F6000A1798DF80410E1798DF80510217A8DF86A
:105F700006108DF80700A07A8DF80800C4E700002D
:105F80000801002001B505499DF800000122887034
:105F900069468A2000F0A0F908BD00000801002031
:105FA0000A460146002000F067B901B501226946A2
:105FB000962000F091F908BD30B51C4C05462DED3A
:105FC000028B81B0207820B92846FFF7C7FC012159
:105FD00021709FED171B9FED180B01F095F853EC06
:105FE000102B9FED170B51EC100B02F087FA41ECD0
:105FF000180B284602F01EFC53EC182B02F07EFA18
:1060000002F0D4FB010E8DF80010010C8DF8011088
:10601000010A8DF802108DF80300042269468620DB
:1060200000F05AF901B0BDEC028B30BD0801002030
:1060300000000000000039400000000000000040A7
:106040000000000080847E41022100F094B800002E
:10605000084A08B505215170010C8DF80010010A9D
:106060008DF801108DF8020003226946822000F0AD
:1060700033F908BD0801002038B50B490446052056
:106080004870962140F6AC0000F052F9200C8DF8D3
:106090000000200A8DF801008DF8024003226946B5
:1060A000822000F019F938BD080100201CB5020C4F
:1060B0008DF80020020A8DF801208DF80200080CEE
:1060C0008DF80300080A8DF804008DF805100622EB
:1060D0006946942000F000F90149062048701CBD73
:1060E0000801002001B5FFF737FC01226946842032
:1060F00000F0F2F801490020487008BD08010020B6
:1061000001B501226946802000F0E6F89DF80010F4
:10611000034811B10221417008BD0121FBE70000D5
:106120000801002001B5012269469F2000F0D4F843
:1061300008BD10B5014608224FF4D86000F0FEF803
:10614000002010BD084A08B504215170010C8DF8DB
:106150000010010A8DF801108DF802000322694633
:10616000832000F0B9F808BD080100200022114684
:10617000D12000F0B1B8F8B504460D460020FFF775
:1061800053FC40F6E7066FF00207012809D001230F
:10619000002207210420FFF783FE162C18DD1624A9
:1061A00019E04FF001030F2C1A464FF0000106D002
:1061B0000420FFF775FE0E2C05DB0E2406E00620FA
:1061C000FFF76EFEF9E7BC4200DA3C46182103E017
:1061D000BC4200DA3C463821304600F0A9F88DF880
:1061E00000408DF80150022269468E2000F074F8BC
:1061F000F8BD000070B504460B488078002812D125
:106200004FF4D7652846FFF705FD00F0FE00C4F304
:1062100000210143284600F08BF8E1B2681CBDE87C
:10622000704000F085B870BD0801002010B5044C26
:1062300001212046FCF707FE0128F9D010BD00001F
:106240000004004870B50B4D4FF4805400222146E5
:106250002846FCF7FDFDC02000F09EF8002000F06D
:106260009BF8012221462846FCF7F2FDBDE870406C
:10627000FFF7DCBF000400482DE9F04115460E464B
:106280000446FFF7A5FBDFF84C804FF4805700224F
:1062900039464046FCF7DCFD642001F093FE0E20F9
:1062A00000F07AF8204600F077F8002404E0305D32
:1062B00000F072F8641CA4B2AC42F8D30122394653
:1062C0004046FCF7C5FD642001F07CFEBDE8F041CE
:1062D000FFF7ACBF000400482DE9F04715460E4615
:1062E0000746FFF775FBDFF844904FF48058002213
:1062F00041464846FCF7ACFD384600F04DF8002416
:1063000004E0305D00F048F8641CA4B2AC42F8D35D
:10631000012241464846FCF79BFD842F03D0BDE88F
:10632000F047FFF783BFBDE8F08700000004004896
:1063300013B5012201A900F001F81CBD2DE9F041BF
:1063400015460E460446FFF743FBDFF848804FF43E
:106350008057002239464046FCF77AFD0D2000F0B8
:106360001BF8200A00F018F8E0B200F015F800243D
:1063700004E0305D00F010F8641CA4B2AC42F8D325
:10638000012239464046FCF763FDBDE8F041FFF7C6
:106390004DBF00000004004801B582B04FF47A7090
:1063A0000090012301AA02A90248FDF709FC9DF80B
:1063B00004000EBDF40B002070B5214900200870C8
:1063C000FFF7C8F94FF47A721E491F48FCF74AF9E3
:1063D00004002ED01DA0F9F7D1FF1B4D012C07D0D2
:1063E000022C23D021461FA0BDE87040F9F7C6BF9C
:1063F000A96D20A0F9F7C2FFA86DC00702D027A0A1
:10640000F9F7BCFFA86D800702D530A0F9F7B6FFF9
:10641000A86D400702D532A0F9F7B0FFA86D0007BC
:106420000CD5BDE8704034A0F9F7A8BF696D39A05C
:10643000DAE7BDE870403E48FDF788BD70BD00005A
:106440005400002010010020480B0020414443204C
:10645000444D41205374617274204661696C6564D7
:106460003A2000005374617475733A2025640D0A54
:106470000000000048414C5F4552524F52202841D5
:106480004443204572726F72436F64653A203078DE
:106490002530386C58290D0A00000000202D2049B5
:1064A0006E7465726E616C206572726F7220286303
:1064B0006C6F636B2F63616C6962726174696F6E7C
:1064C000206973737565290D0A000000202D204F87
:1064D00076657272756E206572726F720D0A0000B9
:1064E000202D20444D41207472616E7366657220C8
:1064F0006572726F720D0A00202D20436F6E6669FF
:106500006775726174696F6E206572726F720D0AC1
:106510000000000048414C5F425553592028414437
:10652000432073746174653A202564290D0A0000C4
:10653000FC0C0020FCF798BC1A4810B5816D98B08F
:1065400041F080518165806D012100F080501690EE
:106550000804CDE90010022003240A90CDE90B4184
:1065600014210D910721CDE90E1010906846FDF71A
:1065700023F800B1FEE70F20CDE9110400201390AD
:1065800014901590042111A8FCF70CFF00B1FEE750
:106590004FF40070FCF7F4FC002800D0FEE718B0C0
:1065A00010BD0000001002400D48016841F4700168
:1065B00001600C48016841F0010101600021816027
:1065C0000268094B1A4002608214C260026822F419
:1065D0008022026081610249C003803908607047EF
:1065E00088ED00E000100240FFFFF6EA2DE9F047D9
:1065F0000268264C264D274E274F284B4FF0804AE5
:10660000A04209D0504507D0A84205D0B04203D0DF
:10661000B84201D0984204D122F0700C4A6842EA94
:106620000C02DFF87CC0DFF87C80DFF87C90A042B1
:106630000FD050450DD0A8420BD0B04209D0B8427F
:1066400007D0984205D0604503D0404501D0484569
:1066500003D122F44075CA682A434D6922F08002B2
:106660002A4302608A68C2620A688262A04207D036
:10667000984205D0604503D0404501D0484501D13E
:106680000969016301214161BDE8F087002C0140E7
:106690000004004000080040000C004000340140AD
:1066A0000040014000440140004801402DE9F04312
:1066B000026A22F001020262056A426883691C4C88
:1066C00025F0020523400C6823F003031C438B686C
:1066D000194E2B43174D194FDFF864C0DFF8649053
:1066E000A84207D0B04205D0B84203D0604501D0DF
:1066F000484506D123F00808CB6843EA080323F095
:106700000403A84207D0B04205D0B84203D0604588
:1067100001D0484505D14D6922F4407215438A697C
:106720002A4342608461496841630362BDE8F083A3
:106730008FFFFEFF002C014000340140004001406B
:106740000044014000480140F0B5026A22F0100206
:106750000262056A42688369194C1B4E23400C682B
:1067600023F4407343EA042425F020038D6843EAB0
:106770000513144DA84201D0B04206D1CF6823F0D2
:10678000800343EA071323F04003A8420AD0B04233
:1067900008D00E4DA84205D00D4DA84202D00D4D97
:1067A000A84207D14D6922F4406242EA85028D6910
:1067B00042EA850242608461496881630362F0BDF8
:1067C000FF8FFFFE002C01400034014000400140DB
:1067D0000044014000480140F0B5026A22F4807292
:1067E0000262056A4268C369194C1B4E23400C685B
:1067F00023F003031C4325F400738D6843EA05234B
:10680000144DA84201D0B04206D1CF6823F40063F2
:1068100043EA072323F48063A8420AD0B04208D099
:106820000E4DA84205D00E4DA84202D00D4DA842F3
:1068300007D14D6922F4405242EA05128D6942EABD
:1068400005124260C4614968C1630362F0BD000083
:106850008FFFFEFF002C014000340140004001404A
:10686000004401400048014030B5026A22F48052E1
:106870000262046A4268C369124D2B400D6823F41A
:10688000407343EA052524F400538C6843EA04333B
:106890000D4CA0420BD00D4CA04208D00C4CA04295
:1068A00005D00C4CA04202D00B4CA04204D14C6944
:1068B00022F4804242EA84124260C5614968016460
:1068C000036230BDFF8FFFFE002C01400034014009
:1068D00000400140004401400048014030B5026AD8
:1068E00022F480320262056A4268436D114C2340F3
:1068F0000C681C4325F400330D8943EA05430E4D13
:10690000A8420BD00D4DA84208D00D4DA84205D08D
:106910000C4DA84202D00C4DA84204D14D6922F47E
:10692000803242EA0522426044654968816503621B
:1069300030BD00008FFFFEFF002C014000340140FD
:1069400000400140004401400048014030B5026A67
:1069500022F480120262056A4268436D114C2340A2
:106960000C6843EA042425F400130D8943EA055317
:106970000D4DA8420BD00D4DA84208D00C4DA84299
:1069800005D00C4DA84202D00B4DA84204D14D6950
:1069900022F4802242EA8522426044654968C1654A
:1069A000036230BDFF8FFFFE002C01400034014028
:1069B00000400140004401400048014090F824108C
:1069C000C90706D001684A68836A22F400321A4374
:1069D0004A6090F82410890706D501684A68C36A9E
:1069E00022F480321A434A6090F82410490706D5F1
:1069F00001684A68036B22F480221A434A6090F8C7
:106A00002410090706D501684A68436B22F4004246
:106A10001A434A6090F82410C90606D501688A68AE
:106A2000836B22F480521A438A6090F824108906FE
:106A300006D501688A68C36B22F400521A438A6043
:106A400090F82410490611D501684A68036C22F4B5
:106A500080121A434A60016CB1F5801F06D10168AB
:106A60004A68436C22F4C0021A434A6090F824102A
:106A7000090606D501684A68806C22F400220243A8
:106A80004A607047F8B5002504464567FCF7E6F90B
:106A90000746206800686FF07E46000708D53B4631
:106AA00000224FF400112046009600F091F960B9E1
:106AB0002068006840070AD53B4600224FF4800159
:106AC0002046009600F084F908B10320F8BD20208C
:106AD00084F8710084F8720084F870500020F8BDCA
:106AE00010B5806A0021A0F85A10A0F85210FDF7E6
:106AF0001BFB10BD01680A6822F490720A600168ED
:106B00008A6822F001028A60202180F87210002138
:106B1000016670472DE9F047044600682369A168C3
:106B2000D4F81CC0194363691025002643EA0C03FE
:106B300019439B4A03683746DFF868C203EA0C032F
:106B40000B43036020684168E36821F44051194316
:106B500041602168A069914201D0236A18438B6883
:106B600023F4306303438B608F4B21688F48994235
:106B70000DD1D0F8880010F0030006D001285AD0BB
:106B8000022856D0032859D157E0012556E0884BFA
:106B900099420BD1D0F8880010F00C0047D004289F
:106BA00049D0082845D00C2848D146E0814B99426D
:106BB0000BD1D0F8880010F0300038D010283AD02F
:106BC000202836D0302839D137E07B4B99420BD181
:106BD000D0F8880010F0C00029D040282BD08028A1
:106BE00027D0C0282AD128E0744B99420ED1D0F882
:106BF000880010F440701AD0B0F5807F1BD0B0F53B
:106C0000007F16D0B0F5407F18D116E0914215D123
:106C1000D0F8880010F4406009D0B0F5806F0AD039
:106C2000B0F5006F05D0B0F5406F07D105E0002545
:106C300004E0022502E0042500E00825604B4FF047
:106C400000084FF40040914244D135B1022D07D0E5
:106C5000042D07D0082D10D107E0FCF735FC03E028
:106C6000184602E0FCF754FC98B3626802EB42015C
:106C7000814202D8B0EB023F01D9012789E065B11A
:106C8000022D0DD0042D13D0082D1BD001274D4906
:106C9000A6F5407088427AD9EFE7FCF715FC09E0C9
:106CA0005008494B11E00023F9F7F1FA0646EEE7E8
:106CB000FCF72EFC6268010E05025008281841EB13
:106CC0000801F0E750084FF40003C01848F1000134
:106CD000E9E75EE0E1694FF6EF7981422ED1092DB7
:106CE0001DD2DFE805F00508121C151C1C1C18003D
:106CF000FCF7EAFB01E0FCF7F9FB4100606801EBFF
:106D00005001B1FBF0F086B20AE030496068F6E766
:106D1000FCF7FEFBF1E74FF480316068EFE70127F5
:106D2000A6F110004845A8D84FF6F07106EA010018
:106D3000C6F3420108432168C8602AE0092D21D228
:106D4000DFE805F005081220162020201A00FCF7C5
:106D5000BBFB01E0FCF7CAFB0146606801EB500198
:106D6000B1FBF0F086B20EE0606803EB5001F7E78C
:106D7000FCF7CEFBF0E70AE0616800EB5100B0FBE6
:106D8000F1F0EFE70127A6F11000484584D820680C
:106D9000C660C4F860803846C4F86480BDE8F087F7
:106DA00000800040F369FFEF00380140001002400E
:106DB0000044004000480040004C004000500040AB
:106DC0000024F400FFFC0F00000024F40048E80158
:106DD0002DE9F0411E46174688460446069D1CE0F4
:106DE000681C1AD025B1FCF739F8801BA84214D9C9
:106DF0002068016821F4D07101602068816821F069
:106E000001018160202084F8710084F87200002064
:106E100084F870000320BDE8F0812068C16938EA79
:106E2000010004D00020B842DAD00020F3E70120AE
:106E3000F9E7000038B518480068C069C04380060B
:106E400022D44FF47A73012269461348FDF77AFA87
:106E5000124A1088010417D441049DF800104FF025
:106E6000000304D50A290ED140F4004012E00D2998
:106E70000ED0C0F30D04084D401CC83D80B229550A
:106E80001080C72800D913800348FDF74FF938BD9B
:106E900040F480401080F7E7D00A00203C0000203A
:106EA000FEE703B401984100009850EAC12018BFE2
:106EB00004204A0D18BF40F0010040F2FF72B2EB0F
:106EC000515F08BF40F00200012808BF052002B052
:106ED00070470000000000002DE9F0412DED020B8D
:106EE0009FED3D0B2DED028B9FED3D8BDDE90254B7
:106EF000C4F30A50A0F2FF36142E37DA002E18DA47
:106F000053EC102B9DED020B51EC100B01F03AFAF3
:106F100053EC182B01F0DCFD57D2002CBCBF4FF016
:106F20000044002551DB54EA050018BF2E4C1BD14C
:106F30004BE02E4820FA06F704EA070028431FD04A
:106F400053EC102B9DED020B51EC100B01F01AFAD3
:106F500053EC182B01F0BCFD37D2002C03DD4FF4AD
:106F60008010F0400444BC4300252EE0332E07DCA3
:106F7000A6F114004FF0FF3121FA00F73D4206D18F
:106F80009DED020BBDEC028B02B0BDE8F08153EC2D
:106F9000102B9DED020B51EC100B01F029FE53EC70
:106FA000182B01F095FD10D2002C0DDD142E08BF1A
:106FB000641C09D0C6F13400012101FA00F0284414
:106FC000A84238BF641C0546BD43CDE902549DED7F
:106FD000020BD7E7000000009C7500883CE4377E78
:106FE00000000000000000000000F03FFFFF0F0065
:106FF0002DE9F0412DED020B9FED3D0B2DED028BA8
:107000009FED3D8BDDE90254C4F30A50A0F2FF3638
:10701000142E37DA002E18DA53EC102B9DED020BEC
:1070200051EC100B01F0AEF953EC182B01F050FDB0
:1070300057D2002CA4BF0024254652DA24F0004089
:10704000284318BF2E4C4CD01AE02E4820FA06F7E1
:1070500004EA070028431FD053EC102B9DED020BD0
:1070600051EC100B01F08EF953EC182B01F030FDB0
:1070700037D2002C03DA4FF48010F0400444BC43B4
:1070800000252EE0332E07DCA6F114004FF0FF316F
:1070900021FA00F73D4206D19DED020BBDEC028BBB
:1070A00002B0BDE8F08153EC102B9DED020B51ECCA
:1070B000100B01F09DFD53EC182B01F009FD10D2CF
:1070C000002C0DDA142E08BF641C09D0C6F1340060
:1070D000012101FA00F02844A84238BF641C05468B
:1070E000BD43CDE902549DED020BD7E7000000003F
:1070F0009C7500883CE4377E000000000000000022
:107100000000F0BFFFFF0F002DE9F04D2DED040B47
:107110002DED0E8B96B0DDE92550279CDDF890A073
:1071200025F0004624F00048BAF1000F14BF0121F9
:10713000002101EB4502FC4953184A1093422AD31F
:10714000002814BF0123002303EB44030B44F74939
:107150008B4220D358EA00019FEDF59B76D0DFF8F3
:10716000D8B35D4503D1BAF1000F05D188E0BAF17B
:10717000000F08BF002100D0012101EB450111F5EE
:10718000001F08D8002814BF0121002101EB440191
:1071900011F5001F0BD99DED261B9DED240B16B09C
:1071A00000F0DABD04B0BDE8F04D00F089BE002764
:1071B000002DBCBFE149884521DAE1498845A8BFD7
:1071C00002271CDAC3451ADCDE4901EB28511429D9
:1071D00008DDC1F1340220FA02F101FA02F2824222
:1071E0000DD108E058B9C1F1140228FA02F101FAF0
:1071F00002F2424503D101F00101C1F1020756EA52
:107200000A0124D1002C22DA002D18BF022F01D050
:10721000012F0AD00220F9F7F5FA16B000F0A2BD4E
:1072200004B0BDE8F04D00F033BE0220F9F7EAFAF1
:1072300000F02EFE51EC100B01F066F841EC100B43
:1072400016B000F095BD04B0BDE8F08D18E09FEDDC
:10725000BEAB9FEDBF8B002871D1B848804522D1CD
:1072600005F1804010F5801008BFBAF1000F07D07B
:10727000B3450ADC002CA8BF9DED260BE0DA0DE03B
:10728000B0EE490AF0EE690ADAE7002C06DA9DED65
:10729000260B51EC100B01F037F86FE0AE48784444
:1072A00090ED000BCCE7D8454DD1002C48DA2EB13B
:1072B00086423AD1BAF1000F42D126E0BAF1000F6E
:1072C00013D00220F9F79EFA00F016FE8DED020BA6
:1072D0009DED240B8DED000B10EE900A039961F3E8
:1072E0001E0003909DED020BAAE78DED02AB9DED14
:1072F000240B1AEE901A10EE900A8DED000B61F33C
:107300001E0003909DED020B9AE78DED028B9DED23
:10731000240B18EE901A10EE900A8DED000B61F31D
:107320001E0003909DED020B8AE709DA9DED240B08
:1073300051EC190B53EC102B01F0E0F81EE020E0AB
:107340009DED240B7CE786421BDAB4F1804F0DD013
:10735000A4F10050B0F1FF5013D1002D11DB9DEDD1
:10736000240B51EC100B00F05FFF07E09DED240BA8
:1073700053EC102B51EC100B00F0C2BC41EC100B85
:107380005EE79DED240B51EC100B00F035FEBAF1D9
:10739000000FCDE90E0142D19FED710B46B3A6F16E
:1073A000E040B0F17F600CD05E4538D1002D00DAAE
:1073B000A7B3022F0CBF01204FF0FF3001F023FADA
:1073C000DCE7002D01DD002C0DDA002D01DD002CA5
:1073D0001FDB002D16DA002C14DB012F08BF9FEDF8
:1073E000620B3FF42DAFB0EE4A0AF0EE6A0A27E7CF
:1073F000022F18BF002D0CD0012F0AD1002DFFF64F
:107400001FAF06E0002DB8BF002C08DA012F3FF4B3
:1074100017AFB0EE480AF0EE680A11E71BE0012052
:1074200000EBE57050EA070115D0791EB0EE498AED
:10743000F0EE698A084308BF9FED4D8B4E4800254A
:10744000804570DD4D494E48884514DDB0420DDB66
:10745000002C19DB2FE00120F9F7D4F916B000F069
:107460008DBC04B0BDE8F04D00F036BDB34502DC84
:10747000002C09DC1FE0864202DA002C1BDA03E054
:107480005E452BDD002C16DD0220F9F7BBF900F07C
:1074900033FD8DED020B53EC1A2B51EC180B01F060
:1074A00019FACDE900010399019861F31E000390D8
:1074B0009DED020BC4E60220F9F7A4F900F02CFDC3
:1074C00010EE901A18EE900A8DED020B8DED008BE8
:1074D00061F31E0003909DED020BB1E69DED0E0BD6
:1074E00053EC192B51EC100B01F05AFC9FED260BBD
:1074F000CDE9080153EC102B9DED080B51EC100B5E
:1075000001F0E8F99FED221B53EC112B01F070FB09
:107510009DED081B53EC112B01F0DCF99FED1E1BB8
:1075200053EC112B3CE08CE0FFFF1F00FFFF0F002E
:10753000000000000000F03F0000F03F0000F07F7E
:107540000000404301FCFFFF000000000000F07F4E
:107550000000000000000000F62000000000000015
:107560000000000000000080000000000000F0FFAC
:10757000000000000000F0BF0000E0410000F04308
:10758000FFFFEF3F00000000000000000000D03FC0
:10759000555555555555D53F000000000000E03FBA
:1075A00001F026FB9DED080B41EC1A0B53EC102B60
:1075B00051EC100B01F08EF953EC1A2B01F08AF903
:1075C00041EC1A0B9FEDFE0B53EC102B9DED080BBD
:1075D00051EC100B01F07EF941EC1B0B9FEDFA0B07
:1075E00051EC1A0B53EC102B01F074F941EC1A0B0F
:1075F0009FEDF70B53EC102B9DED080B51EC100B8E
:1076000001F068F953EC1A2B01F0CAFB41EC1A0B9C
:1076100051EC1B0B53EC1A2B00F0B4FE0690CDE995
:1076200006519DED060B53EC1B2B51EC100B01F09A
:10763000B7FB53EC1A2B01F0DBFA41EC100B00F016
:10764000A1B90020B6F5801F0EDA9FEDE30B53ECD5
:10765000102B9DED0E0B51EC100B01F03BF9CDE919
:107660000E016FF034000E4600EB2650A0F2FF37FB
:10767000C6F31300DA4940F07F6646F04056884270
:10768000D8BF002408DDD7498142C8BF012403DCEC
:107690000024A6F580167F1CD348784400EBC40074
:1076A0000F9690ED00CB9DED0E0B53EC1C2B51EC87
:1076B000100B01F075FB9DED0E0B41EC1B0B53EC19
:1076C0001C2B51EC100B00F05DFE41EC100B51EC4B
:1076D000190B53EC102B00F011FF41EC1D0B51EC7A
:1076E0001B0B53EC1D2B01F0F5F841EC1A0BBF48B6
:1076F0008DED10AB7844109590ED000B4FF00050DD
:1077000040EA660000EB84408DED080B00F5002098
:1077100009909DED080B53EC1C2B51EC100B01F064
:107720003FFB9DED0E1B53EC112B01F061FA41EC78
:10773000100B53EC102B9DED100B51EC100B01F0C6
:10774000C9F89DED080B41EC1C0B53EC102B9DED83
:10775000100B51EC100B01F0BDF853EC1B2B01F09A
:1077600047FA53EC1C2B01F01BFB53EC1D2B01F0D3
:10777000B1F841EC1C0B53EC1A2B51EC1A0B01F035
:10778000A9F841EC1B0B9A480621B0EE4B0AF0EE2B
:107790006B0A784400F000FBB0EE401AF0EE601A7D
:1077A000B0EE41DAF0EE61DA53EC1B2B51EC1B0B1F
:1077B00001F090F853EC1D2B01F08CF89DED100BAF
:1077C00041EC1B0B53EC1A2B51EC100B00F0DAFDC3
:1077D00053EC1C2B01F07EF853EC1B2B00F0D2FD78
:1077E0009DED100B41EC1B0B53EC102B51EC100BCF
:1077F00001F070F841EC1D0B9FED7FEB53EC1E2B5D
:1078000000F0C0FD53EC1B2B00F0BCFD0890CDE94F
:1078100008519DED080B53EC1E2B51EC100B01F0A1
:10782000BFFA53EC1D2B01F0BBFA53EC1B2B01F0FC
:10783000DFF99DED080B41EC1D0B53EC102B9DED7A
:10784000100B51EC100B01F045F841EC1B0B53EC05
:107850001A2B51EC1D0B01F03DF89DED080B41EC8E
:107860001A0B53EC102B51EC1C0B01F033F853ECBA
:107870001A2B00F087FD41EC1A0B51EC1B0B53EC5B
:107880001A2B00F07FFD0C90CDE90C519DED0C0BF7
:1078900053EC1B2B51EC100B01F082FA53EC1A2B1A
:1078A00001F0A6F941EC1B0B9FED550B53EC102B8F
:1078B0009DED0C0B51EC100B01F00CF841EC1A0B88
:1078C0009FED510B51EC1B0B53EC102B01F002F808
:1078D00041EC1B0B9FED4E0B53EC102B9DED0C0B55
:1078E00051EC100B00F0F6FF53EC1B2B00F04AFD9F
:1078F00041EC100B4848784400EBC40090ED001BAD
:1079000051EC100B53EC112B00F03CFD41EC1B0B28
:10791000384600F078FFCDE9080153EC1B2B51EC01
:107920001A0B00F02FFD41EC100B3C48784400EBA3
:10793000C40090ED00CB51EC100B53EC1C2B00F06D
:1079400021FD9DED081B53EC112B00F01BFD069053
:10795000CDE906519DED080B53EC102B9DED060B68
:1079600051EC100B01F01CFA53EC1C2B01F018FA2F
:1079700053EC1A2B01F014FA53EC1B2B01F038F9DD
:1079800041EC100B9DED261B53EC102B8DED001BD5
:1079900000959DED260B51EC100B00F09BFF9DED2B
:1079A000000B41EC1A0B53EC102B9DED260B51EC08
:1079B000100B01F0F5F99DED061B53EC112B2FE098
:1079C000000000604715F73FFE822B654715F73F23
:1079D00044DF5DF80BAE543E000000000000404361
:1079E0008E9803007AB60B00721C0000A01C0000E9
:1079F000AA1B00000000000000000000000008407A
:107A0000000000E009C7EE3FFD033ADC09C7EE3F86
:107A1000F5015B14E02F3EBE361A0000F01900009D
:107A200000F058FF53EC1A2B00F0ACFC9DED060B58
:107A300041EC1A0B53EC102B9DED000B51EC100B8D
:107A400000F048FFCDE90C019DED0C0B51EC1A0B39
:107A500053EC102B00F096FCCDE902010C46AA492C
:107A60008C422FDB611A084318D19DED0C0B53ECAF
:107A7000102B9DED020B51EC100B01F091F941EC34
:107A80001B0B9FEDA30B51EC1A0B53EC102B00F0CA
:107A900079FC53EC1B2B01F01BF82DD20220F8F7D8
:107AA000B1FE00F029FA10EE901A18EE900A8DED52
:107AB000020B8DED008B61F31E0003909DED020B18
:107AC000FFF7BEBB944A24F00041914214D393497E
:107AD000214408437FF4EFAC9DED0C0B53EC102BCD
:107AE0009DED020B51EC100B01F05AF953EC1A2BDF
:107AF00000F0EEFF7FF6DFAC24F000408849894AB1
:107B0000002601EB205182422BDA481C4FF48011F1
:107B100021FA00F02044844AC0F30A517A44A1F2C9
:107B2000FF3192ED000B814A8DED080BCA4020EA2F
:107B30000202C0F3130040F48010C1F1140120FAD6
:107B400001F60992002CB8BF76429DED080B53EC6C
:107B5000102B9DED0C0B51EC100B01F021F9CDE930
:107B60000C019DED0C0B51EC1A0B53EC102B00F09B
:107B700009FC9FED6F0B0890CDE9085153EC102BD9
:107B80009DED080B51EC100B00F0A4FE41EC1B0B1B
:107B90009FED690B53EC102B9DED080B51EC100B76
:107BA00000F098FE9DED0C0B41EC1C0B53EC102BE0
:107BB0009DED080B51EC100B01F0F2F853EC1A2B71
:107BC00001F016F89FED5E1B53EC112B00F082FEC6
:107BD00053EC1C2B00F0D6FB41EC1A0B51EC1B0BA9
:107BE00053EC1A2B00F0CEFBCDE902019DED020B08
:107BF00053EC1B2B51EC100B01F0D2F853EC1A2B69
:107C000000F0F6FF9DED020B41EC1A0B53EC102B2C
:107C100051EC100B00F05EFECDE908014A489DEDE5
:107C2000080B0521784400F0B7F89DED081B51ECD6
:107C3000100B53EC112B00F04DFE9DED021B53EC8D
:107C4000112B00F0D5FFCDE906019DED020B53ECA1
:107C50001A2B51EC100B00F03DFE53EC1A2B00F0E8
:107C600091FB9FED3B0B41EC1A0B53EC102B9DED60
:107C7000060B51EC100B01F093F89DED060B41EC57
:107C80001B0B53EC102B9DED020B51EC100B00F075
:107C900021FE53EC1B2B00F031FC53EC1A2B01F0AE
:107CA0007FF89DED021B53EC112B01F079F853EC9A
:107CB000192B00F09DFFCDE9020101EB06500115E3
:107CC0000029C8BF039015DC9DED020B324651EC34
:107CD000100B01F0FEF9FFF7E4F8042808BF00F0EC
:107CE0001BF932469DED020B51EC100B01F0F1F93E
:107CF000CDE902019DED020B51EC180B53EC102B5A
:107D000000F0E8FDFFF73ABB0000904000000000E3
:107D1000FE822B654715973C00CC904000346F3FA6
:107D200001FCFFFF0000E03F78180000FFFF0F009C
:107D300000000000432EE63F396CA80C615C20BEB9
:107D4000EF39FAFE422EE63F48170000000000001F
:107D50000000000000000040BDEC088BBDEC06CB2D
:107D6000FFF720BABDEC088BBDEC06CBFFF758BA85
:107D7000BDEC088BBDEC06CBFFF765BABDEC088BFC
:107D8000BDEC06CBFFF76DBB10B551EC100B00F04E
:107D9000D5FE41EC100B10BD70B504462DED028BE5
:107DA0004D1E00EBC500B0EE408AF0EE608A90ED0B
:107DB000000B35F0060017D053EC182B51EC100BCC
:107DC00000F088FD41EC100B6D1E04EBC50090ED3A
:107DD000001B51EC100B53EC112B00F0D3FA41ECCB
:107DE000100B35F00600E7D1022D36D0042D1CD043
:107DF000062D1CBFBDEC028B70BD53EC182B51EC53
:107E0000100B00F067FD94ED0A1B53EC112B00F0F2
:107E1000B9FA53EC182B00F05DFD94ED081B53EC00
:107E2000112B00F0AFFA41EC100B53EC182B51EC76
:107E3000100B00F04FFD94ED061B53EC112B00F0DE
:107E4000A1FA53EC182B00F045FD94ED040B53EC14
:107E5000102B00F097FA41EC100B53EC182B51EC5F
:107E6000100B00F037FD94ED021B53EC112B00F0CA
:107E700089FA53EC182B00F02DFD94ED001B53EC08
:107E8000112B00F07FFABDEC028B41EC100B70BDA2
:107E90009FED070B10B553EC102B9FED070B51EC2A
:107EA000100B00F02BFB41EC100B10BD000000008C
:107EB0000000000000000000000000000000F03F93
:107EC00010B553EC112B51EC100B00F05BFA41ECA8
:107ED000100B10BD000000009FED050B10B553EC1A
:107EE000102B51EC100B00F009FB41EC100B10BDF6
:107EF00000000000000000009FED050B10B553ECE2
:107F0000102B51EC100B00F0E5FC41EC100B10BDF8
:107F100000000000000000709FED050B10B553EC51
:107F2000102B51EC100B00F0D5FC41EC100B10BDE8
:107F3000000000000000001030380A2801D20120A3
:107F4000704700207047704700EE100A9FED0B1A33
:107F5000B8EE400AC0EE010A9FED091A9FED090A2A
:107F600010EE810ADFED080A9FED081A60EE200A84
:107F70009FED070A00EE810A7047000000F07F4580
:107F8000B6F355406666D63FD7A3003F9A99214184
:107F90008FC2F53C10B504460420FBF741FF0148B1
:107FA000046010BD3800002070B5054600244FF471
:107FB0007A7603E0304600F005F8641CAC42F9D351
:107FC00070BD000070B54FF0E02500216C69094AD2
:107FD000AB6912685043AA699A42FCD002D2A3EB63
:107FE000020302E0A4EB0206334419441346814223
:107FF000F1D370BD3800002082B0CDE9000121F03E
:10800000004001909DED000B02B051EC100B704749
:1080100004490A685206FCD5024AC1B20C321180EA
:10802000704700001C4800405F4E8AB0AA20F070E4
:10803000FAF722FFFEF780FA5020FFF7ABFFF9F7BF
:10804000A3FEFCF72DFCFCF741FC4FF4E13000F0FF
:1080500023F9012208215548FAF7FAFEFCF78EFCB5
:10806000FDF784FB524C012211032046FAF7F0FE83
:10807000F9F780FD06F11E00F9F7C8FDF9F736FEA5
:10808000F9F700FE012204212046FAF7E1FE642000
:10809000FFF78AFFFCF79EFB00F09CF86420FFF7D7
:1080A00083FF45484349494D016044498160444943
:1080B00041604449C1604449016129688847E968D1
:1080C00043488847002440F6B83A059406940222B3
:1080D000CDE9074A09204FF008098DE805024FF065
:1080E0000108CDE903481346EF69224616214046B0
:1080F000B8470994CDE904480694CDE900490794AE
:1081000008940294039402230922AC6919460120C1
:10811000A0473078B8B1284C50201C340122207080
:10812000492060704E20A0704720E0700421204656
:10813000FCF7A6FE3081010A21716071AA6A06214E
:108140002046904702E0696B504688471A4F8024CA
:10815000A83740F2DC58F9F787FE0120FFF724FF2B
:10816000F9F79AFE0520FFF71FFFF9F7C5FE01207A
:10817000FFF71AFF286E80470F482146347101220D
:10818000A830FCF77DFE30813179030A7A18891C0A
:10819000537090700848AA6AC9B2A8309047404608
:1081A000FFF702FFD7E700000000002000080048AA
:1081B00000040048654B0008E00800206D4A0008F4
:1081C0007D4B00080D4B0008094B0008B0910008DA
:1081D0008050DE1910B508210D4800F01DF84FF44D
:1081E0007A742046FFF7E0FE0821094800F014F8F1
:1081F0002046FFF7D9FE06480821083000F00CF8A9
:108200006010FFF7D1FEBDE810400248FBF761BFE8
:108210003E000020D00A00200A460146642301489F
:10822000FCF707B9D00A002000B52DED048B83B010
:1082300041EC190B00F0E8FC41EC180B18EE100AA9
:1082400018EE901A8DED008B002818BF012008430E
:1082500020F00040C0F17F6000F1E040C00F14D07A
:1082600019EE101A19EE900A8DED009B002918BF27
:108270000121084320F00040C0F17F6000F1E040A0
:10828000C00F04BF0120F8F7BDFA51EC180B03B082
:10829000BDEC048B00BD000010B50F4C0D49C4E9C6
:1082A00000100020A060E0602061A0610C206061EF
:1082B0002046FBF7DDFF2068016841F020010160E6
:1082C0002720FAF71FFE0322BDE8104011462720A1
:1082D000FAF724BE00480040D00A002010B500295B
:1082E0000AD00878002807D005487844F8F794FEAB
:1082F000002801D0002010BD0248784410BD0000C5
:108300006A1100006211000081F00041704780F0A6
:108310000040704721F00041704720F00040704756
:1083200021F00042A2F16052B2F5801F01F000433B
:1083300028BFD2F17F6C0BD95FEA001C43EAC2026E
:1083400042EB507018BF704728BF20F00100704703
:10835000B2F5801FBCBF184670474FEA410C1CF5B0
:10836000001F02D2084600F07BBE70B500F05CFB37
:1083700000000089FFF7F6BF4FF00040A0F5800035
:108380007047000010B591EA030F48BF83F0004327
:1083900000F10E85841A71EB030C05D2121943EB20
:1083A0000C03001B61EB0C01DFF824E14FEA1154D0
:1083B000A4EB135C1EEA430F18BF9EEA445F73D020
:1083C00023EA0E03DCF1200E21EA045143F480136A
:1083D00032D322FA0CFE10EB0E0023FA0CFE41EB16
:1083E0000E01CCF1200E03FA0EFE10EB0E0051F13F
:1083F0000001B1F5801FCCF1200E32D201EB045107
:1084000012FA0EF2BDE8104058BF7047401C38BF4A
:108410005FEA420218BF7047002814BF20F0010035
:1084200041F100014FEA410313F5001F38BF7047C7
:10843000A1F1C04100F046BB012A43EB0302ACF1BD
:10844000200CDCF11F0E32BF4FF0000E23FA0CF3AC
:1084500010EB030041EB0451B4EB115FD0D0A1EB62
:10846000045101F5801149085FEA300001EB045125
:108470000ED350F1000038BF12FA0EFE08D1BDE84D
:108480001040C9E7401C38BF5FEA4202CAD1C3E7C7
:10849000BDE810404FEA410313F5001F38BF704795
:1084A000A1F1C04100F00EBB9EEA445F08D011EA82
:1084B0005E0FBDE8104004BF01F00041002070478E
:1084C000BDE8104070B500F0AFFA00BF64FBBE3EDF
:1084D0000000E0FF02494FF0000000F0C8BD00BFFF
:1084E0000000F87F491058BFC1F140415B1058BFF0
:1084F000C3F140438B42EFF3008070472DE9C04148
:1085000030B4DFF8A0C23CEA111418BF3CEA1314DF
:1085100000F0EC8081EA03051CEA111444EAD574EA
:1085200018BF1CEA131500F0C780A4EB05044FF038
:10853000004545EAC12145EAC32341EA505143EAD7
:10854000525304F17F74994204F500344FEAC0207D
:108550004FEAC22208BF904200F09C804FEA1365A8
:108560000FF24016765D4FEA134506FB05F7C7F19B
:10857000807706FB07F74FEAD737A7FB03687642F9
:10858000C8F58038A7FB06CE38BFA8F1010807FB65
:1085900008E64FF0000EA6FB028CE6FB03CEDCF1F2
:1085A000000CCEF1004E38BFAEF1010EA6FB0C5808
:1085B0004FF000074FF00005E6FB0E87A1FB08C651
:1085C000A0FB07CE16EB0E0645F10005E1FB0765A3
:1085D00015F1E04E7EBFA4F580345FEA46066D419A
:1085E00016F1800745F100054FEA17274FEA0666A6
:1085F00047EA0567A6F1DE46B6F1805F4FEA15252A
:108600001FD9384624F0010C05EBC471BCF1FE6F94
:1086100001EB0C1102D8F0BCBDE8008124425CBF24
:1086200001F5801E9EEAC47F02D4F0BCBDE8008143
:10863000244238D4F0BCA1F1C041BDE8004100F0B3
:1086400041BA4FEAD22242EA43524FEAD323A7FB70
:1086500002864FEAD02040EA415007FB03661EEA3B
:108660000E0F4FEAD12105FB026658BFA6EB00565C
:10867000B6EB00564FEA520E4EEAC37E18EB0E0ED2
:1086800056EB530EBDD518EB02085E417F1C55F129
:108690000005B6E74FF480154FF000074FF00006D5
:1086A0004FF00008ADE7F0BC4FF0000001F1C04111
:1086B00001F00041BDE8008111EA0C1F0CEA13151E
:1086C00000D00CE013EA0C1F00F025804FF00000F2
:1086D000F0BC81EA030101F00041BDE80081F0BC7B
:1086E000BDE8004181EA030100F0ECB9F0BCBDE84F
:1086F000004170B500F098F9097EFC3E00F007B823
:1087000081EA03014FF0000001F00041704781EA67
:10871000030100F0D7B9F0BCBDE800414FF0000004
:1087200021497047FFFDFBF9F7F5F4F2F0EEEDEBB0
:10873000E9E8E6E4E3E1E0DEDDDBDAD8D7D5D4D35F
:10874000D1D0CFCDCCCBCAC8C7C6C5C4C2C1C0BFAB
:10875000BEBDBCBBBAB9B8B7B6B5B4B3B2B1B0AFB1
:10876000AEADACABAAA9A8A8A7A6A5A4A3A3A2A195
:10877000A09F9F9E9D9C9C9B9A9999989797969550
:1087800095949393929191908F8F8E8E8D8C8C8BEC
:108790008B8A898988888787868585848483838274
:1087A000828181800000FF070000F87F4FEA1153AB
:1087B000A3F58063D3F11E03A8BFD3F1200C08DB1F
:1087C0004FF0004242EAC12252EA505232FA03F01C
:1087D000704709420BD4102BC4BF0020704703F52B
:1087E000787CBCF1FF3F05D04FF0FF3070474FF071
:1087F0000000704770B500F017F900BF499224805F
:1088000000207047F0E710F0004248BF4042B0FA45
:1088100080F310FA03F10AD0C3F11D0303F580635E
:108820004FEA415002EB035202EBD12170474FF067
:1088300000007047B0FA80F310FA03F10AD0C3F1D8
:108840001D0303F580634FEA41504FEA035202EBE8
:10885000D12170474FF000007047000051EA030C2F
:1088600017D41CF5801F58BFBCF5801F00F106808F
:10887000994218BF704708BF9042704707D711F55B
:10888000801F58BF13F5801F19D499427047894241
:1088900070471CF5801F08D5BCF5801FF7D58B42AB
:1088A00018BF704708BF824270474FF4001C1CEB92
:1088B000410F38BF1CEB430F01D28B42704770B59C
:1088C00000F0B2F8922449004FF000514FF080536D
:1088D000FFF708BEDFF848C170B51CEA111E1EBFC5
:1088E0001CEA13159EEA0C0F95EA0C0F00F06F803E
:1088F00081EA030423EA4C134EEAD47E21EA4C11A8
:1089000041F4801143F48013AE44A1FB024CA0FB60
:108910000365AEF17F7E361955EB0C05A1FB034CC8
:108920004CF10003A0FB021C16EB0C06654153F151
:108930000003094218BF46F0010613F4007F0BD173
:108940004FEA03314FEA0530340341EA155140EA5A
:1089500016506FF003020AE04FEAC3214FEAC52028
:10896000F40241EA555140EA56506FF0020202EB20
:108970002E4201EB025585EACE710AD05FEA440C23
:1089800018BF24F0004450F1000041F1000120EA3A
:10899000D47040F2FE7C624500D270BDA84214BF84
:1089A0004FF080444FF04044002E08BF0024BEF139
:1089B000806FA8BFA1F1C041BDE8704080F2828005
:1089C0004FF0000001F1C04101F0004170479EEA04
:1089D0000C0F0CEA131518BF95EA0C0F06D04FF0D8
:1089E000000081EA030E0EF0004170BD00F01CF89B
:1089F0008900013E00F007B800F009B84FEA430CC7
:108A00005FEA5C5C08D081EA030100F05BB84FEAE2
:108A1000410C5FEA5C5CF6D14FF000000149704701
:108A20000000FF070000F87F0EF1020E2EF0030E8B
:108A30005EF8046B364205D4012A43EB030515F5B5
:108A4000001F12D8012841EB010C1CF5001F0CD8A7
:108A50000ED14FEAD17C15F5001F0CEB4C0C0CF13C
:108A6000020C08BF4CEBD37C04E04FF0080C01E093
:108A70004FEAD37C0CEB4C0526FA05F606F0070608
:108A8000B6F1040C06D20EEB860CBDE870404CF03B
:108A9000010C6047DFE80CF0090B02024FF00041C7
:108AA0004FF00000A1F5002170BD194610460128C5
:108AB00051EB010418BFD4F5001484BF002001F06D
:108AC000004170BD0808A0F500114FEA3101704760
:108AD00053EA010C17D41CF5801F58BFBCF5801F4A
:108AE00000F106808B4218BF704708BF8242704772
:108AF00007D713F5801F58BF11F5801F19D48B427B
:108B000070479B4270471CF5801F08D5BCF5801F3D
:108B1000F7D5994218BF704708BF904270474FF48D
:108B2000001C1CEB430F38BF1CEB410F01D29942D4
:108B300070470FB40CBC03BCFFF7C1BE5FEA410C29
:108B40005FEA5C5CACF580635B1C39D4D3F1340222
:108B500040F34580B2F1200314DA4FF0010C0CFA17
:108B600002FCACF101030340B3EB5C0220EA03001A
:108B700008BF10EA0C0F98BF704710EB0C0041F1D2
:108B8000000170470AD0C3F1200201FA02FC01285B
:108B900021FA03F101FA03F14CF100004FF0010C4E
:108BA0000CFA03FCACF10103B0F1004F21EA030120
:108BB00008BF11EA0C0F4FF0000088BF61447047F6
:108BC000B3F1FF3F28BF50EAC12C01F000414FF044
:108BD000000084BF41F07C5141F470017047B3F54F
:108BE000806FB8BF704770B5FFF71EFF40DBB6BEA1
:108BF00091EA030F10B581F000413FF5CBAB83F054
:108C0000004300F0D5B800002DE9F04101F5801CCB
:108C1000BCF5001FC0F2A9804FEA115C21EA0C519B
:108C20000CF1FD0C41F480115FEA5C0C0CF5C07C8A
:108C300001D34000494130A4890241EA90518702A2
:108C40008E0E0A0CA45D04FB04F602FB06F6C6F1C8
:108C50004046A4FB0662F60D46EA422606FB06F4F1
:108C6000A4FB01235242C3F1404338BF5B1EA6FB65
:108C700002420024E6FB0324D20B42EA4446A6FB50
:108C80000623A1FB02E2A3FB07E4E3FB614264428B
:108C9000C2F1404E38BFAEF1010EA6FB04234FF0E7
:108CA0000002E6FB0E32A2FB03463400E2FB6264E4
:108CB000A1FB06E6A4FB07E8E4FB61687642C8F185
:108CC000405838BFA8F10108A2FB06E4A3FB08E561
:108CD000E2FB6854A1FB05E6A7FB04E8E1FB648620
:108CE00018F1200556F10006A809A8F11B08B109E2
:108CF00008F03F08B8F10A0F40EA86601CD901EB82
:108D00000C51BDE8F08100BFFCF5EEE8E2DDD8D300
:108D1000CFCBC7C3C0BDB9B6B4B1AEACA9A7A5A3EC
:108D2000A19F9D9B9A9896959392908F8D8C8B89FD
:108D30008887868584838281A0FB006800FB01F21E
:108D400008EB4208B8EB872807D5341858EB010424
:108D5000D5D5401C51F10001D1E7341A78EB01045C
:108D6000CDD4401E71F10001C9E75FEA4C0C5FEA07
:108D70009C5C0DD105D34FF0000001F00041BDE82F
:108D8000F081BDE8F04170B5FFF74EFE6DDBFFBE30
:108D9000BDE8F0414FF00000004970470000F87F47
:108DA00010B591EA030F48BF83F000433FF5F2AAE4
:108DB000841A71EB030C07D212198CF0004C43EBB0
:108DC0000C03001B61EB0C01DFF8A4E14FEA115426
:108DD000A4EB135C1EEA430F18BF9EEA445F00F049
:108DE000B08023EA6E03524221EA0451C3EB6E03C2
:108DF00038BF5B1EDCF1200E25D322FA0CFE10EBEF
:108E00000E0043FA0CFE41EB0E01CCF1200E03FAEA
:108E10000EFE10EB0E0051F10001CCF1200E29D412
:108E200012FA0EF201EB0451BDE8104058BF704732
:108E3000401C1CBFB2F1004F704700280CBF491CFA
:108E400020F00100704712EB020E43EB030218BF43
:108E50004FF0010E4EEA4202ACF1200CDCF11E0E86
:108E600054D943FA0CFE10EB0E0051F1FF31CCF156
:108E70001E0ED5D50EF1010E12FA0EFE404141EB49
:108E8000010101EB445C5FEA5C5C10D910EBDE7021
:108E900001EB045138BFBEF1004FBDE8104018BFD0
:108EA000704700280CBF491C20F00100704730D2E9
:108EB0004FEAD42C11F5001124F400641BD0B1FA50
:108EC00081F20B3AA41AA41ED2F12003914030FA89
:108ED00003F31943904001EBCC71002C01EB0451DA
:108EE000BDE81040A8BF704701F1C0414FF000003D
:108EF00001F000417047B0FA80F310FA03F100D19D
:108F000010BDE41A173C4805C90AE4E701EB045117
:108F100010BD491001EB0451BDE810404FEA30008C
:108F200002E04FF0000170474A0008BF0042F8D04D
:108F3000B2F5001F28BF704701F000414FF000005C
:108F400070479EEA445F07D011EA5E0FBDE810400B
:108F500004BF002100207047BDE8104070B5FFF746
:108F600063FD00BF40DFF63E83F0004110467047CE
:108F70000000E0FF43004FEAD30C4FEA3C0C4340B3
:108F80001FBF40070CF1605113F0FE4F70471CF0FB
:108F9000006F03D100200CF0004170470CF000433B
:108FA00043EA507010B540EACC0000F00EF800BF64
:108FB000000000924FEA0001FFF784BD4FF000412E
:108FC0004FF00000A1F5002170470EF1020E2EF0C7
:108FD000030E5EF8044B244204D44FEA4102B2F17E
:108FE0007F4F11D84FEA4003B3F17F4F0CD80ED119
:108FF0004FEAD07CB2F17F4F0CEB4C0C0CF1020C21
:1090000008BF4CEBD17C04E04FF0080C01E04FEAC4
:10901000D17C0CEB4C0324FA03F404F00704B4F104
:10902000040C06D20EEB840CBDE810404CF0010C91
:109030006047DFE80CF0070802024FF00040A0F59F
:10904000800010BD0846420018BFD2F1807288BF70
:1090500000F0004010BD4FF04070E1EE100A704784
:10906000FF2141EAD050C0057047F7F703BD0CF06F
:109070000F03092B08BF082000F059800A2B0BD0E2
:10908000082B18BF704708BF1CF0400F0AD04FF0E4
:1090900000004FF0000170471CF0400F18BF4FF068
:1090A000004070471CF0100F08D020F0704300F013
:1090B0007F4242EAD3014FEA4370704700F06040BC
:1090C00021F07F4242EA000201F07F4040EA7270E4
:1090D00070474FF0FF0C4CF4E06C1CEA11531CBFBE
:1090E0009CEA030C9445C2BFDA4201EB025170477F
:1090F000002B0DD0BCF1000F0FD0002A01F0004171
:10910000A4BF41F0E04141F07F614FF000007047A3
:1091100001F000414FF00000704750EA01334FF07A
:109120009B0C18BF4CF0806C7FF4D4A970471CF4E2
:10913000801F11D01CF4E02F03D06FEACC3149001E
:1091400070474FF04050EFF3008222F0704242EA45
:10915000000282F3008870474FF0000070475049CA
:109160004E4700504F4E4700000000000000000036
:109170000102030406070809A0860100400D030050
:10918000801A060000350C0040420F0080841E004B
:1091900000093D0000127A000024F40000366E0140
:1091A0000048E801006CDC0200000000010203043A
:1091B000214F0008FD4E0008695100083D5100088C
:1091C0003950000869500008D1510008B553000813
:1091D0007D4E00083D55000801510008215500084A
:1091E00033550008A9500008395500080B550008F0
:1091F000A55000084D5700089D5000085157000821
:10920000A150000841510008995100081B4F000867
:10921000654F0008D5500008AF530008040506004C
:10922000C01200001F000000A81600001700000078
:10923000841C00000F000000E42500001E00000058
:10924000B42D000016000000083900000E000000D8
:109250002C4C00001D000000685B000015000000A1
:10926000747200000D000000589800001C000000FF
:1092700034B7000014000000E8E400000C00000017
:10928000783101001B000000686E0100130000002F
:1092900034CA01000B000000286202001A0000001E
:1092A00040DB0200120000003C9303000A000000B3
:1092B000C0C204001900000060B3050011000000E6
:1092C000382007000900000020A10700000000006E
:1092D00030313233343536373839414243444546EC
:1092E00040305800303132333435363738396162E6
:1092F00063646566403078000400000800000000E8
:10930000000000020001000010000000000000004A
:10931000000000000000F03F000000000000F83FE7
:1093200000000000000000000000004003B8E23F21
:10933000000000000000000006D0CF43EBFD4C3ED3
:10934000033333333333E33FFFAB6FDBB66DDB3FC8
:109350004D268F515555D53F01411DA96074D13F10
:1093600065DBC9934A86CD3FEF4E454A287ECA3F0A
:109370003E5555555555C53F93BDBE166CC166BF8C
:109380002CDE25AF6A56113FF16BD2C541BDBBBE85
:10939000D0A4BE726937663E0000000000000000E5
:1093A00002400000000000A0000000000540000096
:1093B000000000C8000000000C4000000000409CBD
:1093C00000000000194000000020BCBE00000000AA
:1093D00034400000BFC91B8E00000004B5400000EF
:1093E000504BCFD06607E2CF010000006C41000077
:1093F0003E8251AADFEEA73401000000D9420000EE
:10940000DCB5A0E23A301F97FFFFFFFFB445000034
:10941000FD25A0C8E9A3C14FFFFFFFFFFF3F0000EC
:109420000000008000000000FF3F000000000080FE
:1094300000000000709400080000002010010000EF
:10944000C40100088095000810010020E01300000E
:10945000E00100081C00000043000000F8FFFFFFCF
:109460000C0000000E0000000F0000002E000000A5
:1094700000000000000040000000000000000000AC
:1094800000000000000000005A5A030000B700006E
:1094900000000000000000000000000000000000CC
:1094A00000093D00000000000000000000005A5AC2
:1094B000060C000300C95A5A060E000200CA00003A
:1094C000000000000000000000000000000000009C
:1094D000FF0000000000000000000000000000008D
:1094E0000000000000000000FCA9F1D24D624040E5
:1094F000FCA9F1D24D623040FCA9F1D24D6220406E
:10950000FCA9F1D24D621040FCA9F1D24D6200409D
:10951000FCA9F1D24D62F03FFCA9F1D24D6230407E
:10952000FCA9F1D24D622040FCA9F1D24D6210405D
:10953000FCA9F1D24D620040FCA9F1D24D62F03F8E
:10954000FCA9F1D24D62E03FFCA9F1D24D6220406E
:10955000FCA9F1D24D621040FCA9F1D24D6200404D
:10956000FCA9F1D24D62F03FFCA9F1D24D62E03F7F
:10957000FCA9F1D24D62D03F0000000000000000C5
:040000050800018965
:00000001FF
