:020000040800F2
:10000000580E002089020008931E000805180008F9
:10001000911E000875080008A127000800000000D4
:10002000000000000000000000000000BB200008ED
:100030007708000800000000B51E0008BD20000879
:10004000A3020008A3020008A3020008A3020008FC
:10005000A3020008A3020008A3020008A3020008EC
:10006000A3020008A3020008A3020008A3020008DC
:10007000A3020008A3020008A3020008A3020008CC
:10008000A3020008A3020008A3020008A3020008BC
:10009000A3020008A3020008A3020008A3020008AC
:1000A000A3020008A3020008A3020008A30200089C
:1000B000A3020008A302000875210008A30200089B
:1000C000A3020008A3020008A3020008A30200087C
:1000D000A302000835270008A3020008A3020008B5
:1000E000A3020008A3020008A3020008A30200085C
:1000F000A3020008A3020008A3020008A30200084C
:10010000A3020008A3020008A3020008A30200083B
:10011000A3020008A3020008A3020008A30200082B
:10012000A3020008A3020008A3020008A30200081B
:10013000A3020008A3020008A3020008A30200080B
:10014000A3020008A3020008A3020008A3020008FB
:10015000A3020008A3020008A3020008A3020008EB
:10016000A3020008A3020008A3020008A3020008DB
:10017000A3020008A3020008000000000000000025
:10018000A3020008A302000800F002F800F06DF8D6
:100190000AA090E8000C82448344AAF10107DA45E2
:1001A00001D100F062F8AFF2090EBAE80F0013F0C7
:1001B000010F18BFFB1A43F001031847581E010036
:1001C000781E01000A444FF0000C10F8013B13F0B8
:1001D000070408BF10F8014B1D1108BF10F8015BA0
:1001E000641E05D010F8016B641E01F8016BF9D193
:1001F00013F0080F1EBF10F8014BAD1C0C1B09D1EA
:100200006D1E58BF01F801CBFAD505E014F8016B5B
:1002100001F8016B6D1EF9D59142D6D370470000ED
:100220000023002400250026103A28BF78C1FBD8FF
:10023000520728BF30C148BF0B607047642900F0E7
:100240001781752900F01481782900F04D81632908
:1002500000F0A482732900F0A982002070471FB526
:1002600003F0A2FA1FBD10B510BD00F0D1FA11467F
:10027000FFF7F5FF02F0DCFA00F0EFFA03B4FFF746
:10028000F2FF03BC02F094FA09488047094800478E
:10029000FEE7FEE7FEE7FEE7FEE7FEE7FEE7FEE736
:1002A000FEE7FEE704480549054A064B7047000093
:1002B000312100088901000858080020580E00204C
:1002C000580A0020580A0020704753EA020C00F038
:1002D00069802DE9F04B4FF00006002B1FBFB3FAE9
:1002E00083F503FA05F424FA05F65E4012BF1643BF
:1002F000B2FA82F502FA05F4C5F120051EBF22FA12
:1003000005FC44EA0C04203556EA044C4FEA144438
:1003100018BF641C4FF000084FF00009904271EBC9
:10032000030C39D3002919BFB1FA81F701FA07F696
:10033000B0FA80F700FA07F6C7F120071EBF20FACF
:1003400007FC46EA0C062037B6FBF4FCA7EB0507D2
:10035000103F07F01F0BCBF120060CFA0BFB2CFA19
:1003600006F644BFB3460026202FA4BF5E464FF0DA
:10037000000B5BEA060C08BF4FF0010B19EB0B09F1
:10038000ABFB027C48EB0608C01B06FB02CC0BFB58
:1003900003CC71EB0C01C1E70B46024641464846CF
:1003A000BDE8F08B13B54FF000004FF00001AFF344
:1003B0000080BDE81C4070470FB4044910B503AA83
:1003C000029800F0F7F910BC5DF814FB1000002053
:1003D00070B5044685690068C10601D5302600E085
:1003E0002026C00707D070BDD4E9012130469047D0
:1003F000206A401C20626D1EF6D570BD70B50446A3
:1004000085690078C00707D170BDD4E9012120209B
:100410009047206A401C20626D1EF6D570BD70B5F5
:100420000C460546012A05D02878800600D5EA69E1
:10043000002302E0012305E05B1C934202D2E05C52
:100440000028F9D1A869E618C01AA861286A1844DA
:1004500028622846FFF7BCFF04E0D5E9012114F823
:10046000010B9047B442F8D32846FFF7C7FF70BD91
:100470002DE9F0410646002410687529314616A57D
:1004800010D0AFF30080002802DA404213A507E045
:1004900031688A0701D512A502E0490704D511A5E4
:1004A000012401E0AFF3008000210A2206F12407B5
:1004B00009E0B0FBF2FCB0FBF2F302FB1C003030B1
:1004C00078541846491C0028F3D123462A46304662
:1004D000BDE8F04100F0FFB8000000002D00000072
:1004E0002B0000002000000070B504460D46214698
:1004F0001068AFF300802188090502D50F4A7A44BD
:1005000002E00E4A7A440E32002104F1240305E091
:1005100000F00F060009965D5E54491C0028F7D1D3
:1005200020780023000704D5702D02D009B10223E2
:1005300011322046BDE8704000F0CDB86E180100C1
:100540002DE9F05F894604464FF0000ADFF874B1E8
:10055000FB44C0F820A02046E1688847002874D0FA
:10056000252806D0D4E901219047206A401C20624A
:10057000F1E700265F462046E168884720280546C7
:1005800007DB312D05D2781910F8200C08B106438D
:10059000F1E7B00701D526F00406C4F81CA0002737
:1005A000C4F818A02A2D09D0284602F0FAF838B36A
:1005B00004EB8708303DC8F8185019E059F8041BBF
:1005C000204604EB87029161E1688847012F0546C8
:1005D00018D1E069002820DA26F020061DE0D8F8BE
:1005E000180000EB800005EB40003038C8F8180018
:1005F0002046E1688847054602F0D3F80028EED18E
:10060000012F0AD02E2D08D12046E16888477F1C93
:100610000546022F46F02006C4DBA069002803DA55
:10062000404246F00106A061F00701D026F0100616
:100630006C2D0BD0682D09D04C2D39D06A2D35D0BA
:10064000742D35D07A2D33D016E038E0E1682F468E
:1006500020468847B842054609D16C2F26D04FF472
:100660008060E168064320468847054604E06C2F19
:100670001AD04FF4807006430DB3A5F1410019283C
:1006800002D8203546F400664A46294620462660B0
:100690004E46FFF7D3FD80B101280BD0F61D26F0A2
:1006A000070000F1080956E74020E4E78020D8E77A
:1006B0000020D6E706F104094DE7284652E7206AF4
:1006C00000F002B84418010030BCBDE8C09F70477C
:1006D0007047704770472DE9F0470D46994692469E
:1006E000044600F124080168880604D5E06921F079
:1006F0001001216000E00120A84201DD471B00E05D
:100700000027A1697A1902EB0900081AA061207874
:10071000C00602D42046FFF75BFE002608E0D4E9BD
:1007200001211AF806009047206A401C761C2062BE
:100730004E45F4DB2078C0060AD52046FFF748FE78
:1007400006E0D4E9012130209047206A401C206255
:10075000381EA7F10107F4DC07E0D4E9012118F8FD
:1007600005009047206A401C2062281EA5F1010563
:10077000F3DC2046FFF742FE2078000602D5022077
:10078000BDE8F0870120FBE710B5436913B1AFF373
:10079000008001E0FFF743FE012010BD127800F158
:1007A00024010A7000224A700122EDE711684FF01F
:1007B000FF32E9E7074B70B50D467B4400F011F8B6
:1007C0000446284600F020F810B14FF0FF3070BD0D
:1007D000204670BD5B20000001694A1C0261087858
:1007E000704700B58FB0CDE9013100210591054971
:1007F0007944CDE9031011466846FFF7A1FE0FB01A
:1008000000BD0000E5FFFFFF007B00F080007047A7
:10081000754600F02BF8AE4605006946534620F0B9
:100820000700854618B020B5FFF73CFDBDE8204025
:100830004FF000064FF000074FF000084FF0000B9C
:1008400021F00701AC46ACE8C009ACE8C009ACE84F
:10085000C009ACE8C0098D46704710B50446AFF337
:1008600000802046BDE81040FFF708BD00487047F3
:10087000F4070020FEE7704708B5034A00925223B0
:10088000F02201F06FFA08BDB083000830B50F48C0
:1008900087B0C16C41F01001C164C06C4FF460744A
:1008A00000F0100005900120CDE9004002900220E8
:1008B000074D03906946284600F034F8012221468E
:1008C000284600F018F907B030BD000000100240C3
:1008D0000010004810B590F825100024022903D01C
:1008E0000421C16301241AE001680A6822F00E02A3
:1008F0000A6001680A6822F001020A6090F8441058
:10090000012301F01C0203FA02F1026C516080F82D
:100910002530002180F82410816B01B188472046E2
:1009200010BD00002DE9F84FDFF8A091002209F179
:10093000040A0AF1040B4FF00F080BF1040EBEE09D
:1009400001249440234075D04D68022D01D0122D12
:1009500011D1D50800EB85073E6A5507ED0E08FA60
:1009600005FC26EA0C06D1F810C00CFA05FC4CEA8E
:10097000060CC7F820C007685500032691F804C08C
:10098000AE400CF0030CB7430CFA05FC4CEA070C24
:10099000C0F800C04F68012F05D0022F03D0112FDF
:1009A00001D0122F15D18768D1F80CC0B7430CFACB
:1009B00005FC4CEA070CC0F808C0476891F804C071
:1009C000A743CCF3001C0CFA02FC4CEA070CC0F85D
:1009D00004C0D1F804C06FEA0C07BF0706D1C76A8C
:1009E000A743CCF3C00494403C43C462C468B443FE
:1009F0008E68AE402643C6604C68E4005ED5344C39
:100A0000256E45F001052566246E22F0030504F0ED
:100A1000010400942F4C2E19B7689407250F08FA8B
:100A200005F4A743B0F1904F05D02B4CA04204D160
:100A300001241CE042E0002419E0284CA04201D12E
:100A4000022414E0264CA04201D103240FE0254CDF
:100A5000A04201D104240AE0234CA04201D1052484
:100A600005E0224CA04201D1062400E00724AC405E
:100A70003C43B460D9F800404D464E689C43F603B1
:100A800000D51C432C60DAF8004055464E689C4364
:100A9000B60300D51C432C60DBF800405D464E6871
:100AA0009C43F60200D51C432C60DEF800407546DE
:100AB0004E689C43B60200D51C432C60521C0B6848
:100AC00033FA02F47FF43CAF00F012B800040140A6
:100AD00000100240000001400004004800080048E7
:100AE000000C00480010004800140048001800489E
:100AF00018BCBDE8E08F0AB1816170478162704720
:100B000001480068704700000400002002480168A6
:100B1000491C0160704700000400002010B500244B
:100B2000052000F04FF8002000F008F808B101247B
:100B300001E000F01BF8204610BD000070B505462E
:100B400009484FF47A7100240068B0FBF1F000F01E
:100B50008BFC08B1012404E000222946501E00F05D
:100B600011F8204670BD000000000020704700F022
:100B70001F02012191404009800000F1E020C0F8EF
:100B800000117047F0B40E4B1B68C3F30223C3F18E
:100B90000704042C00D904241D1D072D01D20023B5
:100BA00000E0DB1E012606FA04F56D1E0D409D4097
:100BB0009E40761E164045EA0601F0BC01F06AB977
:100BC0000CED00E0064A00F0070110684FF6FF0345
:100BD000184040EA012003490843106070470000B4
:100BE0000CED00E00000FA051649B0F5007F08683A
:100BF000C0F3412009D0022805D0086820F4C06065
:100C000040F480600860002070470128FBD008682D
:100C100020F4C06040F4007008600B483222006885
:100C200050430A4AB0FBF2F0401C00E0401E4A6903
:100C3000520501D50028F9D148694005E3D50320C4
:100C400070470000007000400000002040420F008C
:100C50000248006800F4C060704700000070004067
:100C60002DE9F0470D4604005ED0DFF80881D8F882
:100C7000000000F00700A8420CD2D8F8001021F0C4
:100C800007012943C8F80010D8F8000000F0070059
:100C9000A84249D12078384EC0072BD0606803287D
:100CA00011D0022812D0316898B1490500293BDAE9
:100CB000B16821F003010143B160FFF721FF07464E
:100CC00041F288390FE031688901EFE73168890323
:100CD000ECE78907EAE7FFF713FFC11B494502D993
:100CE0000320BDE8F087B068616800F00C00B0EB4D
:100CF000810FF0D12078800705D5B068A16820F079
:100D0000F0000843B060D8F80010404601F0070139
:100D1000A9420BD9016821F007012943016000684D
:100D200000F00700A84201D00120DAE72078400750
:100D300005D5B068E16820F4E0600843B060207831
:100D4000000706D5B068216920F4605040EAC10070
:100D5000B06000F03BF8B168084AC1F30311515C80
:100D600001F01F01C84006490860BDE8F0470020B7
:100D7000FFF7E4BE0020024000100240B437000834
:100D8000000000200548064900688968054AC1F34B
:100D90000221515C01F01F01C84070470000002093
:100DA00000100240F43700080548064900688968C9
:100DB000054AC1F3C221515C01F01F01C8407047D0
:100DC0000000002000100240F437000870B5264BE8
:100DD000002210469968DC6811F00C0104F003064B
:100DE000224C4FEA640508D00C2904D0042925D0F0
:100DF000082925D010E0012E10D11A68120704D45A
:100E0000D3F89420C2F3032202E01A68C2F303125B
:100E1000174E56F8222079B10C290ED1D86800F06F
:100E20000301D868C0F30210401C02290AD003292C
:100E30000BD0B2FBF0F00AE0104670BD204670BD4A
:100E4000284670BDB4FBF0F001E0B5FBF0F0D968C6
:100E5000C1F306214843D968C1F34161491C4900E7
:100E6000B0FBF1F070BD0000001002400024F4005F
:100E7000C43700082DE9F84304007CD0FA4DA86877
:100E800000F00C06E86800F003072078C00662D581
:100E900076B10C2E01D1012F0AD0A0690028286854
:100EA00078D040F001002860FFF72AFE804659E024
:100EB0002868800702D5A0690028DED0216A28684A
:100EC000000703D5286800F0F00004E0D5F894008E
:100ED000F02202EA1010814216D9084600F0ECFF19
:100EE000002848D1286840F0080028602868216A56
:100EF00020F0F000084328606868E16920F47F4032
:100F000040EA0120686015E0286840F00800286089
:100F10002868216A20F0F000084328606868E169C9
:100F200020F47F4040EA01206860206A00F0C4FF9E
:100F30000028D6D1FFF74AFFA968CC4AC1F30311B4
:100F4000515C01F01F01C840C94908600020FFF74B
:100F5000F5FD00287ED12DE0FFF7D2FDA0EB0800C3
:100F6000022878D828688007F6D5286840F008005D
:100F70002860286801E0B8E00CE0216A20F0F00069
:100F8000084328606868E16920F47F4040EA012056
:100F900068600FE020F001002860FFF7B1FD804697
:100FA00005E0FFF7ADFDA0EB08000228D9D82868BE
:100FB0008007F6D42078C00740D0082E18D00C2E19
:100FC00001D1032F14D06068B0F5803F17D0B0F581
:100FD000A02F286817D020F480302860286820F4DB
:100FE000802028606068E0B1FFF78AFD804614E049
:100FF0002868800322D56068002876D01EE0286823
:1010000040F48030EDE740F480202860F7E7FFF7F8
:1010100077FDA0EB08006428A3D828688003F6D5E4
:101020000CE0FFF76DFD804605E0FFF769FDA0EBE2
:101030000800642895D828688003F6D420788007B3
:1010400039D5042E11D00C2E01D1022F0DD0E0681D
:10105000002801E02DE19BE028681DD040F480705D
:101060002860FFF74DFD07460BE0286840050BD5CB
:10107000E0680028C1D007E0FFF742FDC01B02284E
:1010800094D828684005F7D56868217C20F0F8508E
:1010900040EA016068600EE020F480702860FFF78D
:1010A0002FFD074604E0FFF72BFDC01B02286FD879
:1010B00028684005F7D42078000728D56069002803
:1010C000D5F8940012D040F00100C5F89400FFF765
:1010D00017FD074604E0FFF713FDC01B022857D891
:1010E000D5F894008007F6D511E0E9E020F0010082
:1010F000C5F89400FFF704FD074604E0FFF700FD84
:10110000C01B022844D8D5F894008007F6D4207874
:10111000400766D5A86D4FF00008C00009D4A86D3F
:1011200040F08050A865A86D4FF0010800F0805095
:10113000009050480168C90511D40168814641F406
:1011400080710160FFF7DCFC074604E0FFF7D8FC84
:10115000C01B02281CD8D9F80000C005F6D5A0682D
:10116000012816D00528D5F8900017D020F00100EE
:10117000C5F89000D5F8900020F00400C5F8900064
:10118000A06841F28839C0B1FFF7BAFC07460FE00A
:1011900069E0D5F8900040F00100EFE740F004006E
:1011A000C5F89000F5E7FFF7ABFCC11B49457FD8B8
:1011B000D5F890008007F6D50CE0FFF7A1FC0746B4
:1011C00004E0FFF79DFCC11B494571D8D5F890009C
:1011D0008007F6D4B8F1000F03D0A86D20F080503E
:1011E000A865A06AF0B30C2E6AD00228286820F007
:1011F0008070286004D0286810F0205F47D04AE053
:10120000FFF77EFC064604E0FFF77AFC801B02280D
:101210004ED828688001F7D4206BE16A00011038AD
:101220000843616BA26B0902120941EA424108437B
:10123000A18F114A490802EB4151084394F840102C
:101240004908120102EB41610843E860286840F058
:1012500080702860E86840F08070E860FFF750FC1C
:10126000044610E02AE023E000100240B4370008F2
:1012700000000020007000400000E0FFFFF740FC8D
:10128000001B022814D828688001F7D516E0E8680A
:1012900020F00300E860E8680A490840E860FFF7CA
:1012A0002FFC044607E0FFF72BFC001B022802D9A5
:1012B0000320BDE8F88328688001F4D40020F8E713
:1012C0000120F6E7FFFFEEFE2DE9F84F044690F807
:1012D0005C0000261D469046894601280ED04FF03E
:1012E000010B84F85CB0FFF70BFC074694F85D0037
:1012F0004146B246012804D00226A0E0022000F0B8
:10130000A4B8B9F1000F71D0B8F1000F6ED003206E
:1013100084F85D00C4F860A0C4F83890A4F83C805C
:10132000A4F83E80C4F840A0A4F844A0A4F846A0C5
:10133000C4F850A0C4F84CA0A068B0F5004F04D188
:101340002068026842F48042026020680268520607
:1013500003D4026842F040020260E068B0F5E06F3A
:10136000606822D908B101291BD1A06B21680088CF
:10137000C86006E020688168890709D5A16B0988E3
:10138000C160A06B801CA063E08F401EE08708E076
:10139000FFF7B6FBC01BA84202D3681C01D045E092
:1013A000A5B3E08F0028E5D135E008B101292FD1A0
:1013B000E08F0128A06B03D921680088C8600FE086
:1013C00021680078087314E0E08721E020688168D4
:1013D000890714D5E18F0129A16B08D90988C1605B
:1013E000A06B801CA063E08F801EEDE726E00978EB
:1013F0000173A06B401CA063E08F401EE4E7FFF781
:101400007FFBC01BA84202D3681C01D00EE06DB167
:10141000E08F0028DAD13A462946204600F094FDB4
:1014200008B120202066A06810B105E0032606E080
:101430002068C16880680090206E00B1012684F8A1
:101440005DB084F85CA0304659E718BCBDE8E08F79
:101450004FF0E0210428086903D020F0040008615F
:10146000704740F00400FAE710B5401EB0F1807FED
:1014700001D3012010BD4FF0E02460610F216017FF
:1014800000F008FD0020A06107202061002010BDB1
:1014900010B5040003D094F83D0010B107E001201E
:1014A00010BD002084F83C00204600F00CF802201B
:1014B00084F83D00211D206800F076FE012084F8AC
:1014C0003D00002010BD70470168CA6842F001026B
:1014D000CA600068826807490A40062A08D0826804
:1014E0000A40B2F5803F03D0016841F0010101607C
:1014F0000020704707000100704770472DE9F04158
:1015000002680446D0691168936810F00F0F4FF01D
:1015100000055BD003F0010601F49077374369D0F2
:10152000C70707D0CF0505D501271762626F42F0C4
:1015300001026267820708D5DA0706D0276802220F
:101540003A62626F42F004026267420708D5DA0726
:1015500006D0236804221A62626F42F002026267B8
:1015600002070AD501F02002324306D02368082280
:101570001A62626F42F008026267626F002A32D01C
:10158000800605D5880603D5216E09B12046884717
:10159000606F000703D420688068400625D5204688
:1015A00000F028FF20688168490619D5816821F07C
:1015B00040018160E06E98B120498163E06EFFF7E1
:1015C00089F900280FD0E06E816B06E0860611D500
:1015D0008E060FD5216E1EE02046BDE8F04108477B
:1015E0002046FFF78AFFBDE8F0812046FFF785FF20
:1015F0006567F8E7C60209D55B0207D54FF480108E
:1016000010622046BDE8F041FFF776BF030605D51E
:101610000B0603D5616E0029DED1E4E74006E2D572
:101620004806E0D51168204621F0400111602021D4
:1016300084F87110656600F0E4F8D4E7E12300084F
:1016400010B5040003D094F8710010B107E0012038
:1016500010BD002084F87000204600F027F82420F8
:1016600084F871002068016821F0010101602046C2
:1016700000F0D0FE0128EBD0606A10B1204600F0E7
:101680001DFE2068416821F4904141602068816816
:1016900021F02A0181602068016841F001010160A8
:1016A0002046BDE8104000F06DBE000010B5006897
:1016B000164986B0884227D11548C16C41F0010116
:1016C000C164C16C01F001010591016E41F48041DA
:1016D0000166006E012100F4804005904FF4007017
:1016E00000900220CDE90101039007204FF09044C3
:1016F000049069462046FFF715F94FF48061009188
:1017000069462046FFF70EF906B010BD00380140CB
:10171000001002402DE9F84F044690F872009846F8
:1017200016460D46202867D1FDB1F6B194F8700039
:10173000012861D0012084F870004FF00009C4F83E
:101740007490222084F872005434FFF7D9F9A680EF
:101750008246E68054F84C0C4FF48057FF21543CED
:10176000B84208D1206918B10DE0012000F046B858
:1017700040F2FF100DE07F2218B1B0F1805F05D07C
:1017800009E0206950B9A4F85C1004E0206928B190
:101790003F20A4F85C00B4F85C601CE0A4F85C2076
:1017A000F9E75346002220212046CDF8008000F0C2
:1017B0008FFF08B10320D9E7A068B84201D12069A2
:1017C000A0B12068808C304005F8010BB4F85A00B5
:1017D000401EA4F85A00B4F85A000028E1D1202095
:1017E00084F8720084F870900020BFE72068808C35
:1017F000304025F8020BE9E70220B7E718BCBDE846
:10180000E08F7047FEE72DE9F04107461C4615467C
:101810000E462A2000F00CFB380A00F017FBF8B245
:1018200000F014FB280A00F011FBE8B200F00EFBF8
:101830002B2000F0FDFA300A00F008FBF0B200F0B7
:1018400005FB200A00F002FBE0B200F0FFFABDE861
:10185000F0412C2000F0ECBA70B5050AC4B2EF23B9
:1018600000211A460846FFF7CEFF0F4900204FF42B
:10187000107201F8105001EB4003401C80B25C7004
:101880009042F6D3012210210848FFF734F90024D2
:101890004FF490652946044800F062F9641CA4B234
:1018A000642CF7D370BD0000D00200200004004873
:1018B0002DE9FE4F0025171A2C462E4699421ED1BF
:1018C000FFF7A1FF314932480A88110AD2B205E078
:1018D00000F8161000EB4603761C5A70B742F7D892
:1018E000012210212B48FFF706F94FF6FF7000EA9E
:1018F000470103B0264800F04FB800F031B95A1A3A
:10190000834690468A464FF0FF30002F02DD4FF0AD
:10191000010102E003D14FF00001019102E0C7F1A3
:1019200000070190B8F1000F02DD4FF0010002E066
:1019300003D14FF00000009002E0C2F100080090D7
:101940004046474501DD3E4600E00646701C4FF02C
:101950000009029015E01FFA8AF11FFA8BF000F0DF
:10196000A9F83D444444B54202DD0199AD1B8B44C6
:10197000B44202DD0099A41B8A4409F101001FFA58
:1019800080F902998945E6DD00F00BB814000020CB
:10199000D00200200004004830BCBDE8C04FFFF773
:1019A000ACBF1EBCBDE8E08F2DE9F0411C461546DA
:1019B0000E4607460B46FFF77BFF3A462346314665
:1019C0001046FFF775FF23462A4619463846FFF7AB
:1019D0006FFF2A4623463146BDE8F0411046FFF727
:1019E00067BF2DE9FC5F80460024154603200F46A3
:1019F000A0EB450657E0A7EB0409A8EB050A1FFA80
:101A000089F11FFA8AF000F055F808EB0500019003
:101A10001FFA89F180B200F04DF8781981B2A8EB75
:101A2000040B00901FFA8BF000F044F81FFA89F1C4
:101A30001FFA8AF000F03EF8A7EB05091FFA89F1BA
:101A40001FFA8BF000F036F8019807EB040B1FFA31
:101A50008BF180B200F02EF81FFA89F108EB04092F
:101A60001FFA89F000F026F8009881B21FFA89F079
:101A700000F020F81FFA8BF11FFA8AF000F01AF834
:101A8000641C002E03DA06EB8406B61D04E0601B1E
:101A900006EB80066D1E0A36781981B208EB040049
:101AA00080B200F007F8AC42A5DD00F000B83CBC05
:101AB000BDE8C09F10B50B460246FFF7A4FE0348E1
:101AC0000088BDE8104000F0CFB9000014000020ED
:101AD0002DE9F047151A5F1A6D1C7F1C7D43002409
:101AE0006D004FF49068089E454502D9A5F59064B5
:101AF0004546FFF788FE370ADFF84C90DFF84CA028
:101B0000F6B20020494606E001F8107001EB4002F1
:101B1000401C567080B2B0EB550FF5D30122102156
:101B20005046FEF7E8FFA9B2074800F019F8002C6C
:101B300007D0444502D9A4F59064E2E72546002485
:101B4000DFE7BDE8F0870000D00200200004004875
:101B50000346012000E05843491EC9B2FBD270473A
:101B600000F0E8B92DE9F05F203AD5B21C46F0222A
:101B7000A2EB5402824256D3C4F1F0028A4252DBF5
:101B80000A19521E93B200EB5402521E92B2FFF792
:101B90003AFE3F4F102C15D0202C13D00C2C44D0E3
:101BA000182C40D13B4905EB45004FF0300A00248A
:101BB00001EB0019B84619F80460E00752D0042779
:101BC00000255EE0600700D0012000EBD400610832
:101BD00010FB01F000F0FF0B2F48002600EB051A68
:101BE00000F5BE5000EBC519B8461AE0102C09D01C
:101BF000202C18D119F806500027280605D5B8F86A
:101C0000000004E01AF80650F6E7B8F8020000F009
:101C10002BF968067F1C050EFFB2082FEDD3761C4A
:101C2000F6B25E45E2D300F03BB81C4805EB450137
:101C30004FF00C09002600EB8108002418F806502C
:101C4000280601D5388800E0788800F00DF968068C
:101C5000641C050EE4B2062CF2D3761CF6B24E4597
:101C6000EBD3E0E70827ABE7300602D5B8F8000071
:101C700001E0B8F8020000F0F7F87006060E6D1CDF
:101C8000EDB2BD42F0D3641CE4B2544593D3CAE72D
:101C90001400002060420008703C0008FC37000877
:101CA00030BCBDE8C09F2DE9F05F0027DDF828A01B
:101CB0001D4691468B4680463C464FEA5A0623E035
:101CC000281B401EC1B20A20FFF742FFB9FBF0F00B
:101CD0000A21B0FBF1F201FB120027B9691E8C4208
:101CE00001DA38B101273030C2B206FB048080B27D
:101CF000534604E006FB048080B253462022594636
:101D0000FFF730FF641CE4B2AC42D9D300F000B856
:101D100030BCBDE8C09F2DE9F047044600F0FF0845
:101D200010190D46DDE908761FFA80FA58191FFAD6
:101D300080F90FE0544502D3E819444685B24D4579
:101D40000DD23B4629462046FFF70CFF04EB570017
:101D500084B2761C3278A2F120005E28EAD9BDE870
:101D6000F08700002DE9F04115464419069F1E46F4
:101D70008446F02C18D88819F02815D8401E83B254
:101D8000641EA2B26046FFF73EFD01221021074803
:101D9000FEF7B1FE75434FF6FF7000EA4501384685
:101DA000BDE8F041FFF7DCBEBDE8F081000400486B
:101DB0002DE9FF5F4FF00008DDE90EBA1E4691469F
:101DC000074644464FEA5B0529E0301B401EC1B27E
:101DD0000A20FFF7BDFEB9FBF0F00A21B0FBF1F2DB
:101DE00001FB1200B8F1000F05D1711E8C4202DA1E
:101DF00040B14FF001083030C2B205FB047080B230
:101E00005B4607E005FB0470BAF1000F80B25B4649
:101E100009D030220199FFF7A5FE641CE4B2B44258
:101E2000D3D300F002B82022F4E73FBCBDE8C09F46
:101E300001B5002210210448FEF75DFE012168462D
:101E4000FFF78EFE08BD00000004004801B5012226
:101E500010210448FEF74FFE01216846FFF780FE7F
:101E600008BD00000004004808B500210091010AE7
:101E70008DF800108DF80100012210210348FEF7B3
:101E80003AFE02216846FFF76BFE08BD00040048D9
:101E9000FEE770470907090E002806DA00F00F0078
:101EA00000F1E02080F8141D704700F1E02080F878
:101EB0000014704770470000F8B51C4E054600241A
:101EC000B06DC00002D5FEF7C3FE0DE0B06D40F06E
:101ED0008050B065B06D00F080500090FEF7B8FE05
:101EE000B16D21F08051B165B0F5007F04D0802D37
:101EF00007D94FF003040AE0802D08D9A02D01D89E
:101F000004E001D1022402E0702D00D10124084830
:101F1000016821F0070121430160006800F007001B
:101F2000A04201D00120F8BD0020F8BD0010024001
:101F3000002002400A4601464FF47A730148FFF739
:101F4000C3B9000050070020F8B515460E460B46F1
:101F50000092044600224FF4C05100F019F888B9ED
:101F60003346002280212046009500F05CF848B9F5
:101F7000334600224FF4C0612046009500F008F877
:101F8000002804D0206E40F0200020660320F8BD19
:101F90002DE9F0471D4616460F4604464FF4C0692A
:101FA000DDF820800CE04F4501D106B9007B681CAC
:101FB00006D0FEF7A5FDA0EB0800A84208D23DB16F
:101FC000206881683940B142EDD10020BDE8F0873A
:101FD0002068416821F0E00141606068B0F5827FCF
:101FE0000BD1A068B0F5004F02D0B0F5806F04D1DE
:101FF0002068016821F040010160A06AB0F5005F2F
:1020000009D12068016821F400510160206801684D
:1020100041F400510160012084F85D00002084F843
:102020005C000320D2E72DE9F0411D4617460E461D
:102030000446DDF8188008E0681C06D0FEF760FD55
:10204000A0EB0800A8420BD255B12068806836EAA0
:10205000000030D00020B842EED10020BDE8F08171
:102060002068416821F0E00141606068B0F5827F3E
:102070000BD1A068B0F5004F02D0B0F5806F04D14D
:102080002068016821F040010160A06AB0F5005F9E
:1020900009D12068016821F40051016020680168BD
:1020A00041F400510160012084F85D00002084F8B3
:1020B0005C000320D2E70120CDE77047FEF726BD84
:1020C0001A4810B5816D98B041F080518165806DDE
:1020D000012100F0805016900804CDE90010022084
:1020E00003240A90CDE90B4114210D910721CDE97C
:1020F0000E1010906846FEF7BDFE00B1FEE70F20FF
:10210000CDE911040020139014901590042111A81A
:10211000FEF7A6FD00B1FEE74FF40070FEF764FD88
:10212000002800D0FEE718B010BD000000100240EB
:102130000D48016841F4700101600C48016841F0EC
:1021400001010160002181600268094B1A400260B0
:102150008214C260026822F4802202608161024916
:10216000C00380390860704788ED00E0001002402D
:10217000FFFFF6EA10B50A4C2068C068C043C007EC
:1021800009D1084800698047216800204862216819
:102190006420C862E06021686FF00100086110BD32
:1021A000B40700209C0000202DE9F0470268264C6F
:1021B000264D274E274F284B4FF0804AA04209D08A
:1021C000504507D0A84205D0B04203D0B84201D054
:1021D000984204D122F0700C4A6842EA0C02DFF8FF
:1021E0007CC0DFF87C80DFF87C90A0420FD05045A7
:1021F0000DD0A8420BD0B04209D0B84207D09842C7
:1022000005D0604503D0404501D0484503D122F4B4
:102210004075CA682A434D6922F080022A43026051
:102220008A68C2620A688262A04207D0984205D0DA
:10223000604503D0404501D0484501D1096901639B
:1022400001214161BDE8F087002C014000040040FD
:1022500000080040000C00400034014000400140F4
:10226000004401400048014038B5114A04460D467B
:10227000906D40F004009065906D032200F0040022
:10228000009011461E20FEF77DFC1E20FEF76FFC1D
:10229000094A00210748C2E902141161C2E9000598
:1022A0001046FFF7F5F8BDE838400348FFF70CB9D2
:1022B0000010024000080040B407002090F82410ED
:1022C000C90706D001684A68836A22F400321A43BB
:1022D0004A6090F82410890706D501684A68C36AE5
:1022E00022F480321A434A6090F82410490706D538
:1022F00001684A68036B22F480221A434A6090F80E
:102300002410090706D501684A68436B22F400428D
:102310001A434A6090F82410C90606D501688A68F5
:10232000836B22F480521A438A6090F82410890645
:1023300006D501688A68C36B22F400521A438A608A
:1023400090F82410490611D501684A68036C22F4FC
:1023500080121A434A60016CB1F5801F06D10168F2
:102360004A68436C22F4C0021A434A6090F8241071
:10237000090606D501684A68806C22F400220243EF
:102380004A607047F8B5002504464567FEF7B8FB7C
:102390000746206800686FF07E46000708D53B4678
:1023A00000224FF400112046009600F091F960B928
:1023B0002068006840070AD53B4600224FF48001A0
:1023C0002046009600F084F908B10320F8BD2020D3
:1023D00084F8710084F8720084F870500020F8BD11
:1023E00010B5806A0021A0F85A10A0F85210FFF72B
:1023F00084F810BD01680A6822F490720A600168CE
:102400008A6822F001028A60202180F8721000217F
:10241000016670472DE9F047044600682369A1680A
:10242000D4F81CC0194363691025002643EA0C0345
:1024300019439B4A03683746DFF868C203EA0C0376
:102440000B43036020684168E36821F4405119435D
:1024500041602168A069914201D0236A18438B68CA
:1024600023F4306303438B608F4B21688F4899427C
:102470000DD1D0F8880010F0030006D001285AD002
:10248000022856D0032859D157E0012556E0884B41
:1024900099420BD1D0F8880010F00C0047D00428E6
:1024A00049D0082845D00C2848D146E0814B9942B4
:1024B0000BD1D0F8880010F0300038D010283AD076
:1024C000202836D0302839D137E07B4B99420BD1C8
:1024D000D0F8880010F0C00029D040282BD08028E8
:1024E00027D0C0282AD128E0744B99420ED1D0F8C9
:1024F000880010F440701AD0B0F5807F1BD0B0F582
:10250000007F16D0B0F5407F18D116E0914215D16A
:10251000D0F8880010F4406009D0B0F5806F0AD080
:10252000B0F5006F05D0B0F5406F07D105E000258C
:1025300004E0022502E0042500E00825604B4FF08E
:1025400000084FF40040914244D135B1022D07D02C
:10255000042D07D0082D10D107E0FEF713FC03E08F
:10256000184602E0FEF732FC98B3626802EB4201C3
:10257000814202D8B0EB023F01D9012789E065B161
:10258000022D0DD0042D13D0082D1BD001274D494D
:10259000A6F5407088427AD9EFE7FEF7F3FB09E031
:1025A0005008494B11E00023FDF78FFE0646EEE789
:1025B000FEF70CFC6268010E05025008281841EB7A
:1025C0000801F0E750084FF40003C01848F100017B
:1025D000E9E75EE0E1694FF6EF7981422ED1092DFE
:1025E0001DD2DFE805F00508121C151C1C1C180084
:1025F000FEF7C8FB01E0FEF7D7FB4100606801EB86
:102600005001B1FBF0F086B20AE030496068F6E7AD
:10261000FEF7DCFBF1E74FF480316068EFE701275C
:10262000A6F110004845A8D84FF6F07106EA01005F
:10263000C6F3420108432168C8602AE0092D21D26F
:10264000DFE805F005081220162020201A00FEF70A
:1026500099FB01E0FEF7A8FB0146606801EB500121
:10266000B1FBF0F086B20EE0606803EB5001F7E7D3
:10267000FEF7ACFBF0E70AE0616800EB5100B0FB4D
:10268000F1F0EFE70127A6F11000484584D8206853
:10269000C660C4F860803846C4F86480BDE8F0873E
:1026A00000800040F369FFEF003801400010024055
:1026B0000044004000480040004C004000500040F2
:1026C0000024F400FFFC0F00000024F40048E8019F
:1026D0002DE9F0411E46174688460446069D1CE03B
:1026E000681C1AD025B1FEF70BFA801BA84214D93A
:1026F0002068016821F4D07101602068816821F0B0
:1027000001018160202084F8710084F872000020AB
:1027100084F870000320BDE8F0812068C16938EAC0
:10272000010004D00020B842DAD00020F3E70120F5
:10273000F9E7000038B518480068C069C043800652
:1027400022D44FF47A73012269461348FEF7E2FF60
:10275000124A1088010417D441049DF800104FF06C
:10276000000304D50A290ED140F4004012E00D29DF
:102770000ED0C0F30D04084D401CC83D80B2295551
:102780001080C72800D913800348FEF7B7FE38BD74
:1027900040F480401080F7E7580200200C00002031
:1027A000FEE730380A2801D2012070470020704728
:1027B0007047000010B504460420FEF749FE0148AA
:1027C000046010BD0800002070B5054600244FF4D9
:1027D0007A7603E0304600F005F8641CAC42F9D389
:1027E00070BD000070B54FF0E02500216C69094A0A
:1027F000AB6912685043AA699A42FCD002D2A3EB9B
:10280000020302E0A4EB020633441944134681425A
:10281000F1D370BD0800002004490A685206FCD5B7
:10282000024AC1B20C321180704700001C380140CE
:10283000FEF774F9FFF744FC5020FFF7BBFF4FF49D
:10284000E13000F00BF8FEF721F802491F20088064
:1028500000BFFDE7140000200068704710B50F4C62
:102860000D49C4E900100020A060E0602061A06173
:102870000C2060612046FEF7E3FE2068016841F00D
:10288000200101602520FEF772F90322BDE8104007
:1028900011462520FEF776B9003801405802002085
:1028A00070B594B0064613AB11AA694600F0DCF986
:1028B000002824D18DF840001D4C042514E0206828
:1028C00005EBC10113AB405812AA08A900F0CCF9DE
:1028D000002814D1694608A800F005FC88B19DF8CD
:1028E0004000401C8DF84000207D9DF8401088423B
:1028F000E5D8207D9DF8401088420ED1042014B008
:1029000070BD9DF848009DF84410884201D902200E
:10291000F5E79DF84000A075EBE710A9304600F000
:102920005BFA0028EBD19DF8400060750020E6E7D7
:102930009C0000202DE9F0417E4E9AB0B57D307D9F
:10294000A8427CD90421306801EBC50119AB40587D
:1029500018AA10A900F088F910A977A0FDF72CFD9E
:1029600000240DF1180832E0308B0121A14008420B
:1029700017D0222172A0FDF71FFD204600F094FA27
:10298000811970A02431FDF717FD22216CA0FDF7FD
:1029900013FD204600F088FA3044243048F8240023
:1029A0000BE0204600F080FA3044416A48F82410D9
:1029B000F07D00B364A0FDF7FFFC9DF86000401EB1
:1029C000844202D062A0FDF7F7FC641CE4B29DF8DB
:1029D00060008442C8D35FA0FDF7EEFC00F0AAFAC5
:1029E000707D0B2814D2DFE800F0080D3138404824
:1029F000525E6B78890058A0DDE7306850F83500EA
:102A0000804704E0306850F835100698884707463C
:102A100000F05CFA9DF8640001286ED04FA0FDF72D
:102A2000CBFC96F8EC0000280DD0D6F8F0000A2177
:102A3000B0FBF1F201FB1202B0FBF1F100E002E0A9
:102A400047A0FDF7B9FC1AB0BDE8F081306850F836
:102A50003520DDE906019047D9E7306806AC50F82B
:102A6000353094E807009847D1E7306806AF50F852
:102A7000354097E80F00A047C9E70A9800903068F2
:102A800006AF50F8354097E80F00A047BFE7DDE9F3
:102A90000A01CDE90001306806AF50F8354097E8EB
:102AA0000F00A047B3E70AAB06AF93E807008DE835
:102AB0000700306850F8354097E80F00A047A6E7B8
:102AC0000AAC06AF94E80F008DE80F00306850F8AC
:102AD000354097E80F00A04799E70BAC06AF94E8A4
:102AE0000F0001AC84E80F000A980090306850F89D
:102AF000354097E80F00A04789E711E00CAC06AF1E
:102B000094E80F0002AC84E80F00DDE90A01CDE98A
:102B10000001306850F8354097E80F00A04776E78D
:102B2000F07D394618B116A0FDF746FC79E717A0ED
:102B3000FAE700009C0000200D0A25732800000021
:102B40002563000025730000305825580000000060
:102B50002C00000029000000256C64003B0D0A00D9
:102B600046756E6374696F6E2052756E2054696D80
:102B7000653A25642E2531646D730D0A000000004E
:102B80003D305825583B0D0A000000003D256C756E
:102B90003B0D0A00F0B500252E462F462C46037843
:102BA0002C2B03D0292B04D01BB103E014B9012630
:102BB00000E00CB317B1222B2AD02AE0A3F1300C8D
:102BC000BCF1090F19D92D2B17D02B2B15D0A3F140
:102BD000610CBCF1050F10D9A3F1410CBCF1050F3C
:102BE0000BD9582B09D0782B07D0222B0CD0202BB7
:102BF0001ED02C2B1CD0FF270CE05EB9612B00D31C
:102C0000203B01F8013B13E026B901273C460FE0C9
:102C1000002426B10020087017702846F0BD3CB192
:102C20005C2B02D16D1CEDB2401C037801F8013B16
:102C30006D1CEDB2401CB2E730B5002515700AE0FE
:102C400001F8014B1478401C641CE4B214709C42DF
:102C500001D3012030BD0478202C01D0002CEFD10D
:102C60000D70002030BD00002DE9FF4F002482B020
:102C700089469846A2462746012526462246EB4627
:102C8000029915E0202810D002F07F03052B0CD20A
:102C900002B9802202F07F03042B01D12A280AD135
:102CA000521C0BF80300D2B201E0852A04D0491C63
:102CB00008780028E6D16AB102F07F0200200BF804
:102CC000020041A1584600F00EFA38B1012188F8FF
:102CD000001000224FF00008029B15E0002088F849
:102CE0000000F6E708F1010000F0FF0813F8010FFB
:102CF000202801D02A2807D1184600F081F9282879
:102D000002D02A2800D0C2461878282801D00028EE
:102D1000E8D10299BAF1000F01D05144491C4FF09B
:102D200000084346087888B1282804D0292806D00E
:102D3000222810D011E083B9641CE4B20DE063B91D
:102D400024B1641E14F0FF0402D00DE04FF001081E
:102D5000012F27D02FE04BB100234CB12C280CD0F1
:102D6000202816D0282814D05AB110E00123F4E707
:102D7000202815D009F8010B12E00125521CD2B20F
:102D800007E0052E03D20BF80600761CF6B26D1C88
:102D9000EDB2012C04D1022D02D103257F1CFFB21C
:102DA000491CBFE700200BF8060007A1684600F0A9
:102DB0009AF900B9002704980770002089F80000EC
:102DC00006B0404600F004B8766F69640000000069
:102DD00030BCBDE8C08F00002DE9F04300248946D7
:102DE000304DB5B0214622466B18491CC9B29A76BF
:102DF0000A29F9D302E010F8011F99B101782829B6
:102E0000F9D1461C4FF0010833AA69463046FFF756
:102E1000C1FE06449DF8CC0040B1012824D0FF2813
:102E200036D10BE0012035B0BDE8F0839DF80000FD
:102E300070B334A9684600F0EBF808B10220F2E75D
:102E4000204600F031F8284434994162298B08FA71
:102E500004F081432983042029198876641CE4B294
:102E60000A2C15D90320DEE7684600F051F9471C0B
:102E7000204600F019F841196846243100F03FF966
:102E8000298B08FA04F00143281929838776E5E79E
:102E90003078292801D00028B6D189F800400020D8
:102EA000C1E700009C000020024610B5002001464A
:102EB000054B05E05C18491CA47EC9B22044C0B291
:102EC0009142F7D310BD00009C0000200948006823
:102ED0000169C943CA070849D1F8F02004D14FF667
:102EE000FF731A44C1F8F020406A1044C1F8F000A2
:102EF00070470000B40700209C00002000EBC001D8
:102F000001EB00104FF0FF3101EB800010B581B2F2
:102F10004FF47A70FFF7A8F901490120C87510BD78
:102F20009C0000200346012000E05843491EC9B21E
:102F3000FBD2704707486FF0010102681161026817
:102F4000090CD162C1600068002141620248C0F8EA
:102F5000F0107047B40700209C0000202DE9F041DC
:102F6000164E3088010426D51549C0B2154F0025EC
:102F70000D54B9681248884704000FD0104800F07B
:102F8000D1F8012801D0040014D0012C09D0022C62
:102F900009D0032C09D0042C0CD108E0F868804734
:102FA00008E009A004E00BA002E00DA000E00FA0E3
:102FB000FDF702FA3580BDE8F08100000C0000202A
:102FC000900100209C000020BAAFCAFDB4EDCEF302
:102FD000210D0A00B2CECAFDB4EDCEF3210D0A00D8
:102FE000B2CECAFDCCABB6E0210D0A00CEB4D5D22C
:102FF000B5BDC6A5C5E4B5C4BAAFCAFD210D0A006A
:1030000010F8011F202901D10028F9D1C8B270475A
:103010002DE9F0430E4600244FF00A0825460146EC
:1030200034600A78A2F13003092B14D903782D2BD0
:1030300001D02B2B00D174B1A2F14103052B0AD989
:10304000582A05D012F0FF0F17D00120BDE8F083F9
:10305000012C02D0F9E7412A01D34FF01008027881
:103060002D2A04D02B2A04D0641CE4B203E00225EC
:1030700000E00125401C491CD3E70746B8F1100FBA
:1030800001D084B112E0032C01D20220DEE73878AF
:10309000302802D17878582801D00320D6E7A41E22
:1030A000E4B2BF1C01E00420D0E70CB1641EE4B21E
:1030B000387801463038092801D8814601E0A1F16D
:1030C000370921464046FFF72DFF326809FB0020F3
:1030D000306017F8011F0029E7D1022D01D14042CD
:1030E00030600020B2E702780B789A4201D00120CC
:1030F000704712B1401C491CF5E700207047027868
:103100000A700278002A02D0401C491CF7E7704779
:10311000002102781AB1491CC9B2401CF9E70846DF
:1031200070470000F0B58DB004461E2308AA69461A
:10313000FFF782FD0990002872D19DF82000271822
:1031400000253E4C8DF820509DF8200054F82010AA
:103150006846FFF7C8FF38B19DF82000401CC0B298
:103160008DF820000728EFD39DF820000426344C6A
:10317000072855D2DFE800F00404395A605F5E008A
:1031800030A0FDF719F930A0FDF716F93EA0FDF7C4
:1031900013F94DA0FDF710F95BA0FDF70DF96AA03A
:1031A000FDF70AF978A0FDF707F986A0FDF704F905
:1031B0008BA0FDF701F993A0FDF7FEF897A0FDF7AE
:1031C000FBF89CA0FDF7F8F8A1A0FDF7F5F8A7A083
:1031D000FDF7F2F8B3A0FDF7EFF8C0A0FDF7ECF8AB
:1031E000CBA0FDF7E9F8D7A01BE016A0FDF7E4F8A7
:1031F000E4A0FDF7E1F88DF820500BE0216806EB24
:10320000C0000958EFA0FDF7D7F89DF82000401C3A
:103210008DF82000217D9DF820008142EED856E2F5
:1032200057E2FDF7C9F800200DB0F0BD05A0FDF78D
:10323000C3F8CBE12CE20CE2EBE100001800002027
:103240009C0000200D0A00002D2D2D2D2D2D2D2D43
:103250002D2D2D2D2D2D2D2D2D2D2D2D2D2D2D2D9E
:1032600055534D4152542056332E332D2D2D2D2D97
:103270002D2D2D2D2D2D2D2D2D2D2D2D2D2D2D2D7E
:103280002D2D2D200D0A00002020202055534D41CA
:103290005254CAC7D3C9414C49454E54454BBFAAA5
:1032A000B7A2B5C4D2BBB8F6C1E9C7C9B5C4B4AEFC
:1032B000BFDAB5F7CAD4BBA5BDBBD7E9BCFE2CCDE0
:1032C000A8B9FD200D0A0000CBFC2CC4E3BFC9D275
:1032D000D4CDA8B9FDB4AEBFDAD6FACAD6B5F7D305
:1032E000C3B3CCD0F2C0EFC3E6B5C4C8CEBACEBA31
:1032F000AFCAFD2CB2A2D6B4D0D02ED2F2B4CB2C11
:10330000C4E3BFC90D0A0000D2D4CBE6D2E2B8FCB8
:10331000B8C4BAAFCAFDB5C4CAE4C8EBB2CECAFDE0
:1033200028D6A7B3D6CAFDD7D62831302F3136BD1F
:10333000F8D6C62CD6A7B3D6B8BACAFD29A1A2D74B
:10334000D6B7FBB4AE0D0A00A1A2BAAFCAFDC8EB56
:10335000BFDAB5D8D6B7B5C8D7F7CEAAB2CECAFDB0
:10336000292CB5A5B8F6BAAFCAFDD7EEB6E0D6A7F8
:10337000B3D63130B8F6CAE4C8EBB2CECAFD2CB22F
:10338000A2D6A7B3D60D0A00BAAFCAFDB7B5BBD84F
:10339000D6B5CFD4CABE2ED6A7B3D6B2CECAFDCF2D
:1033A000D4CABEBDF8D6C6C9E8D6C3B9A6C4DC2CFB
:1033B000D6A7B3D6BDF8D6C6D7AABBBBB9A6C4DCC0
:1033C0002E0D0A00BCBCCAF5D6A7B3D63A777777DC
:1033D0002E6F70656E6564762E636F6D0D0A00004A
:1033E00055534D415254D3D037B8F6CFB5CDB3C3B2
:1033F000FCC1EE28B1D8D0EBD0A1D0B4293A0D0A47
:10340000000000003F3A202020202020BBF1C8A16E
:10341000B0EFD6FAD0C5CFA20D0A000068656C7077
:103420003A202020BBF1C8A1B0EFD6FAD0C5CFA278
:103430000D0A00006C6973743A202020BFC9D3C301
:10344000B5C4BAAFCAFDC1D0B1ED0D0A0A00000083
:1034500069643A2020202020BFC9D3C3BAAFCAFD77
:10346000B5C44944C1D0B1ED0D0A0A006865783A87
:1034700020202020B2CECAFD3136BDF8D6C6CFD42A
:10348000CABE2CBAF3B8FABFD5B8F12BCAFDD7D64D
:10349000BCB4D6B4D0D0BDF8D6C6D7AABBBB0D0A33
:1034A0000A0000006465633A20202020B2CECAFDE5
:1034B0003130BDF8D6C6CFD4CABE2CBAF3B8FABFE5
:1034C000D5B8F12BCAFDD7D6BCB4D6B4D0D0BDF890
:1034D000D6C6D7AABBBB0D0A0A00000072756E746F
:1034E000696D653A312CBFAAC6F4BAAFCAFDD4CB18
:1034F000D0D0BCC6CAB13B302CB9D8B1D5BAAFCA4E
:10350000FDD4CBD0D0BCC6CAB13B0D0A0A00000026
:10351000C7EBB0B4D5D5B3CCD0F2B1E0D0B4B8F1EC
:10352000CABDCAE4C8EBBAAFCAFDC3FBBCB0B2CED9
:10353000CAFDB2A2D2D4BBD8B3B5BCFCBDE1CAF8B7
:103540002E0D0A002D2D2D2D2D2D2D2D2D2D2D2D1A
:103550002D2D2D2D2D2D2D2D2D2D2D2D2D2D414C68
:1035600049454E54454B2D2D2D2D2D2D2D2D2D2DD9
:103570002D2D2D2D2D2D2D2D2D2D2D2D2D2D2D2088
:103580000D0A00002D2D2D2D2D2D2D2D2D2D2D2D08
:103590002D2D2D2D2D2D2D2D2D2D2D2D2DBAAFCAAF
:1035A000FDC7E5B5A52D2D2D2D2D2D2D2D2D2D2D29
:1035B0002D2D2D2D2D2D2D2D2D2D2D2D2D2D2D2D3B
:1035C000200D0A0025730D0A0000000042A0FCF740
:1035D000F3FE8DF8205016E0216806EBC0000BAB1F
:1035E00008580AAA6946FFF73FFB9DF8201020689B
:1035F00050F83120694648A0FCF7DEFE9DF8200017
:10360000401C8DF82000217D9DF820008142E3D8E8
:103610005DE0AFF2D030FCF7CFFE08AA694638462D
:10362000FFF7B8FA9DF82000002843D109A96846A1
:10363000FFF7EEFC8DF8200010B104283AD102E02B
:103640003AA009991CE03CA0FCF7B6FE0120E07509
:103650003DE038A0FCF7B0FE08AA69463846FFF7FF
:1036600099FA9DF8200028BB09A96846FFF7D0FC0D
:103670008DF8200010B104281CD104E033A0099972
:10368000FCF79AFE23E034A0FCF796FEE5751EE0F9
:1036900028A0FCF791FE08AA69463846FFF77AFA97
:1036A0009DF8200030B909A96846FFF7B1FC8DF8F4
:1036B000200008B10220B7E5099810F0FF0084F857
:1036C000EC0001D029A000E02FA0FCF775FE19A0A6
:1036D000A7E50120A8E500002D2D2D2D2D2D2D2D48
:1036E0002D2D2D2D2D2D2D2D2D2D2D2D2D2D2D2D0A
:1036F0002DBAAFCAFD204944202D2D2D2D2D2D2D65
:103700002D2D2D2D2D2D2D2D2D2D2D2D2D2D2D2DE9
:103710002D2D2D2D200D0A0025732069642069733D
:103720003A0D0A3058253038580D0A004845583AA5
:10373000305825580D0A00003136BDF8D6C6B2CE35
:10374000CAFDCFD4CABE210D0A0000004445433A49
:10375000256C750D0A0000003130BDF8D6C6B2CE1A
:10376000CAFDCFD4CABE210D0A00000052756E20DA
:1037700054696D652043616C63756C6174696F6E2B
:10378000204F4E0D0A00000052756E2054696D6581
:103790002043616C63756C6174696F6E204F46469F
:1037A0000D0A0000016070474FF04070E1EE100A12
:1037B0007047000000000000000000000102030448
:1037C00006070809A0860100400D0300801A0600C4
:1037D00000350C0040420F0080841E0000093D00AF
:1037E00000127A000024F40000366E010048E8015F
:1037F000006CDC0200000000010203040000000075
:103800000000000000000000000020202020200018
:1038100000200000282850000000000000000000E8
:1038200000005050F85050F850500000002070A890
:10383000A0603028A8702000000048A8B0A8743408
:103840005448000000002050506CA8A89468000064
:103850004040800000000000000000000810102020
:1038600020202020101008004020201010101010E0
:103870002020400000000020A87070A82000000058
:1038800000000010107C101000000000000000007C
:1038900000000000404080000000000000FC00002C
:1038A00000000000000000000000000000400000D8
:1038B000000408081010202040408000000070889C
:1038C00088888888887000000000206020202020E0
:1038D00020700000000070888810204080F80000F0
:1038E0000000708808300808887000000000103060
:1038F000305090F8103800000000F88080F0880800
:10390000887000000000304880B0C88888700000CF
:10391000000078081010202020200000000070888F
:10392000887088888870000000007088889868080F
:103930009060000000000000200000000020000057
:1039400000000000002000000020200000000810FF
:10395000204040201008000000000000FC00FC0097
:103960000000000000004020100808102040000067
:1039700000007088881020200020000000003844DB
:1039800094B4B4B84438000000002020305050787F
:1039900048CC00000000F0484870484848F000005B
:1039A0000000788880808080887000000000F048E7
:1039B0004848484848F000000000F848507050401F
:1039C00048F800000000F8485070504040E0000007
:1039D0000000384880809C88483000000000CC48B7
:1039E0004878484848CC00000000F82020202020DB
:1039F00020F8000000007C1010101010101090E053
:103A00000000EC485060504848EC00000000E040E6
:103A10004040404044FC00000000DCD8D8D8A8A8B2
:103A2000A8AC00000000DC486868585848E800006E
:103A30000000708888888888887000000000F0483E
:103A40004870404040E0000000007088888888E8A6
:103A5000987018000000F0484870504848EC00008A
:103A6000000078888060100888F000000000F8A846
:103A700020202020207000000000CC484848484802
:103A8000483000000000CC48485050302020000052
:103A90000000A8A8A8A87050505000000000D850FE
:103AA0005020205050D800000000D8505050202006
:103AB000207000000000F8901020204048F800001E
:103AC00038202020202020202020380000404020C6
:103AD0002020101010080800701010101010101086
:103AE00010107000205000000000000000000000D6
:103AF0000000000000000000000000FC402000006A
:103B00000000000000000000000000000030483805
:103B1000483C000000C040404070484848700000E9
:103B20000000000000384840483000000018080835
:103B300008384848483C0000000000000030487841
:103B40004038000000182420207820202078000031
:103B500000000000003C48304038443800C040407D
:103B60004070484848EC0000002020000060202001
:103B7000207000000010100000301010101010E035
:103B800000C040404058506050C8000000E0202075
:103B90002020202020F800000000000000F0A8A84D
:103BA000A8A800000000000000F0484848EC000011
:103BB00000000000003048484830000000000000CD
:103BC00000F04848487040E00000000000384848D5
:103BD0004838081C0000000000D8604040E00000A9
:103BE000000000000078403008780000000000204D
:103BF00020782020203800000000000000D848482D
:103C0000483C00000000000000D850502020000078
:103C10000000000000A8A870505000000000000044
:103C200000D8502050D800000000000000CC4848C8
:103C3000301020C000000000007810202078000024
:103C40001810101010301010101018001010101054
:103C500010101010101010106020202020102020B4
:103C600020206000689000000000000000000000BC
:103C70000000000000000000000000000000000044
:103C800000000010101010101010000010100000A4
:103C90000012242448000000000000000000000082
:103CA0000000001212127E2424247E24242400000A
:103CB0000000083C4A4A48380C0A0A4A4A3C0808AC
:103CC00000000044A4A8A8B0541A2A2A4A440000BC
:103CD00000000030484848506EA49498897600004F
:103CE00000602020400000000000000000000000F4
:103CF0000002040808101010101010080804020038
:103D00000040201010080808080808101020400083
:103D1000000000001010D63838D610100000000047
:103D200000000000000808087F08080800000000E4
:103D300000000000000000000000000060202040A3
:103D400000000000000000007E00000000000000F5
:103D500000000000000000000000000060600000A3
:103D60000000020404040808101010202040400045
:103D700000000018244242424242424224180000FD
:103D8000000000083808080808080808083E000075
:103D90000000003C4242420204081020427E000023
:103DA0000000003C4242020418040242423C00006F
:103DB000000000040C0C142424447F04041F0000A1
:103DC0000000007E40404078440202424438000037
:103DD000000000182440405C62424242221C000065
:103DE0000000007E420404080810101010100000AB
:103DF0000000003C4242422418244242423C00005F
:103E00000000003844424242463A020224180000B0
:103E10000000000000001818000000001818000042
:103E20000000000000000010000000000010101052
:103E300000000002040810204020100804020000C6
:103E40000000000000007E00007E00000000000076
:103E50000000004020100804020408102040000068
:103E60000000003C424262040808080018180000E4
:103E700000000038445AAAAAAAAAAA5C423C000040
:103E80000000001010182828243C444242E700009B
:103E9000000000F8444444784442424244F80000A0
:103EA0000000003E42428080808080424438000012
:103EB000000000F8444242424242424244F80000BC
:103EC000000000FC424848784848404242FC00005C
:103ED000000000FC424848784848404040E000006C
:103EE0000000003C44448080808E844444380000BC
:103EF000000000E7424242427E42424242E7000066
:103F00000000007C1010101010101010107C000029
:103F10000000003E0808080808080808080888F09B
:103F2000000000EE444850705048484444EE000001
:103F3000000000E0404040404040404042FE000061
:103F4000000000EE6C6C6C6C6C54545454D6000041
:103F5000000000C7626252524A4A4A4646E20000E6
:103F600000000038448282828282828244380000CB
:103F7000000000FC424242427C40404040E00000E1
:103F80000000003844828282828282B24C3806006D
:103F9000000000FC4242427C4848444442E30000A6
:103FA0000000003E4242402018040242427C0000D1
:103FB000000000FE921010101010101010380000B9
:103FC000000000E74242424242424242423C00007C
:103FD000000000E742424424242828181010000062
:103FE000000000D654545454546C2828282800004B
:103FF000000000E7422424181818242442E7000097
:10400000000000EE44442828101010101038000062
:104010000000007E840408081020204242FC0000BA
:10402000001E1010101010101010101010101E0094
:104030000000402020201010100808040404020290
:104040000078080808080808080808080808780020
:104050000018240000000000000000000000000024
:10406000000000000000000000000000000000FF51
:1040700000601000000000000000000000000000D0
:104080000000000000000038440C34444C360000AE
:1040900000000000C04040586442424264580000A2
:1040A000000000000000001C22404040221C0000D4
:1040B000000000000602023E42424242463B00002F
:1040C000000000000000003C42427E40423C0000F4
:1040D000000000000C12107C10101010107C00006A
:1040E000000000000000003E444438403C42423C96
:1040F00000000000C040405C6242424242E70000D3
:10410000000000303000007010101010107C000013
:104110000000000C0C00001C040404040404447897
:1041200000000000C040404E4850704844EE00007F
:10413000000000107010101010101010107C000003
:1041400000000000000000FE4949494949ED000017
:1041500000000000000000DC6242424242E7000032
:10416000000000000000003C42424242423C00008D
:1041700000000000000000D864424242645840E061
:10418000000000000000001A26424242261A0207E0
:1041900000000000000000EE3220202020F8000087
:1041A000000000000000003E42403C02427C000053
:1041B000000000000010107C10101010120C000005
:1041C00000000000000000C642424242463B0000A0
:1041D00000000000000000EE4444282810100000F9
:1041E00000000000000000DB894A5A54242400002B
:1041F000000000000000007624181818246E00004B
:1042000000000000000000E742242418181010608D
:10421000000000000000007E44081010227E000014
:104220000003040404040404080404040404030054
:1042300008080808080808080808080808080808FE
:1042400000C0202020202020102020202020C0007E
:10425000205A0400000000000000000000000000E0
:10426000000000000000000000000000000000004E
:10427000000000000000000000000000000000003E
:10428000000000000000000000000000000000002E
:104290000000000000000000060006000600060006
:1042A00006000600060002000400040004000000EE
:1042B00000000000060006000600000000000000EC
:1042C00000000000066006600CC01980110022008A
:1042D00000000000000000000000000000000000DE
:1042E00000000000000000000000000000000000CE
:1042F000000000000000000008400840084008409E
:104300007FE07FE0104010801080108010807FE000
:104310007FE02080208020802080000000000000BE
:10432000000000000000020002000F801AC032C02E
:1043300033C032001A000E0007000380038002C061
:1043400032C03AC032C012800F00020002000000EA
:10435000000000000000000070805080890089008B
:1043600089008A008A005C0075C005400A200A2086
:10437000122012201220214021C000000000000065
:1043800000000000000000001C003600360036006F
:1043900036003600340019E038805880CC80CC805C
:1043A000C680C700C31063903CE00000000000001E
:1043B0000000000030003800080008001000200055
:1043C00000000000000000000000000000000000ED
:1043D00000000000000000000000000000000000DD
:1043E00000000000002000400080010001000200E9
:1043F000020004000400040004000400040004009F
:1044000002000200010001000080004000200000C6
:104410000000000040002000100008000800040018
:10442000040002000200020002000200020002007A
:1044300004000400080008001000200040000000F4
:104440000000000000000000000000000200030067
:104450000200623072F00B800F807AF0623002004E
:104460000200020000000000000000000000000048
:10447000000000000000000000000000000002003A
:1044800002000200020002007FF0020002000200AF
:104490000200020000000000000000000000000018
:1044A000000000000000000000000000000000000C
:1044B00000000000000000000000000000000000FC
:1044C0000000000030003800080008001000200044
:1044D00000000000000000000000000000000000DC
:1044E00000000000000000007FE00000000000006D
:1044F00000000000000000000000000000000000BC
:1045000000000000000000000000000000000000AB
:10451000000000000000000000000000000000009B
:1045200000000000380038003800000000000000E3
:104530000000000000200060004000C000800080FB
:10454000010001000200020006000400040008004F
:104550000800100010003000200060004000000043
:10456000000000000000000000000F00198030C0B3
:1045700030C060606060606060606060606060600B
:10458000606030C030C019800F00000000000000E3
:104590000000000000000000000002003E000600D5
:1045A00006000600060006000600060006000600DB
:1045B00006000600060006003FC0000000000000E4
:1045C000000000000000000000001F00218040C02B
:1045D00060C060C000C000800180030006000400CD
:1045E00008001040204060407FC000000000000034
:1045F000000000000000000000001E006300618059
:1046000061800180018003000E000180008000C0F5
:1046100000C060C060C061801F000000000000009A
:104620000000000000000000000001800180038005
:1046300005800580098011801180218041807FF0F4
:10464000018001800180018007E00000000000007F
:10465000000000000000000000003FC0200020001B
:104660002000200020002F00318020C000C000C0AA
:1046700060C060C0418021801F0000000000000079
:1046800000000000000000000000078018C030C0DB
:10469000300020006000678068C07060606060600B
:1046A00060602060304018C00F0000000000000073
:1046B000000000000000000000001FE0306020400B
:1046C0002080008000800100010002000200020042
:1046D00006000600060006000600000000000000BC
:1046E000000000000000000000001F8030C060607B
:1046F00060606060304038C00F00138030C0606080
:1047000060606060606030C00F80000000000000EA
:10471000000000000000000000000F00308030C0EA
:10472000604060606060606060E031601E600060FA
:1047300000C000C0308031801E000000000000007A
:104740000000000000000000000000000000000069
:104750000000000007000700070000000000000044
:104760000000000007000700070000000000000034
:104770000000000000000000000000000000000039
:10478000000000000600060000000000000000001D
:104790000000000000000600060002000400040003
:1047A0000000000000000000002000400080010028
:1047B000020004000800100020001000080004009F
:1047C0000200010000800040002000000000000006
:1047D00000000000000000000000000000000000D9
:1047E000000000007FE00000000000007FE000000B
:1047F00000000000000000000000000000000000B9
:10480000000000000000000020001000080004006C
:1048100002000100008000400020004000800100F4
:10482000020004000800100020000000000000004A
:104830000000000000000000000007C018602030E9
:1048400020303030303000E00180020002000200F1
:104850000000000007000700070000000000000043
:104860000000000000000000070018C0304033A026
:1048700026A066A065A06D206D206D206D206D4086
:1048800027803020304018C00F00000000000000DA
:1048900000000000000000000000060006000A0002
:1048A0000B00090009001100118010801F8020C03A
:1048B00020C0204040404060F0F0000000000000B8
:1048C000000000000000000000007F0031C030C088
:1048D00030C030C030C031803F0030C03040306028
:1048E00030603060306030C07F8000000000000029
:1048F0000000000000000000000007C018C0306089
:1049000030202020600060006000600060006000D7
:1049100060203020304018C00F0000000000000070
:1049200000000000000000000000FE00318030C0E8
:1049300030C0306030603060306030603060306097
:10494000306030C030C03180FE0000000000000048
:1049500000000000000000000000FFC060C06020F8
:1049600060206000610061007F0061006100610003
:104970006000602060206040FFC000000000000078
:1049800000000000000000000000FFC060C06020C8
:1049900060206000610061007F00610061006100D3
:1049A0006000600060006000F8000000000000008F
:1049B000000000000000000000000F0018803040E0
:1049C00030402040600060006000600063F060C024
:1049D00060C030C030C018C00F00000000000000F0
:1049E00000000000000000000000F0F06060606067
:1049F00060606060606060607FE060606060606018
:104A00006060606060606060F0F0000000000000C6
:104A1000000000000000000000003FC0060006008B
:104A20000600060006000600060006000600060056
:104A300006000600060006003FC00000000000005F
:104A4000000000000000000000001FE00300030061
:104A5000030003000300030003000300030003003E
:104A600003000300030003000300630066003C0032
:104A700000000000000000000000F3C0618063003F
:104A80006200640068006C007400760062006300DD
:104A900061006180608060C0F1E000000000000003
:104AA00000000000000000000000F800600060004E
:104AB00060006000600060006000600060006000F6
:104AC0006000602060206040FFC000000000000027
:104AD00000000000000000000000E0E061C061C0D4
:104AE00071C071C072C072C052C05AC05AC05CC09E
:104AF0004CC04CC04CC048C0E1E0000000000000C9
:104B00000000000000000000000071F0304038405C
:104B100038402C402C402640264022402340214053
:104B200021C021C020C020C0F840000000000000CB
:104B3000000000000000000000000F00198030C0DD
:104B400030406060606060606060606060606060B5
:104B50006060304030C019800F000000000000008D
:104B600000000000000000000000FF0060C0606066
:104B7000606060606060606061C07F0060006000D5
:104B80006000600060006000F800000000000000AD
:104B9000000000000000000000000F00198030C07D
:104BA0003040606060606060606060606060606055
:104BB0006E60324033C019800F0001E000C0000079
:104BC00000000000000000000000FF8060C0606086
:104BD00060606060606060C07F00620063006100D0
:104BE000618060C060C06060F07000000000000084
:104BF000000000000000000000001F4030C06040C6
:104C00006040600070003C001F0007C001C000E071
:104C100040604060606030C00F8000000000000015
:104C2000000000000000000000007FE04620861029
:104C300086100600060006000600060006000600B4
:104C400006000600060006001F80000000000000AD
:104C50000000000000000000000078E0304030401C
:104C600030403040304030403040304030403040C4
:104C700030403040304018800F000000000000003D
:104C800000000000000000000000F0E06040208014
:104C900020803080308011001100190019000A00B6
:104CA0000A000E000C0004000400000000000000D8
:104CB00000000000000000000000EF7046204220CD
:104CC0006220622026402640274027403940398014
:104CD00019801980118011001100000000000000EF
:104CE0000000000000000000000079E0308010802B
:104CF000188009000D0006000400060006000B00E5
:104D000009001180108020C071E000000000000048
:104D100000000000000000000000F0F060202040D3
:104D20003040108018801D000D000E0006000600A7
:104D300006000600060006001F80000000000000BC
:104D4000000000000000000000003FE0304060C0B4
:104D500040800180010002000200040004000800FD
:104D600018001020302020407FC00000000000000C
:104D70000000000007C00400040004000400040058
:104D80000400040004000400040004000400040003
:104D900004000400040004000400040007C0000034
:104DA00000000000000000002000200010001000A3
:104DB00008000800080004000400020002000300CC
:104DC0000100010000800080004000400040002001
:104DD000000000003E00020002000200020002008B
:104DE00002000200020002000200020002000200B3
:104DF0000200020002000200020002003E00000069
:104E00000000060009001080000000000000000003
:104E10000000000000000000000000000000000092
:104E20000000000000000000000000000000000082
:104E30000000000000000000000000000000000072
:104E40000000000000000000000000000000000062
:104E50000000000000000000000000000000FFF063
:104E60000000000018000600000000000000000024
:104E70000000000000000000000000000000000032
:104E80000000000000000000000000000000000022
:104E90000000000000000000000000000000000012
:104EA000000000000F8030C030C000C007C038C014
:104EB00070C060C060C071D03E7000000000000093
:104EC0000000000000000000100070003000300002
:104ED0003000300033803CC038603060306030607B
:104EE00030603060304038C0278000000000000093
:104EF00000000000000000000000000000000000B2
:104F0000000000000F00318031806180600060008F
:104F100060006040304030800F0000000000000062
:104F20000000000000000000004003C000C000C0FE
:104F300000C000C01EC031C030C060C060C060C0D2
:104F400060C060C020C031E01E8000000000000092
:104F50000000000000000000000000000000000051
:104F600000000000078018C01040306030603FE053
:104F700030003000182018400780000000000000BA
:104F80000000000000000000000003C006600C608C
:104F90000C000C007F800C000C000C000C000C00BE
:104FA0000C000C000C000C003F8000000000000012
:104FB00000000000000000000000000000000000F1
:104FC000000000000FE01B603180318031801980CB
:104FD0001F0030003F0033C060C060C071C01F00C0
:104FE00000000000000000001000700030003000E1
:104FF00030003000378038C030C030C030C030C0E2
:1050000030C030C030C030C079E000000000000087
:105010000000000000000000000006000600000084
:10502000000002003E000600060006000600060022
:1050300006000600060006003FC000000000000059
:10504000000000000000000000000380038000005A
:10505000000000800F8001800180018001800180BC
:1050600001800180018001800180018033003E00C9
:105070000000000000000000100070003000300050
:105080003000300031C031003100320036003A00CB
:1050900031003180308030C079E000000000000035
:1050A000000000000000000002003E0006000600B4
:1050B00006000600060006000600060006000600C0
:1050C00006000600060006003FC0000000000000C9
:1050D00000000000000000000000000000000000D0
:1050E00000000000ECE07760666066606660666005
:1050F0006660666066606660FFF0000000000000A9
:10510000000000000000000000000000000000009F
:1051100000000000778038C030C030C030C030C0E0
:1051200030C030C030C030C079E000000000000066
:10513000000000000000000000000000000000006F
:10514000000000000F00198030C060606060606087
:105150006060606030C030C00F00000000000000E0
:10516000000000000000000000000000000000003F
:1051700000000000778038C0306030603060306000
:105180003060306030C038C03780300030007C0084
:10519000000000000000000000000000000000000F
:1051A000000000001E4031C030C060C060C060C060
:1051B00060C060C020C031C01EC000C000C003E09D
:1051C00000000000000000000000000000000000DF
:1051D00000000000F9C01A601C60180018001800D8
:1051E0001800180018001800FF0000000000000060
:1051F00000000000000000000000000000000000AF
:10520000000000000FC038C0304030401C000F00CC
:1052100003C020C020C031C03F800000000000005B
:105220000000000000000000000000000400040076
:105230000C000C007F800C000C000C000C000C001B
:105240000C000C000C400C40078000000000000027
:10525000000000000000000000000000000000004E
:105260000000104071C030C030C030C030C030C00D
:1052700030C030C030C039E01E80000000000000A7
:10528000000000000000000000000000000000001E
:105290000000000078E03040108010801880090085
:1052A0000D000D00060006000400000000000000D4
:1052B00000000000000000000000000000000000EE
:1052C00000000000EF704620622026402640374054
:1052D000398019801980198010000000000000003A
:1052E00000000000000000000000000000000000BE
:1052F000000000003DE0188008800D000600060058
:1053000007000900108010C079E0000000000000D4
:10531000000000000000000000000000000000008D
:105320000000000079E01080108010800900090062
:105330000D000600060006000400040024003800EA
:10534000000000000000000000000000000000005D
:10535000000000003F80218023002200060004009E
:105360000C001840104030C03F80000000000000DA
:105370000000000000C00100010001000100010068
:105380000100010001000200040002000100010010
:1053900001000100010001000100010000C0000047
:1053A00002000200020002000200020002000200ED
:1053B00002000200020002000200020002000200DD
:1053C00002000200020002000200020002000200CD
:1053D0000000000030000800080008000800080075
:1053E000080008000800040002000400080008008B
:1053F000080008000800080008000800300000004D
:10540000000038004420432001C0000000000000DC
:10541000000000000000000000000000000000008C
:10542000000000000000000000000000000000007C
:10543000000000000000000000000000000000006C
:10544000000000000000000000000000000000005C
:10545000000000000000000000000000000000004C
:10546000000000000000000000000000000000003C
:10547000000000000000000000000000000000002C
:10548000000000000000000000000000000000001C
:10549000000000000000000000000000000000000C
:1054A00000000000000000000000000000000000FC
:1054B00000000000000000000000000003C003C066
:1054C00003C003C003C003C001C00180018001808C
:1054D0000180018001800180018000000000000047
:1054E000018003C003C00180000000000000000034
:1054F00000000000000000000000000000000000AC
:10550000000000000000000000000000000000009B
:10551000000000000000000000000000000000008B
:10552000000000000000000000000000000000007B
:10553000000000000318073807380E700C6018C010
:105540003180210000000000000000000000000089
:10555000000000000000000000000000000000004B
:10556000000000000000000000000000000000003B
:10557000000000000000000000000000000000002B
:10558000000000000000000000000000000000001B
:10559000000000000000000000000000000000000B
:1055A00000000000000000000000000000000000FB
:1055B00000000000000000000000000004080408D3
:1055C0000408040804087FFE7FFE7FFE0810081010
:1055D00008100810081008107FFE7FFE7FFE1830AC
:1055E00010201020102010200000000000000000FB
:1055F00000000000000000000000000000000000AB
:10560000000000000000000000000000000000009A
:10561000000000000000000000000000000000008A
:10562000000000000000000000000000000000007A
:1056300000000000000000000100010003C00D3068
:1056400009181918193819381D000D000F00070026
:1056500003C001E001F00130013801183918391890
:1056600031183130196007C001000100010000004D
:10567000000000000000000000000000000000002A
:10568000000000000000000000000000000000001A
:10569000000000000000000000000000000000000A
:1056A00000000000000000000000000000000000FA
:1056B00000000000000000000000000038106C1026
:1056C0004420C620C640C640C640C680C68044802E
:1056D0006D38396C024402C602C604C604C608C648
:1056E00008C60844106C10380000000000000000DC
:1056F00000000000000000000000000000000000AA
:105700000000000000000000000000000000000099
:105710000000000000000000000000000000000089
:105720000000000000000000000000000000000079
:105730000000000000000000000000000F00190041
:105740003180318031803180310033003A001C00DB
:10575000387C3C104C10CE10C620C720C320C1C0DE
:10576000C1C260E6317C1E3800000000000000006D
:105770000000000000000000000000000000000029
:105780000000000000000000000000000000000019
:105790000000000000000000000000000000000009
:1057A00000000000000000000000000000000000F9
:1057B0000000000038003C003C000C000C00080019
:1057C0003000600000000000000000000000000049
:1057D00000000000000000000000000000000000C9
:1057E00000000000000000000000000000000000B9
:1057F00000000000000000000000000000000000A9
:105800000000000000000000000000000000000098
:105810000000000000000000000000000000000088
:105820000000000000000000000000000000000078
:1058300000000000000200040008001800300020F2
:105840000060004000C000C0018001800180018034
:105850000180018001800180018000C000C0004003
:105860000060002000300018000800040002000062
:105870000000000000000000000000000000000028
:105880000000000000000000000000000000000018
:105890000000000000000000000000000000000008
:1058A00000000000000000000000000000000000F8
:1058B0000000000040002000100018000C00040050
:1058C00006000200030003000180018001800180C6
:1058D000018001800180018001800300030003003A
:1058E000060004000C00180010002000400000001A
:1058F00000000000000000000000000000000000A8
:105900000000000000000000000000000000000097
:105910000000000000000000000000000000000087
:105920000000000000000000000000000000000077
:105930000000000000000000000000000000000067
:1059400000C001C001C030C6388E1C9C06B001C02A
:1059500001C006B01C9C388E318601C001C001C058
:105960000000000000000000000000000000000037
:105970000000000000000000000000000000000027
:105980000000000000000000000000000000000017
:105990000000000000000000000000000000000007
:1059A00000000000000000000000000000000000F7
:1059B00000000000000000000000000000000000E7
:1059C0000000008000800080008000800080008057
:1059D0003FFE00800080008000800080008000800A
:1059E00000000000000000000000000000000000B7
:1059F00000000000000000000000000000000000A7
:105A00000000000000000000000000000000000096
:105A10000000000000000000000000000000000086
:105A20000000000000000000000000000000000076
:105A30000000000000000000000000000000000066
:105A40000000000000000000000000000000000056
:105A50000000000000000000000000000000000046
:105A600038003C003C000C000C00080030006000D6
:105A70000000000000000000000000000000000026
:105A80000000000000000000000000000000000016
:105A90000000000000000000000000000000000006
:105AA00000000000000000000000000000000000F6
:105AB00000000000000000000000000000000000E6
:105AC00000000000000000000000000000000000D6
:105AD0007FFE000000000000000000000000000049
:105AE00000000000000000000000000000000000B6
:105AF00000000000000000000000000000000000A6
:105B00000000000000000000000000000000000095
:105B10000000000000000000000000000000000085
:105B20000000000000000000000000000000000075
:105B30000000000000000000000000000000000065
:105B40000000000000000000000000000000000055
:105B50000000000000000000000000000000000045
:105B600018003C003C00180000000000000000008D
:105B70000000000000000000000000000000000025
:105B80000000000000000000000000000000000015
:105B90000000000000000000000000000000000005
:105BA00000000000000000000000000000000000F5
:105BB000000000000000000200060004000C0008C5
:105BC00000180010003000200060004000C000807D
:105BD0000180010003000200060004000C00080020
:105BE000180010003000200060004000000000009D
:105BF00000000000000000000000000000000000A5
:105C00000000000000000000000000000000000094
:105C10000000000000000000000000000000000084
:105C20000000000000000000000000000000000074
:105C300000000000000000000000000003C006207B
:105C40000C30181818181808300C300C300C300CA8
:105C5000300C300C300C300C300C300C180818188C
:105C600018180C30062003C00000000000000000DF
:105C70000000000000000000000000000000000024
:105C80000000000000000000000000000000000014
:105C90000000000000000000000000000000000004
:105CA00000000000000000000000000000000000F4
:105CB00000000000000000000000000000800180E3
:105CC0001F800180018001800180018001800180AE
:105CD00001800180018001800180018001800180BC
:105CE0000180018003C01FF80000000000000000D8
:105CF00000000000000000000000000000000000A4
:105D00000000000000000000000000000000000093
:105D10000000000000000000000000000000000083
:105D20000000000000000000000000000000000073
:105D300000000000000000000000000007E008383C
:105D40001018200C200C300C300C000C001800181F
:105D50000030006000C00180030002000404080459
:105D60001004200C3FF83FF8000000000000000085
:105D70000000000000000000000000000000000023
:105D80000000000000000000000000000000000013
:105D90000000000000000000000000000000000003
:105DA00000000000000000000000000000000000F3
:105DB00000000000000000000000000007C01860A4
:105DC00030303018301830180018001800300060DB
:105DD00003C0007000180008000C000C300C300CE0
:105DE00030083018183007C0000000000000000024
:105DF00000000000000000000000000000000000A3
:105E00000000000000000000000000000000000092
:105E10000000000000000000000000000000000082
:105E20000000000000000000000000000000000072
:105E300000000000000000000000000000600060A2
:105E400000E000E00160016002600460046008603E
:105E5000086010603060206040607FFC006000607F
:105E600000600060006003FC000000000000000013
:105E70000000000000000000000000000000000022
:105E80000000000000000000000000000000000012
:105E90000000000000000000000000000000000002
:105EA00000000000000000000000000000000000F2
:105EB0000000000000000000000000000FFC0FFCCC
:105EC00010001000100010001000100013E014303B
:105ED00018181008000C000C000C000C300C300CD2
:105EE00020182018183007C0000000000000000033
:105EF00000000000000000000000000000000000A2
:105F00000000000000000000000000000000000091
:105F10000000000000000000000000000000000081
:105F20000000000000000000000000000000000071
:105F300000000000000000000000000001E0061862
:105F40000C180818180010001000300033E036302C
:105F500038183808300C300C300C300C300C180C61
:105F600018080C180E3003E00000000000000000CC
:105F70000000000000000000000000000000000021
:105F80000000000000000000000000000000000011
:105F90000000000000000000000000000000000001
:105FA00000000000000000000000000000000000F1
:105FB0000000000000000000000000001FFC1FFCAB
:105FC0001008301020102020002000400040004029
:105FD00000800080010001000100010003000300B7
:105FE00003000300030003000000000000000000A5
:105FF00000000000000000000000000000000000A1
:106000000000000000000000000000000000000090
:106010000000000000000000000000000000000080
:106020000000000000000000000000000000000070
:1060300000000000000000000000000007E00C303D
:106040001818300C300C300C380C38081E180F2083
:1060500007C018F030783038601C600C600C600CA1
:10606000600C3018183007C000000000000000006D
:106070000000000000000000000000000000000020
:106080000000000000000000000000000000000010
:106090000000000000000000000000000000000000
:1060A00000000000000000000000000000000000F0
:1060B00000000000000000000000000007C01820E1
:1060C000301030186008600C600C600C600C600CC4
:1060D000701C302C186C0F8C000C0018001800106D
:1060E0003030306030C00F80000000000000000041
:1060F00000000000000000000000000000000000A0
:10610000000000000000000000000000000000008F
:10611000000000000000000000000000000000007F
:10612000000000000000000000000000000000006F
:10613000000000000000000000000000000000005F
:1061400000000000000000000000018003C003C048
:1061500001800000000000000000000000000000BE
:10616000018003C003C001800000000000000000A7
:10617000000000000000000000000000000000001F
:10618000000000000000000000000000000000000F
:1061900000000000000000000000000000000000FF
:1061A00000000000000000000000000000000000EF
:1061B00000000000000000000000000000000000DF
:1061C00000000000000000000000000003800380C9
:1061D000038000000000000000000000000000003C
:1061E000000003800380038001800300030000009F
:1061F000000000000000000000000000000000009F
:10620000000000000000000000000000000000008E
:10621000000000000000000000000000000000007E
:10622000000000000000000000000000000000006E
:106230000000000000000000000000000004000852
:10624000001000200040008001000200040008004F
:10625000100010000800040002000100008000404F
:1062600000200010000800040000000000000000F2
:10627000000000000000000000000000000000001E
:10628000000000000000000000000000000000000E
:1062900000000000000000000000000000000000FE
:1062A00000000000000000000000000000000000EE
:1062B00000000000000000000000000000000000DE
:1062C000000000000000000000007FFE0000000051
:1062D0000000000000007FFE000000000000000041
:1062E00000000000000000000000000000000000AE
:1062F000000000000000000000000000000000009E
:10630000000000000000000000000000000000008D
:10631000000000000000000000000000000000007D
:10632000000000000000000000000000000000006D
:10633000000000000000000000000000200010002D
:10634000080004000200010000800040002000104E
:10635000000800080010002000400080010002003A
:1063600004000800100020000000000000000000F1
:10637000000000000000000000000000000000001D
:10638000000000000000000000000000000000000D
:1063900000000000000000000000000000000000FD
:1063A00000000000000000000000000000000000ED
:1063B00000000000000000000000000003E00C18D6
:1063C000180C10063006380638063806000C00187F
:1063D000007000C00080008000800080000000008D
:1063E000018003C003C00180000000000000000025
:1063F000000000000000000000000000000000009D
:10640000000000000000000000000000000000008C
:10641000000000000000000000000000000000007C
:10642000000000000000000000000000000000006C
:1064300000000000000000000000000003E0061063
:106440000C08180430D431B2213263326322662240
:106450006622662266626664666426E8333030022D
:106460001004180C0C1803E00000000000000000ED
:10647000000000000000000000000000000000001C
:10648000000000000000000000000000000000000C
:1064900000000000000000000000000000000000FC
:1064A00000000000000000000000000000000000EC
:1064B00000000000000000000000000003800380D6
:1064C0000380038004C004C004C004C00C40086002
:1064D0000860086008201FF01030103010302018BD
:1064E00020182018601CF83E00000000000000008A
:1064F000000000000000000000000000000000009C
:10650000000000000000000000000000000000008B
:10651000000000000000000000000000000000007B
:10652000000000000000000000000000000000006B
:106530000000000000000000000000007FE01838AC
:106540001818180C180C180C180C180C18181830EF
:106550001FE01818180C1804180618061806180654
:106560001806180C18187FF000000000000000004A
:10657000000000000000000000000000000000001B
:10658000000000000000000000000000000000000B
:1065900000000000000000000000000000000000FB
:1065A00000000000000000000000000000000000EB
:1065B00000000000000000000000000003E0061CD6
:1065C000080C1806300230023000600060006000E5
:1065D0006000600060006000600060003002300217
:1065E000100418080C1003E0000000000000000078
:1065F000000000000000000000000000000000009B
:10660000000000000000000000000000000000008A
:10661000000000000000000000000000000000007A
:10662000000000000000000000000000000000006A
:106630000000000000000000000000007FC0187093
:1066400018181808180C180C18061806180618063A
:10665000180618061806180618061804180C180C40
:106660001818181818607FC0000000000000000013
:10667000000000000000000000000000000000001A
:10668000000000000000000000000000000000000A
:1066900000000000000000000000000000000000FA
:1066A00000000000000000000000000000000000EA
:1066B0000000000000000000000000007FFC180C3B
:1066C00018041802180218001800181018101830B2
:1066D0001FF01830181018101800180018001802B1
:1066E00018021804180C7FFC0000000000000000D5
:1066F000000000000000000000000000000000009A
:106700000000000000000000000000000000000089
:106710000000000000000000000000000000000079
:106720000000000000000000000000000000000069
:106730000000000000000000000000007FFC181CAA
:106740001804180218021800180018101810183031
:106750001FF0183018101810181018001800180022
:106760001800180018007E00000000000000000063
:106770000000000000000000000000000000000019
:106780000000000000000000000000000000000009
:1067900000000000000000000000000000000000F9
:1067A00000000000000000000000000000000000E9
:1067B00000000000000000000000000003C00C30DA
:1067C00008101818300830082000600060006000D1
:1067D00060006000607E6018601820183018301863
:1067E000101818180C2007C000000000000000005E
:1067F0000000000000000000000000000000000099
:106800000000000000000000000000000000000088
:106810000000000000000000000000000000000078
:106820000000000000000000000000000000000068
:10683000000000000000000000000000FC3F300CE1
:10684000300C300C300C300C300C300C300C300C68
:106850003FFC300C300C300C300C300C300C300C59
:10686000300C300C300CFC3F000000000000000039
:106870000000000000000000000000000000000018
:106880000000000000000000000000000000000008
:1068900000000000000000000000000000000000F8
:1068A00000000000000000000000000000000000E8
:1068B0000000000000000000000000001FF8018040
:1068C00001800180018001800180018001800180C0
:1068D00001800180018001800180018001800180B0
:1068E0000180018001801FF800000000000000000E
:1068F0000000000000000000000000000000000098
:106900000000000000000000000000000000000087
:106910000000000000000000000000000000000077
:106920000000000000000000000000000000000067
:1069300000000000000000000000000007FE0060F2
:106940000060006000600060006000600060006047
:106950000060006000600060006000600060006037
:106960000060006000600060706070C071803F0077
:106970000000000000000000000000000000000017
:106980000000000000000000000000000000000007
:1069900000000000000000000000000000000000F7
:1069A00000000000000000000000000000000000E7
:1069B0000000000000000000000000007E7C183095
:1069C00018201860184018801880190019001B0042
:1069D0001D801D8018C018C018601860183018304D
:1069E0001830181818187E3E000000000000000043
:1069F0000000000000000000000000000000000097
:106A00000000000000000000000000000000000086
:106A10000000000000000000000000000000000076
:106A20000000000000000000000000000000000066
:106A30000000000000000000000000007E001800C0
:106A40001800180018001800180018001800180086
:106A50001800180018001800180018001800180274
:106A600018021804180C7FFC000000000000000051
:106A70000000000000000000000000000000000016
:106A80000000000000000000000000000000000006
:106A900000000000000000000000000000000000F6
:106AA00000000000000000000000000000000000E6
:106AB000000000000000000000000000F00F381C83
:106AC000381C381C381C382C2C2C2C2C2C2C2C4CE6
:106AD0002C4C264C264C264C268C228C238C238C2A
:106AE000230C230C210CF13F0000000000000000EB
:106AF0000000000000000000000000000000000096
:106B00000000000000000000000000000000000085
:106B10000000000000000000000000000000000075
:106B20000000000000000000000000000000000065
:106B3000000000000000000000000000F01F38040A
:106B400038042C042C042604260423042304218462
:106B5000218420C420C42064206420342034201CDC
:106B6000201C200C200CF804000000000000000095
:106B70000000000000000000000000000000000015
:106B80000000000000000000000000000000000005
:106B900000000000000000000000000000000000F5
:106BA00000000000000000000000000000000000E5
:106BB00000000000000000000000000003C00C30D6
:106BC00018181008300C300C60046006600660066F
:106BD000600660066006600660062006300C300C19
:106BE000100818180C3003C000000000000000005E
:106BF0000000000000000000000000000000000095
:106C00000000000000000000000000000000000084
:106C10000000000000000000000000000000000074
:106C20000000000000000000000000000000000064
:106C30000000000000000000000000007FF01818B5
:106C4000180C180618061806180618061806180C48
:106C500018181FE018001800180018001800180075
:106C60001800180018007E0000000000000000005E
:106C70000000000000000000000000000000000014
:106C80000000000000000000000000000000000004
:106C900000000000000000000000000000000000F4
:106CA00000000000000000000000000000000000E4
:106CB00000000000000000000000000003C00C30D5
:106CC00018181008300C300C60066006600660066C
:106CD000600660066006600660066006278438CCA1
:106CE000386C18780C7003E00032003C001C000087
:106CF0000000000000000000000000000000000094
:106D00000000000000000000000000000000000083
:106D10000000000000000000000000000000000073
:106D20000000000000000000000000000000000063
:106D30000000000000000000000000007FE01838A4
:106D40001818180C180C180C180C180C18181830E7
:106D50001FE018C018C0186018601860183018308C
:106D60001830181818187E1E0000000000000000DF
:106D70000000000000000000000000000000000013
:106D80000000000000000000000000000000000003
:106D900000000000000000000000000000000000F3
:106DA00000000000000000000000000000000000E3
:106DB0000000000000000000000000000FC818786C
:106DC0003018601860086008600070003C001F0008
:106DD00007C001F000780018001C400C400C600C4B
:106DE000200C3018383027E00000000000000000C0
:106DF0000000000000000000000000000000000093
:106E00000000000000000000000000000000000082
:106E10000000000000000000000000000000000072
:106E20000000000000000000000000000000000062
:106E30000000000000000000000000003FFC318462
:106E40002186418241820180018001800180018090
:106E5000018001800180018001800180018001802A
:106E600001800180018007E00000000000000000B8
:106E70000000000000000000000000000000000012
:106E80000000000000000000000000000000000002
:106E900000000000000000000000000000000000F2
:106EA00000000000000000000000000000000000E2
:106EB000000000000000000000000000FC3E300860
:106EC0003008300830083008300830083008300802
:106ED00030083008300830083008300830083008F2
:106EE000300818101C2007C000000000000000003F
:106EF0000000000000000000000000000000000092
:106F00000000000000000000000000000000000081
:106F10000000000000000000000000000000000071
:106F20000000000000000000000000000000000061
:106F30000000000000000000000000007C1E180C93
:106F40001808180818080C100C100C100C100C2045
:106F5000062006200620064003400340034003802D
:106F6000018001800100010000000000000000001D
:106F70000000000000000000000000000000000011
:106F80000000000000000000000000000000000001
:106F900000000000000000000000000000000000F1
:106FA00000000000000000000000000000000000E1
:106FB000000000000000000000000000F3CF618628
:106FC00061842184208430C431C431C431C831C8C3
:106FD00011C812481A681A681A701C700C700C706C
:106FE0000C300C20082008200000000000000000E9
:106FF0000000000000000000000000000000000091
:107000000000000000000000000000000000000080
:107010000000000000000000000000000000000070
:107020000000000000000000000000000000000060
:107030000000000000000000000000007C3E180876
:1070400018100C100C20062006400340038001801D
:107050000180018001C002C0026004600470083039
:1070600008301818101C7C3E0000000000000000D2
:107070000000000000000000000000000000000010
:107080000000000000000000000000000000000000
:1070900000000000000000000000000000000000F0
:1070A00000000000000000000000000000000000E0
:1070B0000000000000000000000000007E3E3808D4
:1070C000180818100C100C100C2006200620034085
:1070D00003400380018001800180018001800180E4
:1070E00001800180018007E0000000000000000036
:1070F0000000000000000000000000000000000090
:10710000000000000000000000000000000000007F
:10711000000000000000000000000000000000006F
:10712000000000000000000000000000000000005F
:107130000000000000000000000000001FFE1C0C0A
:10714000180C3018201800300060006000C000C02B
:107150000180018003000300060006000C001802F5
:1071600018063004301C7FFC000000000000000006
:10717000000000000000000000000000000000000F
:1071800000000000000000000000000000000000FF
:1071900000000000000000000000000000000000EF
:1071A00000000000000000000000000000000000DF
:1071B00000000000000003FC0300030003000300C4
:1071C00003000300030003000300030003000300A7
:1071D0000300030003000300030003000300030097
:1071E0000300030003000300030003FC0000000091
:1071F000000000000000000000000000000000008F
:10720000000000000000000000000000000000007E
:10721000000000000000000000000000000000006E
:10722000000000000000000000000000000000005E
:107230000000000000000000000018001800080016
:107240000C0004000600060002000300010001809B
:107250000180008000C0004000600060003000300D
:10726000003000180018000C000C000C0006000094
:10727000000000000000000000000000000000000E
:1072800000000000000000000000000000000000FE
:1072900000000000000000000000000000000000EE
:1072A00000000000000000000000000000000000DE
:1072B0000000000000003FC000C000C000C000C0CF
:1072C00000C000C000C000C000C000C000C000C0BE
:1072D00000C000C000C000C000C000C000C000C0AE
:1072E00000C000C000C000C000C03FC000000000DF
:1072F000000000000000000000000000000000008E
:10730000000000000000000000000000000000007D
:10731000000000000000000000000000000000006D
:10732000000000000000000000000000000000005D
:107330000000000003C003E0062008100000000069
:10734000000000000000000000000000000000003D
:10735000000000000000000000000000000000002D
:10736000000000000000000000000000000000001D
:10737000000000000000000000000000000000000D
:1073800000000000000000000000000000000000FD
:1073900000000000000000000000000000000000ED
:1073A00000000000000000000000000000000000DD
:1073B00000000000000000000000000000000000CD
:1073C00000000000000000000000000000000000BD
:1073D00000000000000000000000000000000000AD
:1073E0000000000000000000000000000000FFFF9F
:1073F000000000000000000000000000000000008D
:10740000000000000000000000000000000000007C
:10741000000000000000000000000000000000006C
:10742000000000000000000000000000000000005C
:10743000000000001E0003000080000000000000AB
:10744000000000000000000000000000000000003C
:10745000000000000000000000000000000000002C
:10746000000000000000000000000000000000001C
:10747000000000000000000000000000000000000C
:1074800000000000000000000000000000000000FC
:1074900000000000000000000000000000000000EC
:1074A00000000000000000000000000000000000DC
:1074B00000000000000000000000000000000000CC
:1074C0000000000000000000000007E01830301845
:1074D00030183018003807D81C1830186018601899
:1074E0006018601930791F8E000000000000000055
:1074F000000000000000000000000000000000008C
:10750000000000000000000000000000000000007B
:10751000000000000000000000000000000000006B
:10752000000000000000000000000000000000005B
:1075300000000000000000000000080078001800B3
:107540001800180018001800180019E01A381C1844
:107550001C0C180C180C180C180C180C180C180C07
:1075600018081C181C3013E0000000000000000088
:10757000000000000000000000000000000000000B
:1075800000000000000000000000000000000000FB
:1075900000000000000000000000000000000000EB
:1075A00000000000000000000000000000000000DB
:1075B00000000000000000000000000000000000CB
:1075C0000000000000000000000003E00E100C1896
:1075D000181830183000300030003000300030040F
:1075E000180418080C1003E0000000000000000060
:1075F000000000000000000000000000000000008B
:10760000000000000000000000000000000000007A
:10761000000000000000000000000000000000006A
:10762000000000000000000000000000000000005A
:1076300000000000000000000000000800780018B2
:107640000018001800180018001807D80C3818186F
:107650001818301830183018301830183018301802
:10766000101818380C5E07900000000000000000A1
:10767000000000000000000000000000000000000A
:1076800000000000000000000000000000000000FA
:1076900000000000000000000000000000000000EA
:1076A00000000000000000000000000000000000DA
:1076B00000000000000000000000000000000000CA
:1076C0000000000000000000000003C00C3008189B
:1076D0001808300C300C300C3FFC3000300030000B
:1076E000180418080E1803E0000000000000000055
:1076F000000000000000000000000000000000008A
:107700000000000000000000000000000000000079
:107710000000000000000000000000000000000069
:107720000000000000000000000000000000000059
:10773000000000000000000000000000007C018646
:10774000010603060300030003003FF803000300E3
:107750000300030003000300030003000300030011
:107760000300030003001FF0000000000000000001
:107770000000000000000000000000000000000009
:1077800000000000000000000000000000000000F9
:1077900000000000000000000000000000000000E9
:1077A00000000000000000000000000000000000D9
:1077B00000000000000000000000000000000000C9
:1077C0000000000000000000000003EE0C36081866
:1077D00018181818181808180C300FE0180018009E
:1077E0001FC00FF8181C300C300C300C181807E0B4
:1077F0000000000000000000000000000000000089
:107800000000000000000000000000000000000078
:107810000000000000000000000000000000000068
:107820000000000000000000000000000000000058
:1078300000000000000000000000080078001800B0
:107840001800180018001800180019E01A301C1849
:1078500018181818181818181818181818181818A8
:107860001818181818187E7E00000000000000008C
:107870000000000000000000000000000000000008
:1078800000000000000000000000000000000000F8
:1078900000000000000000000000000000000000E8
:1078A00000000000000000000000000000000000D8
:1078B000000000000000000000000000018003C084
:1078C000018000000000000000801F800180018016
:1078D00001800180018001800180018001800180A0
:1078E0000180018001801FF80000000000000000FE
:1078F0000000000000000000000000000000000088
:107900000000000000000000000000000000000077
:107910000000000000000000000000000000000067
:107920000000000000000000000000000000000057
:107930000000000000000000000000000038007897
:107940000030000000000000001003F000300030A4
:1079500000300030003000300030003000300030A7
:1079600000300030003000300030186018400F80C8
:107970000000000000000000000000000000000007
:1079800000000000000000000000000000000000F7
:1079900000000000000000000000000000000000E7
:1079A00000000000000000000000000000000000D7
:1079B000000000000000000000000800780018002F
:1079C00018001800180018001800187C183018202B
:1079D0001840188019801B801EC01CC01860183009
:1079E00018301818181C7E3E00000000000000002F
:1079F0000000000000000000000000000000000087
:107A00000000000000000000000000000000000076
:107A10000000000000000000000000000000000066
:107A20000000000000000000000000000000000056
:107A30000000000000000000000000801F800180A6
:107A4000018001800180018001800180018001802E
:107A5000018001800180018001800180018001801E
:107A60000180018001801FF800000000000000007C
:107A70000000000000000000000000000000000006
:107A800000000000000000000000000000000000F6
:107A900000000000000000000000000000000000E6
:107AA00000000000000000000000000000000000D6
:107AB00000000000000000000000000000000000C6
:107AC00000000000000000002000EF3C71C661864D
:107AD000618661866186618661866186618661866E
:107AE000618661866186F3CF00000000000000001F
:107AF0000000000000000000000000000000000086
:107B00000000000000000000000000000000000075
:107B10000000000000000000000000000000000065
:107B20000000000000000000000000000000000055
:107B30000000000000000000000000000000000045
:107B40000000000000000000000009E07A301C186E
:107B500018181818181818181818181818181818A5
:107B60001818181818187E7E000000000000000089
:107B70000000000000000000000000000000000005
:107B800000000000000000000000000000000000F5
:107B900000000000000000000000000000000000E5
:107BA00000000000000000000000000000000000D5
:107BB00000000000000000000000000000000000C5
:107BC0000000000000000000000003C00C30081896
:107BD0001818100C300C300C300C300C300C300CF1
:107BE000181818180C3003C0000000000000000036
:107BF0000000000000000000000000000000000085
:107C00000000000000000000000000000000000074
:107C10000000000000000000000000000000000064
:107C20000000000000000000000000000000000054
:107C30000000000000000000000000000000000044
:107C40000000000000000000000009E07A301C186D
:107C50001808180C180C180C180C180C180C180C08
:107C600018181C181E3019E01800180018007E00A3
:107C70000000000000000000000000000000000004
:107C800000000000000000000000000000000000F4
:107C900000000000000000000000000000000000E4
:107CA00000000000000000000000000000000000D4
:107CB00000000000000000000000000000000000C4
:107CC0000000000000000000000003C80C78183815
:107CD000181830183018301830183018301830187C
:107CE000101818380C780798001800180018007E33
:107CF0000000000000000000000000000000000084
:107D00000000000000000000000000000000000073
:107D10000000000000000000000000000000000063
:107D20000000000000000000000000000000000053
:107D30000000000000000000000000000000000043
:107D400000000000000000000000061C7E660686A1
:107D50000780070006000600060006000600060071
:107D60000600060006007FE00000000000000000A2
:107D70000000000000000000000000000000000003
:107D800000000000000000000000000000000000F3
:107D900000000000000000000000000000000000E3
:107DA00000000000000000000000000000000000D3
:107DB00000000000000000000000000000000000C3
:107DC0000000000000000000000003E4061C0C0C92
:107DD0000C040C040E0007C001F00078001C100C0D
:107DE000100C180C1C1813F000000000000000001C
:107DF0000000000000000000000000000000000083
:107E00000000000000000000000000000000000072
:107E10000000000000000000000000000000000062
:107E20000000000000000000000000000000000052
:107E30000000000000000000000000000000000042
:107E4000010001000100030007003FF803000300E8
:107E5000030003000300030003000300030003000A
:107E600003040304018800F000000000000000008B
:107E70000000000000000000000000000000000002
:107E800000000000000000000000000000000000F2
:107E900000000000000000000000000000000000E2
:107EA00000000000000000000000000000000000D2
:107EB00000000000000000000000000000000000C2
:107EC0000000000000000000080878781818181852
:107ED0001818181818181818181818181818181822
:107EE000181818380C5E0790000000000000000011
:107EF0000000000000000000000000000000000082
:107F00000000000000000000000000000000000071
:107F10000000000000000000000000000000000061
:107F20000000000000000000000000000000000051
:107F30000000000000000000000000000000000041
:107F4000000000000000000000007C3E180C180833
:107F500018180C100C1004200620062003400340C3
:107F600003C001800180010000000000000000004B
:107F70000000000000000000000000000000000001
:107F800000000000000000000000000000000000F1
:107F900000000000000000000000000000000000E1
:107FA00000000000000000000000000000000000D1
:107FB00000000000000000000000000000000000C1
:107FC00000000000000000000000FBCF618621845B
:107FD0003184318431C811C81AC81A481A700E7019
:107FE0000C700C300C200420000000000000000089
:107FF0000000000000000000000000000000000081
:108000000000000000000000000000000000000070
:108010000000000000000000000000000000000060
:108020000000000000000000000000000000000050
:108030000000000000000000000000000000000040
:10804000000000000000000000003E7C0C100E103C
:108050000620034003400180018001C002600460EB
:108060000430081818187C7E000000000000000092
:108070000000000000000000000000000000000000
:1080800000000000000000000000000000000000F0
:1080900000000000000000000000000000000000E0
:1080A00000000000000000000000000000000000D0
:1080B00000000000000000000000000000000000C0
:1080C000000000000000000000007C3E181818109E
:1080D00008100C1004200620062002400340014036
:1080E0000180018001000100010002003E003C000F
:1080F0000000000000000000000000000000000080
:10810000000000000000000000000000000000006F
:10811000000000000000000000000000000000005F
:10812000000000000000000000000000000000004F
:10813000000000000000000000000000000000003F
:10814000000000000000000000003FF83038303030
:10815000206020E000C001800380030006000E04C0
:108160000C04180C30183FF800000000000000005C
:1081700000000000000000000000000000000000FF
:1081800000000000000000000000000000000000EF
:1081900000000000000000000000000000000000DF
:1081A00000000000000000000000000000000000CF
:1081B00000000000000C0010002000200020002023
:1081C000002000200020002000200020002000C00F
:1081D000018000400020002000200020002000201E
:1081E000002000200020002000200010000C0000D3
:1081F000000000000000000000000000000000007F
:10820000000000000000000000000000000000006E
:10821000000000000000000000000000000000005E
:10822000000000000000000000000000000000004E
:10823000008000800080008000800080008000803E
:10824000008000800080008000800080008000802E
:10825000008000800080008000800080008000801E
:10826000008000800080008000800080008000800E
:1082700000000000000000000000000000000000FE
:1082800000000000000000000000000000000000EE
:1082900000000000000000000000000000000000DE
:1082A00000000000000000000000000000000000CE
:1082B000000000001800040002000200020002009A
:1082C000020002000200020002000200020001801F
:1082D00000C00100020002000200020002000200D1
:1082E0000200020002000200020004001800000068
:1082F000000000000000000000000000000000007E
:10830000000000000000000000000000000000006D
:10831000000000000000000000000000000000005D
:10832000000000000000000000000000000000004D
:1083300000001E0023004182408200E4003800005B
:10834000000000000000000000000000000000002D
:10835000000000000000000000000000000000001D
:10836000000000000000000000000000000000000D
:1083700000000000000000000000000000000000FD
:1083800000000000000000000000000000000000ED
:1083900000000000000000000000000000000000DD
:1083A00000000000000000000000000000000000CD
:1083B000FFFFFFFFFFFFFFFFFFFFFFFFFFFFFFFFCD
:1083C000FFFFFFFFFFFFFFFFFFFFFFFFFFFFFFFFBD
:1083D000FFFFFFFFFFFFFFFFFFFFFFFFFFFFFFFFAD
:1083E000FFFFFFFFFFFFFFFFFFFFFFFFFFFFFFFF9D
:1083F000FFFFFFFFFFFFFFFFFFFFFFFFFFFFFFFF8D
:10840000FFFFFFFFFFFFFFFFFFFFFFFFFFFFFFFF7C
:10841000FFFFFFFFFFFFFFFFFFFFFFFFFFFFFFFF6C
:10842000FFFFFFFFFFFFFFFFFFFFFFFFFFFFFFFF5C
:10843000FFFFFFFFFFFFFFFFFFFFFFFFFFFFFFFF4C
:10844000FFFFFFFFFFFFFFFFFFFFFFFFFFFFFFFF3C
:10845000FFFFFFFFFFFFFFFFFFFFFFFFFFFFFFFF2C
:10846000FFFFFFFFFFFFFFFFFFFFFFFFFFFFFFFF1C
:10847000FFFFFFFFFFFFFFFFFFFFFFFFFFFFFFFF0C
:10848000FFFFFFFFFFFFFFFFFFFFFFFFFFFFFFFFFC
:10849000FFFFFFFFFFFFFFFFFFFFFFFFFFFFFFFFEC
:1084A000FFFFFFFFFFFFFFFFFFFFFFFFFFFFFFFFDC
:1084B000FFFFFFFFFFFFFFFFFFFFFFFFFFFFFFFFCC
:1084C000FFFFFFFFFFFFFFFFFFFFFFFFFFFFFFFFBC
:1084D000FFFFFFFFFFFFFFFFFFFFFFFFFFFFFFFFAC
:1084E000FFFFFFFFFFFFFFFFFFFFFFFFFFFFFFFF9C
:1084F000FFFFFFFFFFFFFFFFFFFFFFFFFFFFFFFF8C
:10850000FFFFFFFFFFFFFFFFFFFFFFFFFFFFFFFF7B
:10851000FFFFFFFFFFFFFFFFFFFFFFFFFFFFFFFF6B
:10852000FFFFFFFFFFFFFFFFFFFFFFFFFFFFFFFF5B
:10853000FFFFFFFFFFFFFFFFFFFFFFFFFFFFFFFF4B
:10854000FFFFFFFFFFFFFFFFFFFFFFFFFFFFFFFF3B
:10855000FFFFFFFFFFFFFFFFFFFFFFFFFFFFFFFF2B
:10856000FFFFFFFFFFFFFFFFFFFFFFFFFFFFFFFF1B
:10857000FFFFFFFFFFFFFFFFFFFFFFFFFFFFFFFF0B
:10858000FFFFFFFFFFFFFFFFFFFFFFFFFFFFFFFFFB
:10859000FFFFFFFFFFFFFFFFFFFFFFFFFFFFFFFFEB
:1085A000FFFFFFFFFFFFFFFFFFFFFFFFFFFFFFFFDB
:1085B000FFFFFFFFFFFFFFFFFFFFFFFFFFFFFFFFCB
:1085C000FFFFFFFFFFFFFFFFFFFFFFFFFFFFFFFFBB
:1085D000FFFFFFFFFFFFFFFFFFFFFFFFFFFFFFFFAB
:1085E000FFFFFFFFFFFFFFFFFFFFFFFFFFFFFFFF9B
:1085F000FFFFFFFFFFFFFFFFFFFFFFFFFFFFFFFF8B
:10860000FFFFFFFFFFFFFFFFFFFFFFFFFFFFFFFF7A
:10861000FFFFFFFFFFFFFFFFFFFFFFFFFFFFFFFF6A
:10862000FFFFFFFFFFFFFFFFFFFFFFFFFFFFFFFF5A
:10863000FFFFFFFFFFFFFFFFFFFFFFFFFFFFFFFF4A
:10864000FFFFFFFFFFFFFFFFFFFFFFFFFFFFFFFF3A
:10865000FFFFFFFFFFFFFFFFFFFFFFFFFFFFFFFF2A
:10866000FFFFFFFFFFFFFFFFFFFFFFFFFFFFFFFF1A
:10867000FFFFFFFFFFFFFFFFFFFFFFFFFFFFFFFF0A
:10868000FFFFFFFFFFFFFFFFFFFFFFFFFFFFFFFFFA
:10869000FFFFFFFFFFFFFFFFFFFFFFFFFFFFFFFFEA
:1086A000FFFFFFFFFFFFFFFFFFFFFFFFFFFFFFFFDA
:1086B000FFFFFFFFFFFFFFFFFFFFFFFFFFFFFFFFCA
:1086C000FFFFFFFFFFFFFFFFFFFFFFFFFFFFFFFFBA
:1086D000FFFFFFFFFFFFFFFFFFFFFFFFFFFFFFFFAA
:1086E000FFFFFFFFFFFFFFFFFFFFFFFFFFFFFFFF9A
:1086F000FFFFFFFFFFFFFFFFFFFFFFFFFFFFFFFF8A
:10870000FFFFFFFFFFFFFFFFFFFFFFFFFFFFFFFF79
:10871000FFFFFFFFFFFFFFFFFFFFFFFFFFFFFFFF69
:10872000FFFFFFFFFFFFFFFFFFFFFFFFFFFFFFFF59
:10873000FFFFFFFFFFFFFFFFFFFFFFFFFFFFFFFF49
:10874000FFFFFFFFFFFFFFFFFFFFFFFFFFFFFFFF39
:10875000FFFFFFFFFFFFFFFFFFFFFFFFFFFFFFFF29
:10876000FFFFFFFFFFFFFFFFFFFFFFFFFFFFFFFF19
:10877000FFFFFFFFFFFFFFFFFFFFFFFFFFFFFFFF09
:10878000FFFFFFFFFFFFFFFFFFFFFFFFFFFFFFFFF9
:10879000FFFFFFFFFFFFFFFFFFFFFFFFFFFFFFFFE9
:1087A000FFFFFFFFFFFFFFFFFFFFFFFFFFFFFFDFF9
:1087B000F5F6EE16F719FF3BFF7CFF9DFFBEFFFFAE
:1087C000FFFFFFBEFF7CFF5CF71AF71BEEB8FEB998
:1087D000FFDFFFFFFFFFFFFFFFFFFFFFFFFFFFFFC9
:1087E000FFFFFFFFFFFFFFFFFFFFFFFFFFFFFFFF99
:1087F000FFFFFFFFFFFFFFFFFFFFFFFFFFFFFFFF89
:10880000FFFFFFFFFFFFFFFFFFFFFFFFFFFFFFFF78
:10881000FFFFFFFFFFFFFFFFFFFFFFFFFFFFFFFF68
:10882000FFFFFFFFFFFFFFFFFFFFFFFFFFFFFFFF58
:10883000FFFFFFFFFFFFFFFFFFFFFFFFFFFFFFFF48
:10884000FFFFFFFFFFFFFFFFFFFFFFFFFFFFFFFF38
:10885000FFFFFFFFFFFFFFFFFFFFFFFFFFFFFFFF28
:10886000FFFFFFFFFFFFFFFFFFFFFFFFFFFFFFFF18
:10887000FFFFFFFFFFFFFFFFFFFFFFFFFFFFFFFF08
:10888000FFFFFFFFFFFFFFFFFFFFFFFFFFFFFFFFF8
:10889000FFFFFFFFFFFFFFFFFFFFFFFFFFFFFFFFE8
:1088A000FFFFFFFFFFFFFFFFFFFFFFFFFFFFFFFFD8
:1088B000FFFFFFFFFFFFFFFFFFFFFFFFFFFFFFFFC8
:1088C000FFFFFFFFFFFFFFFFFFFFFFFFFFFFFFFFB8
:1088D000FFFFFFFFFFFFFFFFFFFFFFFFFFFFFFFFA8
:1088E000FFFFFFFFFFFFFFFFFFFFFFFFFFFFFFFF98
:1088F000FFFFFFFFFFFFFFFFFFFFFFFFFFFFFFFF88
:10890000FFFFFFFFFFFFFFFFFFFFFFFFFFFFFFFF77
:10891000FFFFFFFFFFFFFFFFFFFFFFFFFFFFFFFF67
:10892000FFFFFFFFFFFFFFFFFFFFFFFFFFFFFFFF57
:10893000FFFFFFFFFFFFFFFFFFFFFFFFFFFFFFFF47
:10894000FFFFFFFFFFFFFFFFFFFFFFFFFFFFFFFF37
:10895000FFFFFFFFFFFFFFFFFFFFFFFFFFFFFFFF27
:10896000FFFFFFFFFFFFFFFFFFFFFFFFFFFFFFFF17
:10897000FFFFFFFFFFFFFFFFFFFFFFFFFFFFFFFF07
:10898000FFFFFFFFFFFFFFFFFEFBC986FD51FED883
:10899000FE98FED9F71AFF3BFF7CFF9DFFBEFFDE6E
:1089A000FFDEFFBDFF7CFF5CFF1AFEFAF6D8F6770C
:1089B000F697F4D0B8E4ED15FFDFFFFFFFFFFFFFF0
:1089C000FFFFFFFFFFFFFFFFFFFFFFFFFFFFFFFFB7
:1089D000FFFFFFFFFFFFFFFFFFFFFFFFFFFFFFFFA7
:1089E000FFFFFFFFFFFFFFFFFFFFFFFFFFFFFFFF97
:1089F000FFFFFFFFFFFFFFFFFFFFFFFFFFFFFFFF87
:108A0000FFFFFFFFFFFFFFFFFFFFFFFFFFFFFFFF76
:108A1000FFFFFFFFFFFFFFFFFFFFFFFFFFFFFFFF66
:108A2000FFFFFFFFFFFFFFFFFFFFFFFFFFFFFFFF56
:108A3000FFFFFFFFFFFFFFFFFFFFFFFFFFFFFFFF46
:108A4000FFFFFFFFFFFFFFFFFFFFFFFFFFFFFFFF36
:108A5000FFFFFFFFFFFFFFFFFFFFFFFFFFFFFFFF26
:108A6000FFFFFFFFFFFFFFFFFFFFFFFFFFFFFFFF16
:108A7000FFFFFFFFFFFFFFFFFFFFFFFFFFFFFFFF06
:108A8000FFFFFFFFFFFFFFFFFFFFFFFFFFFFFFFFF6
:108A9000FFFFFFFFFFFFFFFFFFFFFFFFFFFFFFFFE6
:108AA000FFFFFFFFFFFFFFFFFFFFFFFFFFFFFFFFD6
:108AB000FFFFFFFFFFFFFFFFFFFFFFFFFFFFFFFFC6
:108AC000FFFFFFFFFFFFFFFFFFFFFFFFFFFFFFFFB6
:108AD000FFFFFFFFFFFFFFFFFFFFFFFFFFFFFFFFA6
:108AE000FFFFFFFFFFFFFFFFFFFFFFFFFFFFFFFF96
:108AF000FFFFFFFFFFFFFFFFFFFFFFFFFFFFFFFF86
:108B0000FFFFFFFFFFFFFFFFFFFFFFFFFFFFFFFF75
:108B1000FFFFFFFFFFFFFFFFFFFFFFFFFFFFFFFF65
:108B2000FFFFFFFFFFFFFFFFFFFFFFFFFFFFFFFF55
:108B3000FFFFFFFFFFFFFFFFFFFFFFFFFFFFFFFF45
:108B4000FFFFFFFFFFFFFFFFFFFFFFFFFFFFFFFF35
:108B5000FFFFFFFFFFFFFFFFFFFFFFFFFFFFFFFF25
:108B6000FFFFFEBBD023E1A5FE14F615FE56F677F7
:108B7000FEB8FED9FEFAFF3AFF5BFF7CFF9DFF9D2A
:108B8000FF9DFF7CFF5CFF5BFF1AF6D9F6B8F67716
:108B9000F656EE15EDD4F5F4C144C002C209FF7DCE
:108BA000FFFFFFFFFFFFFFFFFFFFFFFFFFFFFFFFD5
:108BB000FFFFFFFFFFFFFFFFFFFFFFFFFFFFFFFFC5
:108BC000FFFFFFFFFFFFFFFFFFFFFFFFFFFFFFFFB5
:108BD000FFFFFFFFFFFFFFFFFFFFFFFFFFFFFFFFA5
:108BE000FFFFFFFFFFFFFFFFFFFFFFFFFFFFFFFF95
:108BF000FFFFFFFFFFFFFFFFFFFFFFFFFFFFFFFF85
:108C0000FFFFFFFFFFFFFFFFFFFFFFFFFFFFFFFF74
:108C1000FFFFFFFFFFFFFFFFFFFFFFFFFFFFFFFF64
:108C2000FFFFFFFFFFFFFFFFFFFFFFFFFFFFFFFF54
:108C3000FFFFFFFFFFFFFFFFFFFFFFFFFFFFFFFF44
:108C4000FFFFFFFFFFFFFFFFFFFFFFFFFFFFFFFF34
:108C5000FFFFFFFFFFFFFFFFFFFFFFFFFFFFFFFF24
:108C6000FFFFFFFFFFFFFFFFFFFFFFFFFFFFFFFF14
:108C7000FFFFFFFFFFFFFFFFFFFFFFFFFFFFFFFF04
:108C8000FFFFFFFFFFFFFFFFFFFFFFFFFFFFFFFFF4
:108C9000FFFFFFFFFFFFFFFFFFFFFFFFFFFFFFFFE4
:108CA000FFFFFFFFFFFFFFFFFFFFFFFFFFFFFFFFD4
:108CB000FFFFFFFFFFFFFFFFFFFFFFFFFFFFFFFFC4
:108CC000FFFFFFFFFFFFFFFFFFFFFFFFFFFFFFFFB4
:108CD000FFFFFFFFFFFFFFFFFFFFFFFFFFFFFFFFA4
:108CE000FFFFFFFFFFFFFFFFFFFFFFFFFFFFFFFF94
:108CF000FFFFFFFFFFFFFFFFFFFFFFFFFFFFFFFF84
:108D0000FFFFFFFFFFFFFFFFFFFFFFFFFFFFFFFF73
:108D1000FFFFFFFFFFFFFFFFFFFFFFFFFFFFFFFF63
:108D2000FFFFFFFFFFFFFFFFFFFFFFFFFFFFFFFF53
:108D3000FFFFFFFFFFFFFFFFFFFFFFFFFFFFFEFB48
:108D4000E002E001FDD3FDB3F5F3F614F636F67656
:108D5000FE97FEB8FEF9FF1AFF3BFF5CFF5CFF7C4D
:108D6000FF7CFF5CFF3BFF1AF6FAF6B9F698F65760
:108D7000F636EE15EDB4ED93ED52ED30C001C002C4
:108D8000B842FEDBFFFFFFFFFFFFFFFFFFFFFFFF1C
:108D9000FFFFFFFFFFFFFFFFFFFFFFFFFFFFFFFFE3
:108DA000FFFFFFFFFFFFFFFFFFFFFFFFFFFFFFFFD3
:108DB000FFFFFFFFFFFFFFFFFFFFFFFFFFFFFFFFC3
:108DC000FFFFFFFFFFFFFFFFFFFFFFFFFFFFFFFFB3
:108DD000FFFFFFFFFFFFFFFFFFFFFFFFFFFFFFFFA3
:108DE000FFFFFFFFFFFFFFFFFFFFFFFFFFFFFFFF93
:108DF000FFFFFFFFFFFFFFFFFFFFFFFFFFFFFFFF83
:108E0000FFFFFFFFFFFFFFFFFFFFFFFFFFFFFFFF72
:108E1000FFFFFFFFFFFFFFFFFFFFFFFFFFFFFFFF62
:108E2000FFFFFFFFFFFFFFFFFFFFFFFFFFFFFFFF52
:108E3000FFFFFFFFFFFFFFFFFFFFFFFFFFFFFFFF42
:108E4000FFFFFFFFFFFFFFFFFFFFFFFFFFFFFFFF32
:108E5000FFFFFFFFFFFFFFFFFFFFFFFFFFFFFFFF22
:108E6000FFFFFFFFFFFFFFFFFFFFFFFFFFFFFFFF12
:108E7000FFFFFFFFFFFFFFFFFFFFFFFFFFFFFFFF02
:108E8000FFFFFFFFFFFFFFFFFFFFFFFFFFFFFFFFF2
:108E9000FFFFFFFFFFFFFFFFFFFFFFFFFFFFFFFFE2
:108EA000FFFFFFFFFFFFFFFFFFFFFFFFFFFFFFFFD2
:108EB000FFFFFFFFFFFFFFFFFFFFFFFFFFFFFFFFC2
:108EC000FFFFFFFFFFFFFFFFFFFFFFFFFFFFFFFFB2
:108ED000FFFFFFFFFFFFFFFFFFFFFFFFFFFFFFFFA2
:108EE000FFFFFFFFFFFFFFFFFFFFFFFFFFFFFFFF92
:108EF000FFFFFFFFFFFFFFFFFFFFFFFFFFFFFFFF82
:108F0000FFFFFFFFFFFFFFFFFFFFFFFFFFFFFFFF71
:108F1000FFFFFFFFFFFFFFFFFFFFFDD7E002E002C3
:108F2000FC6EF531F571F592F5D3F5F4F635F6569C
:108F3000F677F6B8FED8FEF9FF1AFF3AFF3BFF3B83
:108F4000FF3BFF3BFF1AFEFAF6D9F6B8F697F65646
:108F5000EE35EDF4EDB3ED72ED51E510E4CFDBCC81
:108F6000C002B822B822ECF4FFFFFFFFFFFFFFFFB3
:108F7000FFFFFFFFFFFFFFFFFFFFFFFFFFFFFFFF01
:108F8000FFFFFFFFFFFFFFFFFFFFFFFFFFFFFFFFF1
:108F9000FFFFFFFFFFFFFFFFFFFFFFFFFFFFFFFFE1
:108FA000FFFFFFFFFFFFFFFFFFFFFFFFFFFFFFFFD1
:108FB000FFFFFFFFFFFFFFFFFFFFFFFFFFFFFFFFC1
:108FC000FFFFFFFFFFFFFFFFFFFFFFFFFFFFFFFFB1
:108FD000FFFFFFFFFFFFFFFFFFFFFFFFFFFFFFFFA1
:108FE000FFFFFFFFFFFFFFFFFFFFFFFFFFFFFFFF91
:108FF000FFFFFFFFFFFFFFFFFFFFFFFFFFFFFFFF81
:10900000FFFFFFFFFFFFFFFFFFFFFFFFFFFFFFFF70
:10901000FFFFFFFFFFFFFFFFFFFFFFFFFFFFFFFF60
:10902000FFFFFFFFFFFFFFFFFFFFFFFFFFFFFFFF50
:10903000FFFFFFFFFFFFFFFFFFFFFFFFFFFFFFFF40
:10904000FFFFFFFFFFFFFFFFFFFFFFFFFFFFFFFF30
:10905000FFFFFFFFFFFFFFFFFFFFFFFFFFFFFFFF20
:10906000FFFFFFFFFFFFFFFFFFFFFFFFFFFFFFFF10
:10907000FFFFFFFFFFFFFFFFFFFFFFFFFFFFFFFF00
:10908000FFFFFFFFFFFFFFFFFFFFFFFFFFFFFFFFF0
:10909000FFFFFFFFFFFFFFFFFFFFFFFFFFFFFFFFE0
:1090A000FFFFFFFFFFFFFFFFFFFFFFFFFFFFFFFFD0
:1090B000FFFFFFFFFFFFFFFFFFFFFFFFFFFFFFFFC0
:1090C000FFFFFFFFFFFFFFFFFFFFFFFFFFFFFFFFB0
:1090D000FFFFFFFFFFFFFFFFFFFFFFFFFFFFFFFFA0
:1090E000FFFFFFFFFFFFFFFFFFFFFFFFFFFFFFFF90
:1090F000FFFFFFFFFFFFFFFFD083E001D801F52F47
:10910000FD0FF530F571F592F5D3F5F4F615F6355A
:10911000F676F697FEB8FED8FEF9FEFAFF1AFF1AA9
:10912000FF1AFF1AFEF9F6D9F6B8F698F677F63672
:10913000EE15EDD4EDB3ED52E531E510DCCFE4AE44
:10914000DC6DB001B802B022B002FFBEFFFFFFFF2E
:10915000FFFFFFFFFFFFFFFFFFFFFFFFFFFFFFFF1F
:10916000FFFFFFFFFFFFFFFFFFFFFFFFFFFFFFFF0F
:10917000FFFFFFFFFFFFFFFFFFFFFFFFFFFFFFFFFF
:10918000FFFFFFFFFFFFFFFFFFFFFFFFFFFFFFFFEF
:10919000FFFFFFFFFFFFFFFFFFFFFFFFFFFFFFFFDF
:1091A000FFFFFFFFFFFFFFFFFFFFFFFFFFFFFFFFCF
:1091B000FFFFFFFFFFFFFFFFFFFFFFFFFFFFFFFFBF
:1091C000FFFFFFFFFFFFFFFFFFFFFFFFFFFFFFFFAF
:1091D000FFFFFFFFFFFFFFFFFFFFFFFFFFFFFFFF9F
:1091E000FFFFFFFFFFFFFFFFFFFFFFFFFFFFFFFF8F
:1091F000FFFFFFFFFFFFFFFFFFFFFFFFFFFFFFFF7F
:10920000FFFFFFFFFFFFFFFFFFFFFFFFFFFFFFFF6E
:10921000FFFFFFFFFFFFFFFFFFFFFFFFFFFFFFFF5E
:10922000FFFFFFFFFFFFFFFFFFFFFFFFFFFFFFFF4E
:10923000FFFFFFFFFFFFFFFFFFFFFFFFFFFFFFFF3E
:10924000FFFFFFFFFFFFFFFFFFFFFFFFFFFFFFFF2E
:10925000FFFFFFFFFFFFFFFFFFFFFFFFFFFFFFFF1E
:10926000FFFFFFFFFFFFFFFFFFFFFFFFFFFFFFFF0E
:10927000FFFFFFFFFFFFFFFFFFFFFFFFFFFFFFFFFE
:10928000FFFFFFFFFFFFFFFFFFFFFFFFFFFFFFFFEE
:10929000FFFFFFFFFFFFFFFFFFFFFFFFFFFFFFFFDE
:1092A000FFFFFFFFFFFFFFFFFFFFFFFFFFFFFFFFCE
:1092B000FFFFFFFFFFFFFFFFFFFFFFFFFFFFFFFFBE
:1092C000FFFFFFFFFFFFFFFFFFFFFFFFFFFFFFFFAE
:1092D000FFFFFFFFFF5EE002E002D841ECCEF4EEBC
:1092E000F4EFF510F551F571F5B2F5D3F5F4F61587
:1092F000F636F656F677F697F6B8F6B8F6D9F6D902
:10930000F6D9F6D9F6B8F6B8F697F657F636F61552
:10931000EDF4EDB3E572E552E511E4F0E4AFE48E6F
:10932000DC4DDC6DB001B802B022B802B9C9FFFF54
:10933000FFFFFFFFFFFFFFFFFFFFFFFFFFFFFFFF3D
:10934000FFFFFFFFFFFFFFFFFFFFFFFFFFFFFFFF2D
:10935000FFFFFFFFFFFFFFFFFFFFFFFFFFFFFFFF1D
:10936000FFFFFFFFFFFFFFFFFFFFFFFFFFFFFFFF0D
:10937000FFFFFFFFFFFFFFFFFFFFFFFFFFFFFFFFFD
:10938000FFFFFFFFFFFFFFFFFFFFFFFFFFFFFFFFED
:10939000FFFFFFFFFFFFFFFFFFFFFFFFFFFFFFFFDD
:1093A000FFFFFFFFFFFFFFFFFFFFFFFFFFFFFFFFCD
:1093B000FFFFFFFFFFFFFFFFFFFFFFFFFFFFFFFFBD
:1093C000FFFFFFFFFFFFFFFFFFFFFFFFFFFFFFFFAD
:1093D000FFFFFFFFFFFFFFFFFFFFFFFFFFFFFFFF9D
:1093E000FFFFFFFFFFFFFFFFFFFFFFFFFFFFFFFF8D
:1093F000FFFFFFFFFFFFFFFFFFFFFFFFFFFFFFFF7D
:10940000FFFFFFFFFFFFFFFFFFFFFFFFFFFFFFFF6C
:10941000FFFFFFFFFFFFFFFFFFFFFFFFFFFFFFFF5C
:10942000FFFFFFFFFFFFFFFFFFFFFFFFFFFFFFFF4C
:10943000FFFFFFFFFFFFFFFFFFFFFFFFFFFFFFFF3C
:10944000FFFFFFFFFFFFFFFFFFFFFFFFFFFFFFFF2C
:10945000FFFFFFFFFFFFFFFFFFFFFFFFFFFFFFFF1C
:10946000FFFFFFFFFFFFFFFFFFFFFFFFFFFFFFFF0C
:10947000FFFFFFFFFFFFFFFFFFFFFFFFFFFFFFFFFC
:10948000FFFFFFFFFFFFFFFFFFFFFFFFFFFFFFFFEC
:10949000FFFFFFFFFFFFFFFFFFFFFFFFFFFFFFFFDC
:1094A000FFFFFFFFFFFFFFFFFFFFFFFFFFFFFFFFCC
:1094B000FFFFD967E801E001E041EC4CF46DF4AE48
:1094C000F4EFF50FED30ED51F677FF7CFFFFFFFF76
:1094D000FFFFFFFFFFFFFFFFFFFFFFFFFFFFFFFF9C
:1094E000FFFFFFFFFFFFFFFFFFFFFFFFFF5BEE360A
:1094F000EDB3ED93ED52ED31E510E4CFDCAEDC6E73
:10950000DC2DD40CD3CBB001B802B022B002A842FB
:10951000FFBEFFFFFFFFFFFFFFFFFFFFFFFFFFFF9C
:10952000FFFFFFFFFFFFFFFFFFFFFFFFFFFFFFFF4B
:10953000FFFFFFFFFFFFFFFFFFFFFFFFFFFFFFFF3B
:10954000FFFFFFFFFFFFFFFFFFFFFFFFFFFFFFFF2B
:10955000FFFFFFFFFFFFFFFFFFFFFFFFFFFFFFFF1B
:10956000FFFFFFFFFFFFFFFFFFFFFFFFFFFFFFFF0B
:10957000FFFFFFFFFFFFFFFFFFFFFFFFFFFFFFFFFB
:10958000FFFFFFFFFFFFFFFFFFFFFFFFFFFFFFFFEB
:10959000FFFFFFFFFFFFFFFFFFFFFFFFFFFFFFFFDB
:1095A000FFFFFFFFFFFFFFFFFFFFFFFFFFFFFFFFCB
:1095B000FFFFFFFFFFFFFFFFFFFFFFFFFFFFFFFFBB
:1095C000FFFFFFFFFFFFFFFFFFFFFFFFFFFFFFFFAB
:1095D000FFFFFFFFFFFFFFFFFFFFFFFFFFFFFFFF9B
:1095E000FFFFFFFFFFFFFFFFFFFFFFFFFFFFFFFF8B
:1095F000FFFFFFFFFFFFFFFFFFFFFFFFFFFFFFFF7B
:10960000FFFFFFFFFFFFFFFFFFFFFFFFFFFFFFFF6A
:10961000FFFFFFFFFFFFFFFFFFFFFFFFFFFFFFFF5A
:10962000FFFFFFFFFFFFFFFFFFFFFFFFFFFFFFFF4A
:10963000FFFFFFFFFFFFFFFFFFFFFFFFFFFFFFFF3A
:10964000FFFFFFFFFFFFFFFFFFFFFFFFFFFFFFFF2A
:10965000FFFFFFFFFFFFFFFFFFFFFFFFFFFFFFFF1A
:10966000FFFFFFFFFFFFFFFFFFFFFFFFFFFFFFFF0A
:10967000FFFFFFFFFFFFFFFFFFFFFFFFFFFFFFFFFA
:10968000FFFFFFFFFFFFFFFFFFFFFFFFFFFFFFFFEA
:10969000E002E002E802D821F40BF42CF46CEC6D4B
:1096A000ED71FFBDFFFFFFFFFFFFFFFFFFFFFFFFAC
:1096B000FFFFFFFFFFFFFFFFFFFFFFFFFFFFFFFFBA
:1096C000FFFFFFFFFFFFFFFFFFFFFFFFFFFFFFFFAA
:1096D000FFFFFFFFF6D9DCF0E4F0E4AFDC8EDC6DD9
:1096E000DC2CDBECD3ABCBAAB001B002B002B002F1
:1096F000B002E535FFFFFFFFFFFFFFFFFFFFFFFFAA
:10970000FFFFFFFFFFFFFFFFFFFFFFFFFFFFFFFF69
:10971000FFFFFFFFFFFFFFFFFFFFFFFFFFFFFFFF59
:10972000FFFFFFFFFFFFFFFFFFFFFFFFFFFFFFFF49
:10973000FFFFFFFFFFFFFFFFFFFFFFFFFFFFFFFF39
:10974000FFFFFFFFFFFFFFFFFFFFFFFFFFFFFFFF29
:10975000FFFFFFFFFFFFFFFFFFFFFFFFFFFFFFFF19
:10976000FFFFFFFFFFFFFFFFFFFFFFFFFFFFFFFF09
:10977000FFFFFFFFFFFFFFFFFFFFFFFFFFFFFFFFF9
:10978000FFFFFFFFFFFFFFFFFFFFFFFFFFFFFFFFE9
:10979000FFFFFFFFFFFFFFFFFFFFFFFFFFFFFFFFD9
:1097A000FFFFFFFFFFFFFFFFFFFFFFFFFFFFFFFFC9
:1097B000FFFFFFFFFFFFFFFFFFFFFFFFFFFFFFFFB9
:1097C000FFFFFFFFFFFFFFFFFFFFFFFFFFFFFFFFA9
:1097D000FFFFFFFFFFFFFFFFFFFFFFFFFFFFFFFF99
:1097E000FFFFFFFFFFFFFFFFFFFFFFFFFFFFFFFF89
:1097F000FFFFFFFFFFFFFFFFFFFFFFFFFFFFFFFF79
:10980000FFFFFFFFFFFFFFFFFFFFFFFFFFFFFFFF68
:10981000FFFFFFFFFFFFFFFFFFFFFFFFFFFFFFFF58
:10982000FFFFFFFFFFFFFFFFFFFFFFFFFFFFFFFF48
:10983000FFFFFFFFFFFFFFFFFFFFFFFFFFFFFFFF38
:10984000FFFFFFFFFFFFFFFFFFFFFFFFFFFFFFFF28
:10985000FFFFFFFFFFFFFFFFFFFFFFFFFFFFFFFF18
:10986000FFFFFFFFFFFFFFFFFFFFFFFFFFFFD8022C
:10987000E802E802E002F3C9EBCAE40BFF5BFFFF7A
:10988000FFFFFFFFFFFFFFFFFFFFFFFFFFFFFFFFE8
:10989000FFFFFFFFFFFFFFFFFFFFFFFFFFFFFFFFD8
:1098A000FFFFFFFFFFFFFFFFFFFFFFFFFFFFFFFFC8
:1098B000FFFFFFFFFFFFFFFFFFFFEE16DC6DDC2D5C
:1098C000D40CD3CBD38ACB6AD34AB002A822B0023D
:1098D000B002B002BAACFFFFFFFFFFFFFFFFFFFFC8
:1098E000FFFFFFFFFFFFFFFFFFFFFFFFFFFFFFFF88
:1098F000FFFFFFFFFFFFFFFFFFFFFFFFFFFFFFFF78
:10990000FFFFFFFFFFFFFFFFFFFFFFFFFFFFFFFF67
:10991000FFFFFFFFFFFFFFFFFFFFFFFFFFFFFFFF57
:10992000FFFFFFFFFFFFFFFFFFFFFFFFFFFFFFFF47
:10993000FFFFFFFFFFFFFFFFFFFFFFFFFFFFFFFF37
:10994000FFFFFFFFFFFFFFFFFFFFFFFFFFFFFFFF27
:10995000FFFFFFFFFFFFFFFFFFFFFFFFFFFFFFFF17
:10996000FFFFFFFFFFFFFFFFFFFFFFFFFFFFFFFF07
:10997000FFFFFFFFFFFFFFFFFFFFFFFFFFFFFFFFF7
:10998000FFFFFFFFFFFFFFFFFFFFFFFFFFFFFFFFE7
:10999000FFFFFFFFFFFFFFFFFFFFFFFFFFFFFFFFD7
:1099A000FFFFFFFFFFFFFFFFFFFFFFFFFFFFFFFFC7
:1099B000FFFFFFFFFFFFFFFFFFFFFFFFFFFFFFFFB7
:1099C000FFFFFFFFFFFFFFFFFFFFFFFFFFFFFFFFA7
:1099D000FFFFFFFFFFFFFFFFFFFFFFFFFFFFFFFF97
:1099E000FFFFFFFFFFFFFFFFFFFFFFFFFFFFFFFF87
:1099F000FFFFFFFFFFFFFFFFFFFFFFFFFFFFFFFF77
:109A0000FFFFFFFFFFFFFFFFFFFFFFFFFFFFFFFF66
:109A1000FFFFFFFFFFFFFFFFFFFFFFFFFFFFFFFF56
:109A2000FFFFFFFFFFFFFFFFFFFFFFFFFFFFFFFF46
:109A3000FFFFFFFFFFFFFFFFFFFFFFFFFFFFFFFF36
:109A4000FFFFFFFFFFFFFFFFFFFFFFBEE002E0029F
:109A5000E802E002F368F5B3FFFFFFFFFFFFFFFF3F
:109A6000FFFFFFFFFFFFFFFFFFFFFFFFFFFFFFFF06
:109A7000FFFFFFFFFFFFFFFFFFFFFFFFFFFFFFFFF6
:109A8000FFFFFFFFFFFFFFFFFFFFFFFFFFFFFFFFE6
:109A9000FFFFFFFFFFFFFFFFFFFFFFFFFFFFFFFFD6
:109AA000CBCBD3AACB8ACB49CB08CAC8B022B00251
:109AB000A802A802B002B1A8FFFFFFFFFFFFFFFF4F
:109AC000FFFFFFFFFFFFFFFFFFFFFFFFFFFFFFFFA6
:109AD000FFFFFFFFFFFFFFFFFFFFFFFFFFFFFFFF96
:109AE000FFFFFFFFFFFFFFFFFFFFFFFFFFFFFFFF86
:109AF000FFFFFFFFFFFFFFFFFFFFFFFFFFFFFFFF76
:109B0000FFFFFFFFFFFFFFFFFFFFFFFFFFFFFFFF65
:109B1000FFFFFFFFFFFFFFFFFFFFFFFFFFFFFFFF55
:109B2000FFFFFFFFFFFFFFFFFFFFFFFFFFFFFFFF45
:109B3000FFFFFFFFFFFFFFFFFFFFFFFFFFFFFFFF35
:109B4000FFFFFFFFFFFFFFFFFFFFFFFFFFFFFFFF25
:109B5000FFFFFFFFFFFFFFFFFFFFFFFFFFFFFFFF15
:109B6000FFFFFFFFFFFFFFFFFFFFFFFFFFFFFFFF05
:109B7000FFFFFFFFFFFFFFFFFFFFFFFFFFFFFFFFF5
:109B8000FFFFFFFFFFFFFFFFFFFFFFFFFFFFFFFFE5
:109B9000FFFFFFFFFFFFFFFFFFFFFFFFFFFFFFFFD5
:109BA000FFFFFFFFFFFFFFFFFFFFFFFFFFFFFFFFC5
:109BB000FFFFFFFFFFFFFFFFFFFFFFFFFFFFFFFFB5
:109BC000FFFFFFFFFFFFFFFFFFFFFFFFFFFFFFFFA5
:109BD000FFFFFFFFFFFFFFFFFFFFFFFFFFFFFFFF95
:109BE000FFFFFFFFFFFFFFFFFFFFFFFFFFFFFFFF85
:109BF000FFFFFFFFFFFFFFFFFFFFFFFFFFFFFFFF75
:109C0000FFFFFFFFFFFFFFFFFFFFFFFFFFFFFFFF64
:109C1000FFFFFFFFFFFFFFFFFFFFFFFFFFFFFFFF54
:109C2000FFFFFFFFFFFFFFFFFFFFE002E002E00298
:109C3000E802EB6CFFFFFFFFFFFFFFFFFFFFFFFFEF
:109C4000FFFFFFFFFFFFFFFFFFFFFFFFFFFFFFFF24
:109C5000FFFFFFFFFFFFFFFFFFFFFFFFFFFFFFFF14
:109C6000FFFFFFFFFFFFFFFFFFFFFFFFFFFFFFFF04
:109C7000FFFFFFFFFFFFFFFFFFFFFFFFFFFFFFFFF4
:109C8000FFFFFFBEBB08CB49C328CAC7B0E3A80289
:109C9000A802A802A802A802A9A7FFFFFFFFFFFFD2
:109CA000FFFFFFFFFFFFFFFFFFFFFFFFFFFFFFFFC4
:109CB000FFFFFFFFFFFFFFFFFFFFFFFFFFFFFFFFB4
:109CC000FFFFFFFFFFFFFFFFFFFFFFFFFFFFFFFFA4
:109CD000FFFFFFFFFFFFFFFFFFFFFFFFFFFFFFFF94
:109CE000FFFFFFFFFFFFFFFFFFFFFFFFFFFFFFFF84
:109CF000FFFFFFFFFFFFFFFFFFFFFFFFFFFFFFFF74
:109D0000FFFFFFFFFFFFFFFFFFFFFFFFFFFFFFFF63
:109D1000FFFFFFFFFFFFFFFFFFFFFFFFFFFFFFFF53
:109D2000FFFFFFFFFFFFFFFFFFFFFFFFFFFFFFFF43
:109D3000FFFFFFFFFFFFFFFFFFFFFFFFFFFFFFFF33
:109D4000FFFFFFFFFFFFFFFFFFFFFFFFFFFFFFFF23
:109D5000FFFFFFFFFFFFFFFFFFFFFFFFFFFFFFFF13
:109D6000FFFFFFFFFFFFFFFFFFFFFFFFFFFFFFFF03
:109D7000FFFFFFFFFFFFFFFFFFFFFFFFFFFFFFFFF3
:109D8000FFFFFFFFFFFFFFFFFFFFFFFFFFFFFFFFE3
:109D9000FFFFFFFFFFFFFFFFFFFFFFFFFFFFFFFFD3
:109DA000FFFFFFFFFFFFFFFFFFFFFFFFFFFFFFFFC3
:109DB000FFFFFFFFFFFFFFFFFFFFFFFFFFFFFFFFB3
:109DC000FFFFFFFFFFFFFFFFFFFFFFFFFFFFFFFFA3
:109DD000FFFFFFFFFFFFFFFFFFFFFFFFFFFFFFFF93
:109DE000FFFFFFFFFFFFFFFFFFFFFFFFFFFFFFFF83
:109DF000FFFFFFFFFFFFFFFFFFFFFFFFFFFFFFFF73
:109E0000FFFFFFFFFFFFFFDFE002E002E001D96795
:109E1000FFFFFFFFFFFFFFFFFFFFFFFFFFFFFFFF52
:109E2000FFFFFFFFFFFFFFFFFFFFFFFFFFFEFFBE84
:109E3000FFBEFFDDFFFFFFFFFFFFFFFFFFFFFFFF95
:109E4000FFFFFFFFFFFFFFFFFFFFFFFFFFFFFFFF22
:109E5000FFFFFFFFFFFFFFFFFFFFFFFFFFFFFFFF12
:109E6000FFFFFFFFFFFFFF5BC2C7C2A7C286A801BB
:109E7000A802A802A802A802A802A126FFFFFFFFCD
:109E8000FFFFFFFFFFFFFFFFFFFFFFFFFFFFFFFFE2
:109E9000FFFFFFFFFFFFFFFFFFFFFFFFFFFFFFFFD2
:109EA000FFFFFFFFFFFFFFFFFFFFFFFFFFFFFFFFC2
:109EB000FFFFFFFFFFFFFFFFFFFFFFFFFFFFFFFFB2
:109EC000FFFFFFFFFFFFFFFFFFFFFFFFFFFFFFFFA2
:109ED000FFFFFFFFFFFFFFFFFFFFFFFFFFFFFFFF92
:109EE000FFFFFFFFFFFFFFFFFFFFFFFFFFFFFFFF82
:109EF000FFFFFFFFFFFFFFFFFFFFFFFFFFFFFFFF72
:109F0000FFFFFFFFFFFFFFFFFFFFFFFFFFFFFFFF61
:109F1000FFFFFFFFFFFFFFFFFFFFFFFFFFFFFFFF51
:109F2000FFFFFFFFFFFFFFFFFFFFFFFFFFFFFFFF41
:109F3000FFFFFFFFFFFFFFFFFFFFFFFFFFFFFFFF31
:109F4000FFFFFFFFFFFFFFFFFFFFFFFFFFFFFFFF21
:109F5000FFFFFFFFFFFFFFFFFFFFFFFFFFFFFFFF11
:109F6000FFFFFFFFFFFFFFFFFFFFFFFFFFFFFFFF01
:109F7000FFFFFFFFFFFFFFFFFFFFFFFFFFFFFFFFF1
:109F8000FFFFFFFFFFFFFFFFFFFFFFFFFFFFFFFFE1
:109F9000FFFFFFFFFFFFFFFFFFFFFFFFFFFFFFFFD1
:109FA000FFFFFFFFFFFFFFFFFFFFFFFFFFFFFFFFC1
:109FB000FFFFFFFFFFFFFFFFFFFFFFFFFFFFFFFFB1
:109FC000FFFFFFFFFFFFFFFFFFFFFFFFFFFFFFFFA1
:109FD000FFFFFFFFFFFFFFFFFFFFFFFFFFFFFFFF91
:109FE000FFFFFFFFFFFFE002E802E002FF7EFFFF4E
:109FF000FFFFFFFFFFFFFFFFFFFFFFFFFFFFFFBDB3
:10A00000F636E48EE44DEC6DECAEECCEECEFECEF1E
:10A01000ED10ED30ED31ED51ED51ED51E552E572C0
:10A02000EE36FF7DFFFFFFFFFFFFFFFFFFFFFFFF9C
:10A03000FFFFFFFFFFFFFFFFFFFFFFFFFFFFFFFF30
:10A04000FFFFFFFFFFFFFFFFFFDFB287C267C226F0
:10A05000B002A802A802A802A802A002EDD7FFFF42
:10A06000FFFFFFFFFFFFFFFFFFFFFFFFFFFFFFFF00
:10A07000FFFFFFFFFFFFFFFFFFFFFFFFFFFFFFFFF0
:10A08000FFFFFFFFFFFFFFFFFFFFFFFFFFFFFFFFE0
:10A09000FFFFFFFFFFFFFFFFFFFFFFFFFFFFFFFFD0
:10A0A000FFFFFFFFFFFFFFFFFFFFFFFFFFFFFFFFC0
:10A0B000FFFFFFFFFFFFFFFFFFFFFFFFFFFFFFFFB0
:10A0C000FFFFFFFFFFFFFFFFFFFFFFFFFFFFFFFFA0
:10A0D000FFFFFFFFFFFFFFFFFFFFFFFFFFFFFFFF90
:10A0E000FFFFFFFFFFFFFFFFFFFFFFFFFFFFFFFF80
:10A0F000FFFFFFFFFFFFFFFFFFFFFFFFFFFFFFFF70
:10A10000FFFFFFFFFFFFFFFFFFFFFFFFFFFFFFFF5F
:10A11000FFFFFFFFFFFFFFFFFFFFFFFFFFFFFFFF4F
:10A12000FFFFFFFFFFFFFFFFFFFFFFFFFFFFFFFF3F
:10A13000FFFFFFFFFFFFFFFFFFFFFFFFFFFFFFFF2F
:10A14000FFFFFFFFFFFFFFFFFFFFFFFFFFFFFFFF1F
:10A15000FFFFFFFFFFFFFFFFFFFFFFFFFFFFFFFF0F
:10A16000FFFFFFFFFFFFFFFFFFFFFFFFFFFFFFFFFF
:10A17000FFFFFFFFFFFFFFFFFFFFFFFFFFFFFFFFEF
:10A18000FFFFFFFFFFFFFFFFFFFFFFFFFFFFFFFFDF
:10A19000FFFFFFFFFFFFFFFFFFFFFFFFFFFFFFFFCF
:10A1A000FFFFFFFFFFFFFFFFFFFFFFFFFFFFFFFFBF
:10A1B000FFFFFFFFFFFFFFFFFFFFFFFFFFFFFFFFAF
:10A1C000FFFFFFFFE003E001D084FFFFFFFFFFFF81
:10A1D000FFFFFFFFFFFFFFDFF5B3EB69F3A9EBEA3A
:10A1E000EC0BEC2BEC4CEC6DEC8DECAEECCEECCF48
:10A1F000ECEFED10ED10ED30ED30ED31ED31ED31F6
:10A20000ED30ED31ED30E510E5D4FFBEFFFFFFFF8F
:10A21000FFFFFFFFFFFFFFFFFFFFFFFFFFFFFFFF4E
:10A22000FFFFFFFFFFFFFFFFFFFFFFFFEDB5BA4599
:10A23000A802A802A802A802A002A002A001FFDFB3
:10A24000FFFFFFFFFFFFFFFFFFFFFFFFFFFFFFFF1E
:10A25000FFFFFFFFFFFFFFFFFFFFFFFFFFFFFFFF0E
:10A26000FFFFFFFFFFFFFFFFFFFFFFFFFFFFFFFFFE
:10A27000FFFFFFFFFFFFFFFFFFFFFFFFFFFFFFFFEE
:10A28000FFFFFFFFFFFFFFFFFFFFFFFFFFFFFFFFDE
:10A29000FFFFFFFFFFFFFFFFFFFFFFFFFFFFFFFFCE
:10A2A000FFFFFFFFFFFFFFFFFFFFFFFFFFFFFFFFBE
:10A2B000FFFFFFFFFFFFFFFFFFFFFFFFFFFFFFFFAE
:10A2C000FFFFFFFFFFFFFFFFFFFFFFFFFFFFFFFF9E
:10A2D000FFFFFFFFFFFFFFFFFFFFFFFFFFFFFFFF8E
:10A2E000FFFFFFFFFFFFFFFFFFFFFFFFFFFFFFFF7E
:10A2F000FFFFFFFFFFFFFFFFFFFFFFFFFFFFFFFF6E
:10A30000FFFFFFFFFFFFFFFFFFFFFFFFFFFFFFFF5D
:10A31000FFFFFFFFFFFFFFFFFFFFFFFFFFFFFFFF4D
:10A32000FFFFFFFFFFFFFFFFFFFFFFFFFFFFFFFF3D
:10A33000FFFFFFFFFFFFFFFFFFFFFFFFFFFFFFFF2D
:10A34000FFFFFFFFFFFFFFFFFFFFFFFFFFFFFFFF1D
:10A35000FFFFFFFFFFFFFFFFFFFFFFFFFFFFFFFF0D
:10A36000FFFFFFFFFFFFFFFFFFFFFFFFFFFFFFFFFD
:10A37000FFFFFFFFFFFFFFFFFFFFFFFFFFFFFFFFED
:10A38000FFFFFFFFFFFFFFFFFFFFFFFFFFFFFFFFDD
:10A39000FFFFFFFFFFFFFFFFFFFFFFFFFFFFFFFFCD
:10A3A000FFFFD9A8E002FE79FFFFFFFFFFFFFFFFDD
:10A3B000FF9DE349EAA6EB07EB48EB68EB89EBCAA4
:10A3C000EBCAEBEBEC0BEC4CEC4CEC6DEC8DECAE2F
:10A3D000ECAEECCFECCFECEFECEFECEFECF0ECF024
:10A3E000ECF0E4EFE4F0E4CFE4CFE4AFE48EDCCFD4
:10A3F000FF9DFFFFFFFFFFFFFFFFFFFFFFFFFFFFCF
:10A40000FFFFFFFFFFFFFFFFFFFFFFFFFFFFFFFF5C
:10A41000B985A801A802A002A002A002A002A00281
:10A42000FFFFFFFFFFFFFFFFFFFFFFFFFFFFFFFF3C
:10A43000FFFFFFFFFFFFFFFFFFFFFFFFFFFFFFFF2C
:10A44000FFFFFFFFFFFFFFFFFFFFFFFFFFFFFFFF1C
:10A45000FFFFFFFFFFFFFFFFFFFFFFFFFFFFFFFF0C
:10A46000FFFFFFFFFFFFFFFFFFFFFFFFFFFFFFFFFC
:10A47000FFFFFFFFFFFFFFFFFFFFFFFFFFFFFFFFEC
:10A48000FFFFFFFFFFFFFFFFFFFFFFFFFFFFFFFFDC
:10A49000FFFFFFFFFFFFFFFFFFFFFFFFFFFFFFFFCC
:10A4A000FFFFFFFFFFFFFFFFFFFFFFFFFFFFFFFFBC
:10A4B000FFFFFFFFFFFFFFFFFFFFFFFFFFFFFFFFAC
:10A4C000FFFFFFFFFFFFFFFFFFFFFFFFFFFFFFFF9C
:10A4D000FFFFFFFFFFFFFFFFFFFFFFFFFFFFFFFF8C
:10A4E000FFFFFFFFFFFFFFFFFFFFFFFFFFFFFFFF7C
:10A4F000FFFFFFFFFFFFFFFFFFFFFFFFFFFFFFFF6C
:10A50000FFFFFFFFFFFFFFFFFFFFFFFFFFFFFFFF5B
:10A51000FFFFFFFFFFFFFFFFFFFFFFFFFFFFFFFF4B
:10A52000FFFFFFFFFFFFFFFFFFFFFFFFFFFFFFFF3B
:10A53000FFFFFFFFFFFFFFFFFFFFFFFFFFFFFFFF2B
:10A54000FFFFFFFFFFFFFFFFFFFFFFFFFFFFFFFF1B
:10A55000FFFFFFFFFFFFFFFFFFFFFFFFFFFFFFFF0B
:10A56000FFFFFFFFFFFFFFFFFFFFFFFFFFFFFFFFFB
:10A57000FFFFFFFFFFFFFFFFFFFFFFFFFFFFFFFFEB
:10A58000FD96E002FFDFFFFFFFFFFFFFFDB6DA24CD
:10A59000EA45EA86EAC6EAE7EB27EB48EB69EB898E
:10A5A000EBAAEBCAEBEBEC0BEC2CEC4CEC6DEC8D72
:10A5B000E48EECAEECAEECAEECAFE4CFE4CFE4CFA7
:10A5C000E4CFE4AFE4AFE4AEE48EE46EDC6DE44DE2
:10A5D000DC4DD40CFF1BFFFFFFFFFFFFFFFFFFFF62
:10A5E000FFFFFFFFFFFFFFFFFFFFFFFFFFFFFFFF7B
:10A5F000FFFFA001A802A002A002A002A001A002E9
:10A60000A0A4FFFFFFFFFFFFFFFFFFFFFFFFFFFF14
:10A61000FFFFFFFFFFFFFFFFFFFFFFFFFFFFFFFF4A
:10A62000FFFFFFFFFFFFFFFFFFFFFFFFFFFFFFFF3A
:10A63000FFFFFFFFFFFFFFFFFFFFFFFFFFFFFFFF2A
:10A64000FFFFFFFFFFFFFFFFFFFFFFFFFFFFFFFF1A
:10A65000FFFFFFFFFFFFFFFFFFFFFFFFFFFFFFFF0A
:10A66000FFFFFFFFFFFFFFFFFFFFFFFFFFFFFFFFFA
:10A67000FFFFFFFFFFFFFFFF65DC55FD55FD55FDAB
:10A6800055FD55FD763DFFFFFFFFFFFFFFFFFFFF7D
:10A69000FFFFFFFFFFFFFFFFFFFFFFFFFFFFFFFFCA
:10A6A000FFFFFFFFFFFFFFFFFFFFFFFFFFFFFFFFBA
:10A6B000FFFFFFFFFFFFFFFFFFFFFFFFFFFFFFFFAA
:10A6C000FFFFFFFFFFFFFFFFFFFFFFFFFFFFFFFF9A
:10A6D000FFFFFFFFFFFFFFFFFFFFFFFFFFFFFFFF8A
:10A6E000FFFFFFFFFFFFFFFFFFFFFFFFFFFFFFFF7A
:10A6F000FFFFFFFFFFFFFFFFFFFFFFFFFFFFFFFF6A
:10A70000FFFFFFFFFFFFFFFFFFFFFFFFFFFFFFFF59
:10A71000FFFFFFFFFFFFFFFFFFFFFFFFFFFFFFFF49
:10A72000FFFFFFFFFFFFFFFFFFFFFFFFFFFFFFFF39
:10A73000FFFFFFFFFFFFFFFFFFFFFFFFFFFFFFFF29
:10A74000FFFFFFFFFFFFFFFFFFFFFFFFFFFFFFFF19
:10A75000FFFFFFFFFFFFFFFFFFFFFFFFFFFFFFDF29
:10A76000D823FFFFFFFFFFFFEB6EE002E144E9E4C7
:10A77000EA24EA65EA86EAC6EAE7E327E348EB4823
:10A78000EB69EBA9EBAAE3A9DB69DBAADBCBDBEB8B
:10A79000DBCBDC0BE44CEC8DEC6EE48EE48DE48ED4
:10A7A000E46EE46DE46EDC6DDC4DDC4DDC2DDC0C28
:10A7B000DC0CDBEBD3CBD3AADCF1FFFFFFFFFFFF09
:10A7C000FFFFFFFFFFFFFFFFFFFFFFFFFFFFFFFF99
:10A7D000FFFFFFFF9842A002A002A002A002A00279
:10A7E0009802FF5DFFFFFFFFFFFFFFFFFFFFFFFF7F
:10A7F000FFFFFFFFFFFFFFFFFFFFFFFFFFFF051D45
:10A80000051D051D051D051D051D051D051D051D38
:10A81000051D051D051D051D051D051D051D051D28
:10A82000051D051D051D051D051D051D051D051D18
:10A83000051D051D051D051D051D051D04FD051C2A
:10A84000FFFFFFFFFFFFFFFFFFFFFFFFFFFFFFFF18
:10A85000FFFFFFFFFFFFFFFF1D1C051D051D051D61
:10A86000051D04FD359CFFFFFFFFFFFFFFFFFFFFFE
:10A87000FFFFFFFFFFFFFFFFFFFFFFFFFFFFFFFFE8
:10A88000FFFFFFFFFFFFFFFFFFFFFFFFFFFFFFFFD8
:10A89000FFFFFFFFFFFFEFFF04FC04FC04FC04FCD0
:10A8A00004FC04FC04FC04FC04FC04FC04FC04FCA8
:10A8B00004FC04FC04FC04FC04FC04FC04FC04FC98
:10A8C00004FC04FC04FC04FC04FC04FC04FC04FC88
:10A8D00004FC04FC04FC04FC04FCFFFFFFFFFFFF7E
:10A8E000FFFFFFFFD7DF051D04FD051D051D051D2D
:10A8F000051D051D051D051D051D051D051D051D48
:10A90000051D051D051D051D051D051D051D051D37
:10A91000051D051D051D051D051D051D051D051D27
:10A92000051D04FC051CEFDFFFFFFFFFFFFFFFFF1E
:10A93000FFFFFFFFFFFFFFFFFFFFFFFFFFFFC8A4B9
:10A94000FFFFFFFFFD96E802E802E002E164E9C4D0
:10A95000E204EA25EA65EA85EAA6DAC6F46EFEB8FC
:10A96000FFDFFFFFFFFFFFFFFFFFFFFFFFFFFFFF17
:10A97000FFFFFFFFFFFFFFFFFFFFFFBEF657E48E65
:10A98000DC2CDC4DDC4DDC4CDC2CDC0CDBECD3EBD0
:10A99000D3CBD3ABD38AD36AD349C2E7FF9DFFFFA2
:10A9A000FFFFFFFFFFFFFFFFFFFFFFFFFFFFFFFFB7
:10A9B000FFFFFFFFFFFFA002A001A001A00298017E
:10A9C00098019802FFFFFFFFFFFFFFFFFFFFFFFF60
:10A9D000FFFFFFFFFFFFFFFFFFFFFFFFFFFF051D63
:10A9E000051D051D051D051D051D051D051D051D57
:10A9F000051D051D051D051D051D051D051D051D47
:10AA0000051D051D051D051D051D051D051D051D36
:10AA1000051D051D051D051D051D051D051C151C18
:10AA2000FFFFFFFFFFFFFFFFFFFFFFFFFFFFFFFF36
:10AA3000FFFFFFFFFFFFFFFF1D1C051D051D051D7F
:10AA4000051D04FC053D151C151C151C151C151CAD
:10AA5000151C151C151C151C151C151C151C151C6E
:10AA6000151C151C151C151C151C151C153CFFFF71
:10AA7000FFFFFFFFFFFFEFFF051D051D051D051D66
:10AA8000051D051D051D051D051D051D051D051DB6
:10AA9000051D051D051D051D051D051D051D051DA6
:10AAA000051D051D051D051D051D051D051D051D96
:10AAB000051D051D051D051D1D5CFFFFFFFFFFFF9B
:10AAC000FFFFFFFFD7BF04FD04FD051D051D051D8C
:10AAD000051D051D051D051D051D051D051D051D66
:10AAE000051D051D051D051D051D051D051D051D56
:10AAF000051D051D051D051D051D051D051D051D46
:10AB0000051D04FD04FCEFDFFFFFFFFFFFFFFFFF5C
:10AB1000FFFFFFFFFFFFFFFFFFFFFFFFFFFFFFFF45
:10AB2000FFFFD947E802E802E802E002E103E96337
:10AB3000E1E4E1C3DB29FF9DFFFFFFFFFFFFFFFF14
:10AB4000FFFFFFFFFFFFFFFFFFFFFFFFFFFFFFFF15
:10AB5000FFFFFFFFFFFFFFFFFFFFFFFFFFFFFFFF05
:10AB6000FFFFFFDFF6FAD44DDBCBD3EBDBCBDBAA69
:10AB7000D3AAD38AD369D349D328CB08CAE8BAC8A1
:10AB8000FFFFFFFFFFFFFFFFFFFFFFFFFFFFFFFFD5
:10AB9000FFFFFFFFFFFFFFFFA021A002A00298011F
:10ABA000A0019801DCB3FFFFFFFFFFFFFFFFFFFFE6
:10ABB000FFFFFFFFFFFFFFFFFFFFFFFFFFFF04FDA2
:10ABC00004FD04FD04FD04FD04FD04FD04FD04FD7D
:10ABD00004FD04FD04FD04FD04FD04FD04FD04FD6D
:10ABE00004FD04FD04FD04FD04FD04FD04FD04FD5D
:10ABF00004FD04FD04FD04FD04FD04FD04FDEFDF80
:10AC0000FFFFFFFFFFFFFFFFFFFFFFFFFFFFFFFF54
:10AC1000FFFFFFFFFFFFFFFF151C04FD04FD04FD08
:10AC200004FD051D051C051D04FD04FD051D04FD99
:10AC300004FD051D04FD04FD051D04FD04FD051DA9
:10AC400004FD04FD051D04FD04FD051C45BDFFFFBD
:10AC5000FFFFFFFFFFFFEFFF04FD04FD04FD04FD08
:10AC600004FD04FD04FD04FD04FD04FD04FD04FDDC
:10AC700004FD04FD04FD04FD04FD04FD04FD04FDCC
:10AC800004FD04FD04FD04FD04FD04FD04FD04FDBC
:10AC900004FD04FD04FD04FDEFFFFFFFFFFFFFFFC8
:10ACA000FFFFFFFFD7BF04FD04FD04FD04FD04FD0D
:10ACB00004FD04FD04FD04FD04FD04FD04FD04FD8C
:10ACC00004FD04FD04FD04FD04FD04FD04FD04FD7C
:10ACD00004FD04FD04FD04FD04FD04FD04FD04FD6C
:10ACE00004FD04FD04FCEFDFFFFFFFFFFFFFFFFF9C
:10ACF000FFFFFFFFFFFFFFFFFFFFFFFFFFFFFFBFA4
:10AD0000E002E002E002E002E002E062E8A3E3CD5C
:10AD1000FFFFFFFFFFFFFFFFFFFFFFFFFFFFFFFF43
:10AD2000FFFFFFFFFFFFFFFFFFFFFFFFFFFFFFFF33
:10AD3000FFFFFFFFFFFFFFFFFFFFFFFFFFFFFFFF23
:10AD4000FFFFFFFFFFFFFFFFFFFFFFDFDCB0D38947
:10AD5000D369D329CB29CB08CAE8CAC8C2C7C287DE
:10AD6000C266FF5CFFFFFFFFFFFFFFFFFFFFFFFF6C
:10AD7000FFFFFFFFFFFFFFFFA0029802980198016D
:10AD8000980198029801FFFFFFFFFFFFFFFFFFFF01
:10AD9000FFFFFFFFFFFFFFFFFFFFFFFFFFFF04FCC1
:10ADA00004FC04FC04FC04FC04FC04FC04FC04FCA3
:10ADB00004FC04FC04FC04FC04DC04FC04FC04FCB3
:10ADC00004FC04FC04FC04FC04FC04FC04FC04FC83
:10ADD00004FC04FC04FC04FC04FC04FC04FCFFFF75
:10ADE000FFFFFFFFFFFFFFFFFFFFFFFFFFFFFFFF73
:10ADF000FFFFFFFFFFFFFFFF14FB04FC04FC04FC4C
:10AE000004FC04FC04FC04FC04FC04FC04FC04FC42
:10AE100004FC04FC04FC04FC04FC04FC04FC04FC32
:10AE200004FC04FC04FC04FC04FC04FCFFFFFFFF26
:10AE3000FFFFFFFFFFFFEFFF04FC04FC04FC04FC2A
:10AE400004FC04FC04FC04FC04FC04FC04DC04FC22
:10AE500004FC04DC04FC04FC04FC04FC04FC04FC12
:10AE600004FC04FC04DC04DC04FC04DC04DC04FC62
:10AE700004DC04DC04DD051DFFFFFFFFFFFFFFFF17
:10AE8000FFFFFFFFD7BF04DD04FC04FC04FC04FC4F
:10AE900004FC04FC04FC04FC04FC04FC04FC04FCB2
:10AEA00004FC04FC04FC04FC04FC04FC04FC04FCA2
:10AEB00004FC04FC04FC04FC04FC04FC04FC04FC92
:10AEC00004FC04FC04FCEFDFFFFFFFFFFFFFFFFFBC
:10AED000FFFFFFFFFFFFFFFFFFFFFFFFFFDFE001BF
:10AEE000E002E002E802E802E002FE79FFFFFFFF75
:10AEF000FFFFFFFFFFFFFFFFFFFFFFFFFFFFFFFF62
:10AF0000FFFFFFFFFFFFFFFFFFFFFFFFFFFFFFFF51
:10AF1000FFFFFFFFFFFFFFFFFFFFFFFFFFFFFFFF41
:10AF2000FFFFFFFFFFFFFFFFFFFFFFFFFFFFFFFF31
:10AF3000EDF5CAE7CB08CAE8CAC7C2A7CA67C246C6
:10AF4000C225C226D46FFFFFFFFFFFFFFFFFFFFFF9
:10AF5000FFFFFFFFFFFFA001A002980298019801E8
:10AF6000980198029802B2ECFFFFFFFFFFFFFFFF7E
:10AF7000FFFFFFFFFFFFFFFFFFFFFFFFFFFF96DF6A
:10AF800096DF96DF96DF96DF96DF96DF96DF96DF19
:10AF900096DF96DF96DF96DF665E04FC04DC04DC59
:10AFA00004DC04DC04DC96FF96DF96DF96DF96DF98
:10AFB00096DF96DF96DF96DF96DF96DFCF7FFFFF87
:10AFC000FFFFFFFFFFFFFFFFFFFFFFFFFFFFFFFF91
:10AFD000FFFFFFFFFFFFFFFF14FB04DC04DC04DCCA
:10AFE00004DC04DC04DC04DC04DC04DC04DC04DC61
:10AFF00004DC04DC04DC04DC04DC04DC04DC04DC51
:10B0000004DC04DC04DC04DC04DC24DAFFDFFFFF06
:10B01000FFFFFFFFFFFFEFFF04FC04DC04DC04DCA8
:10B0200004DD14DBFFFFFFFFFFFFFFFFFFFFFFFF5C
:10B03000FFFFFFFFFFFFFFFFFFFFF7FFF7FFF7FF38
:10B04000F7FFF7FFFFFFFFFFFFFFFFFFFFFFFFFF20
:10B05000FFFFFFFFFFFFFFFFFFFFFFFFFFFFFFFF00
:10B06000FFFFFFFFDFDF251B251C253C253C253C82
:10B07000253C253C253C253C253C253C253C253CC8
:10B080001CFB0CDB0CDB0CDB0CDB0CDB0CDB0CDB58
:10B090000CDB0CDB0CDA04DC04DC04DC04DC04DC9C
:10B0A00004DC04DC04FCEFBFFFFFFFFFFFFFFFFF3A
:10B0B000FFFFFFFFFFFFFFFFFFFFFFFFE802E002D0
:10B0C000E802E803D043FF9DFFFFFFFFFFFFFFFF04
:10B0D000FFFFFFFFFFFFFFFFFFFFFFFFFFFFFFFF80
:10B0E000FFFFFFFFFFFFFFFFFFFFFFFFFFFFFFFF70
:10B0F000FFFFFFFFFFFFFFFFFFFFFFFFFFFFFFFF60
:10B10000FFFFFFFFFFFFFFFFFFFFFFFFFFFFFFFF4F
:10B11000FFFFFFFFFF3BBA46CA87C267C246BA2598
:10B12000BA05B9E5B1A4A9C5FFFFFFFFFFFFFFFF07
:10B13000FFFFFFFF9801A002A0029801980198016B
:10B140009801980190029001FFFFFFFFFFFFFFFFB2
:10B15000FFFFFFFFFFFFFFFFFFFFFFFFFFFFFFFFFF
:10B16000FFFFFFFFFFFFFFFFFFFFFFFFFFFFFFFFEF
:10B17000FFFFFFFFFFFFFFFFA71F04DC04DC04DC71
:10B1800004DC04DC04DCFFFFFFFFFFFFFFFFFFFF29
:10B19000FFFFFFFFFFFFFFFFFFFFFFFFFFFFFFFFBF
:10B1A000FFFFFFFFFFFFFFFFFFFFFFFFFFFFFFFFAF
:10B1B000FFFFFFFFFFFFFFFF14FB04DC04DC04DCE8
:10B1C00004DC04DC2D5CBF9FBF9FBF9FBF9FBF9F60
:10B1D000BF9FBF9FBF9FBF9FBF9FBF9FBF9FBF9F7F
:10B1E000BF9FBF9FBF9FBF9FBF9FFFFFFFFFFFFF8F
:10B1F000FFFFFFFFFFFFEFFF04DC04DC04DC04DCE7
:10B2000004DC1CDAFFFFFFFFFFFFFFFFFFFFFFFF74
:10B21000FFFFFFFFFFFFFFFF459C04DC04DC04DCB5
:10B2200004DC04DBB73FFFFFFFFFFFFFFFFFFFFF73
:10B23000FFFFFFFFFFFFFFFFFFFFFFFFFFFFFFFF1E
:10B24000FFFFFFFFFFFFFFFFFFFFFFFFFFFFFFFF0E
:10B25000FFFFFFFFFFFFFFFFFFFFFFFFFFFFFFFFFE
:10B26000FFFFFFFFFFFFFFFFFFFFFFFFFFFFFFFFEE
:10B27000FFFFFFFFD7BF04DC04DC04DC04DC04DCDC
:10B2800004DC04DCAF3FFFFFFFFFFFFFFFFFFFFF1A
:10B29000FFFFFFFFFFFFFFFFFFFFD042E002E802DA
:10B2A000E002FE18FFFFFFFFFFFFFFFFFFFFFFFFB2
:10B2B000FFFFFFFFFFFFFFFFFFFFFFFFFFFFF7FFA6
:10B2C000FFFFF7DFF7DFFFFFFFFFFFFFFFFFFFFFDE
:10B2D000FFFFFFFFFFFFFFFFFFFFFFFFFFFFFFFF7E
:10B2E000FFFFFFFFFFFFFFFFFFFFFFFFFFFFFFFF6E
:10B2F000FFFFFFFFFFFFFFFFF656C246BA26BA0563
:10B30000B9C5B9A4B184B1449881FFFFFFFFFFFF25
:10B31000FFFF9801A002A0029801980198019801EE
:10B320009801980190019002FE59FFFFFFFFFFFF77
:10B33000FFFFFFFFFFFFFFFFFFFFFFFFFFFFFFFF1D
:10B34000FFFFFFFFFFFFFFFFFFFFFFFFFFFFFFFF0D
:10B35000FFFFFFFFFFFFFFFFA71F04BC04DC04DCAF
:10B3600004DC04DC04DCFFFFFFFFFFFFFFFFFFFF47
:10B37000FFFFFFFFFFFFFFFFFFFFFFFFFFFFFFFFDD
:10B38000FFFFFFFFFFFFFFFFFFFFFFFFFFFFFFFFCD
:10B39000FFFFFFFFFFFFFFFF14FB04DC04DC04DC06
:10B3A00004DC04BC355CFFFFFFFFFFFFFFFFFFFF76
:10B3B000FFFFFFFFFFFFFFFFFFFFFFFFFFFFFFFF9D
:10B3C000FFFFFFFFFFFFFFFFFFFFFFFFFFFFFFFF8D
:10B3D000FFFFFFFFFFFFEFFF04DC04DC04DC04DC05
:10B3E00004DC1CBAEFFF765E765E765E765E765E95
:10B3F000765E765E765E763E04DC04DC04DC04DC9D
:10B4000004DC04BC7E5E765E765E765E765E765E9C
:10B41000765E765E765E765EB73EFFFFFFFFFFFFED
:10B42000FFFFFFFFFFFFFFFFFFFFFFFFFFFFFFFF2C
:10B43000FFFFFFFFFFFFFFFFFFFFFFFFFFFFFFFF1C
:10B44000FFFFFFFFFFFFFFFFFFFFFFFFFFFFFFFF0C
:10B45000FFFFF7FF04DC04DC04BB04DC04DC04DCD9
:10B4600004DC65FCFFFFFFFFFFFFFFFFFFFFFFFFA7
:10B47000FFFFFFFFFFFFFFFFF4B4E802E802E26B0B
:10B48000FFFFFFFFFFFFFFFFFFFFFFFFFFFFFFFFCC
:10B49000F7FFCF7F763C451B4D5C557C557C5D7B33
:10B4A0005D5B655B655B6D5B6D5B6D7B6D5C6D1A9C
:10B4B0007D39BE9DF7BFFFFFFFFFFFFFFFFFFFFFCF
:10B4C000FFFFFFFFFFFFFFFFFFFFFFFFFFFFFFFF8C
:10B4D000FFFFFFFFFFFFFFFFFFFFFFFEB1C4C1C57E
:10B4E000B9A4B184B143B103A8C39904FFFFFFDF3E
:10B4F0009002A002A0029801980198019801980278
:10B5000098019001900190018822FFFFFFFFFFFF4B
:10B51000FFFFFFFFFFFFFFFFFFFFFFFFFFFFFFFF3B
:10B52000FFFFFFFFFFFFFFFFFFFFFFFFFFFFFFFF2B
:10B53000FFFFFFFFFFFFFFFFA71F04BC04BC04BC0D
:10B5400004BC04BC04BCFFFFFFFFFFFFFFFFFFFFC5
:10B55000FFFFFFFFFFFFFFFFFFFFFFFFFFFFFFFFFB
:10B56000FFFFFFFFFFFFFFFFFFFFFFFFFFFFFFFFEB
:10B57000FFFFFFFFFFFFFFFF14DB04BC04BC04BCA4
:10B5800004BC04DB353BFFFFFFFFFFFFFFFFFFFFB6
:10B59000FFFFFFFFFFFFFFFFFFFFFFFFFFFFFFFFBB
:10B5A000FFFFFFFFFFFFFFFFFFFFFFFFFFFFFFFFAB
:10B5B000FFFFFFFFFFFFEFFF04BC04BC04BC04BCA3
:10B5C00004BC1CBADFBF04BB04BC04BC04BC04BC88
:10B5D00004BC04BC04BC04BC04BC04BC04BC04BC6B
:10B5E00004BC04BC04BC04BC04BC04BC04BC04BC5B
:10B5F00004BC04BC04BC04BC865DFFFFFFFFFFFF6E
:10B60000FFFFFFFFFFFFFFFFFFFFFFFFFFFFFFFF4A
:10B61000FFFFFFFFFFFFFFFFFFFFFFFFFFFFFFFF3A
:10B62000FFFFFFFFFFFFFFFFFFFFFFFFFFFFFFFF2A
:10B63000FFFF04BB04BC04BC04BC04BC04BC04BCCD
:10B640000CBBFFFFFFFFFFFFFFFFFFFFFFFFFFFF41
:10B65000FFFFFFFFFFFFFFFFE802E002FFDFFFFF4A
:10B66000FFFFFFFFFFFFFFFFFFFF967D353B2D3CF8
:10B670002D3B2D5B355C3D5C453C455B4D5B553B57
:10B68000553B5D3B5D3B653B653B653B6D3B6D3ACB
:10B690006D1A6D1A6D1A6D1A6CFA7D1AE79FFFFF0D
:10B6A000FFFFFFFFFFFFFFFFFFFFFFFFFFFFFFFFAA
:10B6B000FFFFFFFFFFFFFFFFFFFFFFFFFFFFFEDAC0
:10B6C000B144B143B103A8C3A882A8429821A0E520
:10B6D000A001A002A0029801980198019801980188
:10B6E00098019001900190019021FFDFFFFFFFFF83
:10B6F000FFFFFFFFFFFFFFFFFFFFFFFFFFFFFFFF5A
:10B70000FFFFFFFFFFFFFFFFFFFFFFFFFFFFFFFF49
:10B71000FFFFFFFFFFFFFFFFAF1F04BB04BB04BB26
:10B7200004BB04BB04BBFFFFFFFFFFFFFFFFFFFFE6
:10B73000FFFFFFFFFFFFFFFFFFFFFFFFFFFFFFFF19
:10B74000FFFFFFFFFFFFFFFFFFFFF7FFEFFFEFFF31
:10B75000EFFFEFFFEFFFEFFF1CBA04BB04BB04BB1E
:10B7600004BB04BB353BEFFFEFFFEFFFEFFFEFFF45
:10B77000EFFFEFFFEFFFEFFFEFFFEFFFEFFFEFFF59
:10B78000EFFFEFFFEFFFEFFFEFFFEFFFFFFFFFFF29
:10B79000FFFFFFFFFFFFEFFF04BB04BB04BB04BBC5
:10B7A00004BB1C99DFBF04BB04BB04BB04BB04BBCC
:10B7B00004BB04BB04BB04BB04BB04BB04BB04BB91
:10B7C00004BB04BB04BB04BB04BB04BB04BB04BB81
:10B7D00004BB04BB04BB04BB865DFFFFFFFFFFFF90
:10B7E000FFFFFFFFFFFFFFFFFFFFFFFFFFFFFFFF69
:10B7F000FFFFFFFFFFFFFFFFFFFFFFFFFFFFFFFF59
:10B80000FFFFFFFFFFFFFFFFFFFFFFFFFFFFFFFF48
:10B8100004BB04BB04BB04BB04BB04BB04BB047A71
:10B82000FFFFFFFFFFFFFFFFFFFFFFFFFFFFFFFF28
:10B83000FFFFFFFFFFFFFFFFE1A8FFFFFFFFFFFF8D
:10B84000FFFFFFFFC77F355B2D3C2D3C2D3C2D3C82
:10B850002D3C253C2D1B353B3D1B3D1B451B451BF6
:10B860004D1B551B551B5D1A5CFA64FA64FA64FAA9
:10B8700064FA64DA64DA64DA64DA6CD964B96C990B
:10B8800074D9FFFFFFFFFFFFFFFFFFFFFFFFFFFF79
:10B89000FFFFFFFFFFFFFFFFFFFFFFFFFFFFFFFFB8
:10B8A000FF7DB0E3A8C3A882A842A002A002A00224
:10B8B000A002A002A00298019801980198019801A5
:10B8C0009001900190019001880199E8FFFFFFFF2E
:10B8D000FFFFFFFFFFFFFFFFFFFFFFFFFFFFFFFF78
:10B8E000FFFF6DFC6E3D761D761D761D6E3DBF5FC4
:10B8F000FFFFFFFFFFFFFFFFAEFF049B049B049BC6
:10B90000049B049B049BFFFFFFFFFFFFFFFFFFFF64
:10B91000FFFFFFFFFFFFFFFFFFFFFFFFFFFFFFFF37
:10B92000FFFFFFFFFFFFFFFFDFBF049B049B049BA4
:10B93000049B049B049B049B049B049B049B049B0F
:10B94000049B049B049B049B049B049B049B049BFF
:10B95000049B049B049B049B049B049B049B049BEF
:10B96000049B049B049B049B049B049BF7FFFFFF29
:10B97000FFFFFFFFFFFFEFFF049B049B049B049B63
:10B98000049B1C99DFBF049A049B049B049B049BAB
:10B99000049B049B049B049B049B049B049B049BAF
:10B9A000049B049B049B049B049B049C049B049B9E
:10B9B000049B049B049B049B863DFFFFFFFFFFFF4E
:10B9C000FFFFFFFFFFFFFFFFFFFFFFFFFFFFFFFF87
:10B9D000FFFFFFFFFFFFFFFFFFFFFFFFFFFFFFFF77
:10B9E000FFFFFFFFFFFFFFFFFFFFFFFFFFFF24D968
:10B9F000049B049B049B049B049B049B04BBFFFFD0
:10BA0000FFFFFFFFFFFFFFFFFFFFFFFFFFFFFFFF46
:10BA1000FFFFFFFFFFFFFFFFFFFFFFFFFFFFFFFF36
:10BA20004D9B2D5C255B2D3C2D3C2D3C2D3C2D3C18
:10BA3000253B251B251B24FB2CFB34FB34FB3CFB4B
:10BA40003CFA44DA44FA4CDA54DA54DA54DA5CBA9E
:10BA50005CB95CB95C995C995C995C995C795C793E
:10BA60005C585C3854389DDCFFFFFFFFFFFFFFFF91
:10BA7000FFFFFFFFFFFFFFFFFFFFFFFFFFFFFFFFD6
:10BA8000FFFFFFFFA842A822A002A002A002A0027E
:10BA9000A002A002980198019801980198019801CC
:10BAA000900190019001900190018801FFFFFFFF3C
:10BAB000FFFFFFFFFFFFFFFFFFFFFFFFFFFFFFFF96
:10BAC000FFFF0C9A049A047B047B047B047B8E9E0C
:10BAD000FFFFFFFFFFFFFFFFAEFF049A049B049BE5
:10BAE000049B049B049BFFFFFFFFFFFFFFFFFFFF83
:10BAF000FFFFFFFFFFFFFFFFFFFFFFFFFFFFFFFF56
:10BB0000FFFFFFFFFFFFFFFFDFBF049B049B049BC2
:10BB1000049B049B049B049B049B049B049B049B2D
:10BB2000049B049B049B049B049B049B049B049B1D
:10BB3000049B049B049B049B049B049B049B049B0D
:10BB4000049B049B049B049B049B047AF7FFFFFF68
:10BB5000FFFFFFFFFFFFEFFF047B049B049B049BA1
:10BB6000049B1C79DFBF049A049B049B049B049BE9
:10BB7000353BDFBFDFDFDFDFDFDFDFDFDFDFDFDF43
:10BB8000DFDFDFDFDFDFDFDFDFDFE7BF6E1E047A4F
:10BB9000049B049B049B049B863DFFFFFFFFFFFF6C
:10BBA000FFFFFFFFFFFFFFFFFFFFFFFFFFFFFFFFA5
:10BBB000FFFFFFFFFFFFFFFFFFFFFFFFFFFFFFFF95
:10BBC000FFFFFFFFFFFFFFFFFFFFFFFF34FA049BB4
:10BBD000049B049B049B049B049A049BFFFFFFFFB0
:10BBE000FFFFFFFFFFFFFFFFFFFFFFFFFFFFFFFF65
:10BBF000FFFFFFFFFFFFFFFFFFFFFFFF55BB253BE1
:10BC00002D3C2D3C2D3C2D3C2D3C255C2D3C253BDD
:10BC1000251B24FB24FB24FB24DA24DA2CDA34DA77
:10BC200034BA3CBA44BA44BA44B94C994CB9549960
:10BC300054995499547954795478545854585458C0
:10BC4000543854385437D71EFFFFFFFFFFFFFFFF64
:10BC5000FFFFFFFFFFFFFFFFFFFFFFFFFFFFFFFFF4
:10BC6000FFFFFFFFFFFFA802A001A002A002A002A9
:10BC7000A0029801980198019801980298019001FA
:10BC8000900190019001900188018801FF7DFFFFE4
:10BC9000FFFFFFFFFFFFFFFFFFFFFFFFFFFFFFFFB4
:10BCA000FFFF0C7A047B047B047B047B047A8E9E6A
:10BCB000FFFFFFFFFFFFFFFFAEFF047A047B047B63
:10BCC000047B047B047BFFFFFFFFFFFFFFFFFFFF01
:10BCD000FFFFFFFFFFFFFFFFFFFFFFFFFFFFFFFF74
:10BCE000FFFFFFFFFFFFFFFFDFBF047A047B047B42
:10BCF000047B047B047A047B049B047B047B047B2D
:10BD0000047B047B047B047B047B047B047B047B3B
:10BD1000047B047B047B047B047B047B047B047B2B
:10BD2000047B047B047B047B047B049AFFFFFFFFFE
:10BD3000FFFFFFFFFFFFEFFF049B047B047B047A00
:10BD4000047A1C79DFBF049A047B047B047B047BA8
:10BD5000353BFFFFFFFFFFFFFFFFFFFFFFFFFFFF81
:10BD6000FFFFFFFFFFFFFFFFFFFFFFFF7E5D049B65
:10BD7000047B047B047B047B863DFFFFFFFFFFFF0A
:10BD8000FFFFFFFFFFFFFFFFFFFFFFFFFFFFFFFFC3
:10BD9000FFFFFFFFFFFFFFFFFFFFFFFFFFFFFFFFB3
:10BDA000FFFFFFFFFFFFFFFFFFFF7E3D047B047BE4
:10BDB000047B047B049A047B047BCF9FFFFFFFFF7F
:10BDC000FFFFFFFFFFFFFFFFFFFFFFFFFFFFFFFF83
:10BDD000FFFFFFFFFFFFFFFF6E1C2D3C2D3C255C8E
:10BDE0002D5B2D3C2D3C2D3C2D3C253B251B251B47
:10BDF00024FB24FB24DA24DA24BA24BA249A2C9AC9
:10BE00002C99349934993C794499447944794C7902
:10BE10004C584C584C584C584C384C384C384C18A2
:10BE20004C184BF7F7DFFFFFFFFFFFFFFFFFFFFFA0
:10BE3000FFFFFFFFFFFFFFFFFFFFFFFFFFFFFFFF12
:10BE4000FFFFFFFFFFFFFE18A002A002A001A0025B
:10BE50009801980198029801980198019801900121
:10BE6000900190019001900190018801A209FFFFCB
:10BE7000FFFFFFFFFFFFFFFFFFFFFFFFFFFFFFFFD2
:10BE8000FFFF0C79045A047A047A047A047A8E9EAD
:10BE9000FFFFFFFFFFFFFFFFAEFF047A047A047A83
:10BEA000047A047A047AFFFFFFFFFFFFFFFFFFFF22
:10BEB000FFFFFFFFFFFFFFFFFFFFFFFFFFFFFFFF92
:10BEC000FFFFFFFFFFFFFFFFDFBF047A047A047A62
:10BED000047A047A047A047A047A047A047A047A72
:10BEE000047A047A047A047A047A047A047A047A62
:10BEF000047A047A047A047A047A047A047A045A72
:10BF0000047A047A047A047A047A047AFFFFFFFF41
:10BF1000FFFFFFFFFFFFEFFF047A047A047A047A41
:10BF2000047A1C59DFBF045A047A047A047A047A2A
:10BF30003D1BFFFFFFFFFFFFFFFFFFFFFFFFFFFFB7
:10BF4000FFFFFFFFFFFFFFFFFFFFFFFF765D047AAC
:10BF5000047A047A047A047A863CFFFFFFFFFFFF2D
:10BF6000FFFFFFFFFFFFFFFFFFFFFFFFFFFFFFFFE1
:10BF7000FFFFFFFFFFFFFFFFFFFFFFFFFFFFFFFFD1
:10BF8000FFFFFFFFFFFFFFFFFFFF045A047A047A61
:10BF9000047A047A047A047A8E7EFFFFFFFFFFFFA3
:10BFA000FFFFFFFFFFFFFFFFFFFFFFFFFFFFFFFFA1
:10BFB000FFFFFFFFFFFF2D3B2D5B255C2D3C2D3C44
:10BFC0002D3C2D3C2D3C253C251B251B24FB24FB17
:10BFD00024DB24DA24BA24BA24BA249A24992479B2
:10BFE00024592C592C59345934383C383C583C3855
:10BFF0003C3844384418441843F843F743F743D7D0
:10C0000043D6FFFFFFFFFFFFFFFFFFFFFFFFFFFF25
:10C01000FFFFFFFFFFFFFFFFFFFFFFFFFFFFFFFF30
:10C02000FFFFFFFFED55A002A001A002A002A002A9
:10C030009801980198019802980198019001900147
:10C040009001900190018801880188018801FFFF1B
:10C05000FFFFFFFFFFFFFFFFFFFFFFFFFFFFFFFFF0
:10C06000FFFF0C59045A045A045A045A045A8E7E8B
:10C07000FFFFFFFFFFFFFFFFAEFE045A045A045A02
:10C08000045A045A045A969E969E969E969E969E92
:10C09000969E969E969E969E969E969E969E969E00
:10C0A000BEFEFFFFFFFFFFFFDFBF045A045A045A22
:10C0B000045A045A045AFFFFFFFFFFFFFFFFFFFF70
:10C0C000FFFFFFFFFFFFFFFFFFFFFFFFFFFFFFFF80
:10C0D000FFFFFFFFFFFFFFFFFFFFFFFFFFFFFFFF70
:10C0E000045A045A045A045A045A045AFFFFFFFF20
:10C0F000FFFFFFFFFFFFEFFF045A045A045A045AE0
:10C10000045A1458DFBF045A045A045A045A045AF1
:10C11000045A045A045A045A045A045A045A045A2F
:10C12000045A045A045A04590459045A7E3D045AC4
:10C13000045A045A045A045A861CFFFFFFFFFFFFEB
:10C14000FFFFFFFFFFFFFFFFFFFFFFFFFFFFFFFFFF
:10C15000FFFFFFFFFFFFFFFFFFFFFFFFFFFFFFFFEF
:10C16000FFFFFFFFFFFFFFFFFFFF045A045A045ABF
:10C17000045A045A045A147AFFFFFFFFFFFFFFFF1F
:10C18000FFFFFFFFFFFFFFFFFFFFFFFFFFFFFFFFBF
:10C19000FFFFFFFF457B2D3B2D3C2D3C2D3C2D3CD7
:10C1A0002D3C2D3C253B251B251B251B24FB24DB7F
:10C1B00024DA24BA24BA249A249A24792479245992
:10C1C00024592C392C382C382C382C183418341885
:10C1D000341733F73BF733D73BD733D73BB72B5520
:10C1E000FFFFFFFFFFFFFFFFFFFFFFFFFFFFFFFF5F
:10C1F000FFFFFFFFFFFFFFFFFFFFFFFFFFFFFFFF4F
:10C20000FFFFCB4EA002A002A002A002A002A0024B
:10C210009801980198019802980198019001900165
:10C220009001900190018801880188018801FFFF39
:10C23000FFFFFFFFFFFFFFFFFFFFFFFFFFFFFFFF0E
:10C24000FFFF0C59045A045A045A045A045A8E7EA9
:10C25000FFFFFFFFFFFFFFFFAEDF045A045A045A3F
:10C26000045A045A045A045A045A045A045A045ADE
:10C27000045A045A045A045A045A045A043A043B0D
:10C28000FFFFFFFFFFFFFFFFDFBF045A045A045AFE
:10C29000045A045A045AFFFFFFFFFFFFFFFFFFFF8E
:10C2A000FFFFFFFFFFFFFFFFFFFFFFFFFFFFFFFF9E
:10C2B000FFFFFFFFFFFFFFFFFFFFFFFFFFFFFFFF8E
:10C2C000045A045A045A045A045A0459F7FFFFFF47
:10C2D000FFFFFFFFFFFFEFFF045A045A045A045AFE
:10C2E000045A1458DFBF045A045A045A045A045A10
:10C2F000045A045A045A045A045A045A045A045A4E
:10C30000045A045A045A045A045AB6FE7E1D045AAA
:10C31000045A045A045A045A861CFFFFFFFFFFFF09
:10C32000FFFF045A045A045A045A045A045A045A7D
:10C33000045A045A045A045A045A045A045A045A0D
:10C34000045A045A045A045A045A043A045A045A1D
:10C35000045A045A045A045A045A045A045A045AED
:10C36000045A045A0439FFFFFFFFFFFFFFFFFFFFDE
:10C37000FFFFFFFF2D3B2D5B2D3C2D3C2D3C2D3C2D
:10C380002D3C253B251B251B24FB24FB24DA24DA2A
:10C3900024BA24BA249A2499247924592459245952
:10C3A000243924382418241823F823F823D723D732
:10C3B0002BD72BB72BB72BB72B972B972B76FFFFB2
:10C3C000FFFFFFFFFFFFFFFFFFFFFFFFFFFFFFFF7D
:10C3D000FFFFFFFFFFFFFFFFFFFFFFFFFFFFFFFF6D
:10C3E000A968A002A002A002A002A002A0029801D7
:10C3F000980198019801980198019001900190018D
:10C400009001880190018801880188018801FFFF5F
:10C41000FFFFFFFFFFFFFFFFFFFFFFFFFFFFFFFF2C
:10C42000FFFF0C39043A043A043A043A043A8E7E87
:10C43000FFFFFFFFFFFFFFFFAEDF043A043A043ABD
:10C44000043A043A043A043A043A043A043A043AFC
:10C45000043A043A043A043A043A043A043A249A6C
:10C46000FFFFFFFFFFFFFFFFDFBF043A043A043A7C
:10C47000043A043A0439FFFFFFFFFFFFFFFFFFFF0D
:10C48000FFFFFFFFFFFFFFFFFFFFFFFFFFFFFFFFBC
:10C49000FFFFFFFFFFFFFFFFFFFFFFFFFFFFFFFFAC
:10C4A000043A043A043A043A043A0439F7FFFFFF25
:10C4B000FFFFFFFFFFFFEFFF043A043A043A04399D
:10C4C00004391438DFBF043A043A043A043A043A0F
:10C4D000043A043A043A043A043A043A043A043A6C
:10C4E000043A043A043A041A0439FFFF7E1D043961
:10C4F000043A043A043A043A861CFFFFFFFFFFFFA8
:10C50000FFFF0439043A04390439043A0439043980
:10C51000043A04390439043A04390439043A043930
:10C520000439043A04390439043A043A043A043A1E
:10C53000043A043A043A043A043A043A043A04390C
:10C54000043A043A865DFFFFFFFFFFFFFFFFFFFF96
:10C55000FFFFFFFF2D3C2D3C2D3C2D3C2D3C253B72
:10C56000251B251B24FB24FB24DA24DA24BA24BA55
:10C57000249A249A24792479245924592459243832
:10C580002418241823F823F823F71BD71BB71BB74D
:10C590001B971B971B97237623764C16FFFFFFFFF5
:10C5A000FFFFFFFFFFFFFFFFFFFFFFFFFFFFFFFF9B
:10C5B000FFFFFFFFFFFFFFFFFFFFFFFFFFFF9842AF
:10C5C000A802A002A002A002A002A0029801980165
:10C5D00098019801980198019001900190019001B3
:10C5E0009001900190018801880188018801F6BAC4
:10C5F000FFFFFFFFFFFFFFFFFFFFFFFFFFFFFFFF4B
:10C60000FFFF0C38043904390439043904398E7EAB
:10C61000FFFFFFFFFFFFFFFFAEDE043904390439DF
:10C620000439043904390439043904390439043922
:10C630000439043904390439043904390419FFFF71
:10C64000FFFFFFFFFFFFFFFFDFBF0439043904399D
:10C65000043904390439FFFFFFFFFFFFFFFFFFFF2D
:10C66000FFFFFFFFFFFFFFFFFFFFFFFFFFFFFFFFDA
:10C67000FFFFFFFFFFFFFFFFFFFFFFFFFFFFFFFFCA
:10C68000043904390439043904390439F7FFFFFF48
:10C69000FFFFFFFFFFFFEFFF0439043904390439BE
:10C6A00004391438DFBF0439043904390439043932
:10C6B000041A0439043904390439043904390439B1
:10C6C000043904390439043A6DBCFFFF7E1D043A75
:10C6D00004390439043904397DFCFFFFFFFFFFFFF3
:10C6E000FFFF0439043904390439043904390439A1
:10C6F0000439043904390439043904390439043952
:10C700000439043904390439043904390439043941
:10C710000439043904390439043904390439043931
:10C7200004390439FFFFFFFFFFFFFFFFFFFFFFFF9B
:10C73000FFFFFFFF2D3C2D3C2D3C2D3C253B251BB9
:10C74000251B24FB24FB24DA24DA24BA24BA249AF5
:10C75000249A2479247924592459243924382418F2
:10C76000241823F81BF71BD71BD71BB71BB71B9726
:10C770001B761B761B561B558DBBFFFFFFFFFFFF74
:10C78000FFFFFFFFFFFFFFFFFFFFFFFFFFFFFFFFB9
:10C79000FFFFFFFFFFFFFFFFFFFFFFFFA002A00261
:10C7A000A002A002A002A002A002A002980198018B
:10C7B00098019801980190019001900190019001D9
:10C7C0009001900188018801880188018001C3F0EF
:10C7D000FFFFFFFFFFFFFFFFFFFFFFFFFFFFFFFF69
:10C7E000FFFF0C18041904190419041904198E5DAB
:10C7F000FFFFFFFFFFFFFFFFAEDE0419041904195E
:10C800000419041904190419041904190419041940
:10C810000419041904190419041904190BF8FFFF69
:10C82000FFFFFFFFFFFFFFFFDF9F0419041904193B
:10C83000041904190419FFFFFFFFFFFFFFFFFFFFAB
:10C84000FFFFFFFFFFFFFFFFFFFFFFFFFFFFFFFFF8
:10C85000FFFFFFFFFFFFFFFFFFFFFFFFFFFFFFFFE8
:10C86000041904190419041904190419FFFFFFFF1E
:10C87000FFFFFFFFFFFFEFFF04190419041904195C
:10C8800004191418DFBF0419041904190419041930
:10C890003CF9FFFFFFFFFFFFFFFFFFFFFFFFFFFF71
:10C8A000FFFFFFFFFFFFFFFFFFFFFFFF7E1D0439BC
:10C8B0000419041904190419861CFFFFFFFFFFFF68
:10C8C000FFFF04190419041904190419041904199F
:10C8D0000419041904190419041904190419041970
:10C8E0000419041904190419041904190419041960
:10C8F0000419041904190419041904190419041950
:10C90000041985FCFFFFFFFFFFFFFFFFFFFFFFFF95
:10C91000FFFFFFFF2D3C2D3C253C251B251B24FB49
:10C9200024FB24DA24DA24BA24BA249A249A2499F7
:10C93000247924592459245924382418241823F8F4
:10C9400023F723F71BD71BB71BB71B971B961B7629
:10C950001B761B561355CF3FFFFFFFFFFFFFFFFF67
:10C96000FFFFFFFFFFFFFFFFFFFFFFFFFFFFFFFFD7
:10C97000FFFFFFFFFFFFFFFFFF9EA802A802A80224
:10C98000A002A002A002A002A002980198019801B2
:10C9900098029801980190019001900190019001F6
:10C9A000900188018801880188018801880191E847
:10C9B000FFFFFFFFFFFFFFFFFFFFFFFFFFFFFFFF87
:10C9C000FFFF0C18041904190419041904198E5DC9
:10C9D000FFFFFFFFFFFFFFFFAEDE0419041904197C
:10C9E000041904190419FFFFFFFFFFFFFFFFFFFFFA
:10C9F000FFFFFFFFFFFFFFFFFFFFFFFFFFFFFFFF47
:10CA0000FFFFFFFFFFFFFFFFDF9F04190419041959
:10CA1000041904190419FFFFFFFFFFFFFFFFFFFFC9
:10CA2000FFFFFFFFFFFFFFFFFFFFFFFFFFFFFFFF16
:10CA3000FFFFFFFFFFFFFFFFFFFFFFFFFFFFFFFF06
:10CA4000041904190419041904190418FFFFFFFF3D
:10CA5000FFFFFFFFFFFFEFFF04190419041904197A
:10CA600004191417DFBF0418041904190419041950
:10CA70003CD9FFFFFFFFFFFFFFFFFFFFFFFFFFFFAF
:10CA8000FFFFFFFFFFFFFFFFFFFFFFFF7E1C0419FB
:10CA900004190419041804197DFCFFFFFFFFFFFFB0
:10CAA000FFFF0C181418141814181418141814185C
:10CAB0001418141814181418141814181418141816
:10CAC0001418141814181418141804190419041933
:10CAD0000419041904190419141814181418141832
:10CAE0001418FFFFFFFFFFFFFFFFFFFFFFFFFFFF28
:10CAF000FFFFFFFF2D3C253B251B251B24FB24FBB3
:10CB000024DA24DA24BA24BA249A249A24792459D7
:10CB10002459245924392C382418241823F823F7AD
:10CB20001BD71BD71BB71B971B971B961B761B7618
:10CB30001B561B56EFDFFFFFFFFFFFFFFFFFFFFF4F
:10CB4000FFFFFFFFFFFFFFFFFFFFFFFFFFFFFFFFF5
:10CB5000FFFFFFFFFFFFFEBAA801A002A802A0028C
:10CB6000A002A002A002A002A002980198019801D0
:10CB7000980298019001900190019001900190011C
:10CB80009001880188018801880188018001894518
:10CB9000FFFFFFFFFFFFFFFFFFFFFFFFFFFFFFFFA5
:10CBA000FFFF0C1803F903F903F903F903F98E5D8C
:10CBB000FFFFFFFFFFFFFFFFAEBE03F903F903F91D
:10CBC00003F903F903F9FFFFFFFFFFFFFFFFFFFF7B
:10CBD000FFFFFFFFFFFFFFFFFFFFFFFFFFFFFFFF65
:10CBE000FFFFFFFFFFFFFFFFDF9F03F903F903F9DB
:10CBF00003F903F903F934992C992C792C792C79C0
:10CC00002C792C792C792C792C792C792C792C79FC
:10CC10002C792C792C792C792C792C792C782C98CE
:10CC200003F903F903F903F903D8EFFFFFFFFFFF4F
:10CC3000FFFFFFFFFFFFEFFF03F903F903F903F91C
:10CC400003F91417DFBF03F803F903F903F903F934
:10CC500034DAF7FFF7DFEFFFEFFFEFFFEFFFEFFF54
:10CC6000EFFFEFFFEFFFEFFFEFFFF7FF6DFC0418A3
:10CC700003F903F903F90418FFFFFFFFFFFFFFFFAC
:10CC8000FFFFFFFFFFFFFFFFFFFFFFFFFFFFFFFFB4
:10CC9000FFFFFFFFFFFFFFFFFFFFFFFFFFFFFFFFA4
:10CCA000FFFFFFFFFFFFFFFFFFFF03F803F903F99B
:10CCB00003F903F903F80C19FFFFFFFFFFFFFFFF64
:10CCC000FFFFFFFFFFFFFFFFFFFFFFFFFFFFFFFF74
:10CCD000FFFFFFFF253B251B251B24FB24DB24DA5C
:10CCE00024DA24BA249A249A249924792479245978
:10CCF0002459243824382418241823F81BF71BD768
:10CD00001BB71BB71B971B971B961B761B561B56F7
:10CD10001B36FFFFFFFFFFFFFFFFFFFFFFFFFFFFD0
:10CD2000FFFFFFFFFFFFFFFFFFFFFFFFFFFFFFFF13
:10CD3000FFFFFFFFDC93A822A802A802A002A00226
:10CD4000A002A002A002A0029801980198019802F6
:10CD5000980198019001900190019001900190013B
:10CD6000880188018801880188018801800180C3C9
:10CD7000FFFFFFFFFFFFFFFFFFFFFFFFFFFFFFFFC3
:10CD8000FFFF0BF703F803F803F803F803F88E5DD1
:10CD9000FFFFFFFFFFFFFFFFAEBE03F803F803F83E
:10CDA00003F803F803F8FFFFFFFFFFFFFFFFFFFF9C
:10CDB000FFFFFFFFFFFFFFFFFFFFFFFFFFFFFFFF83
:10CDC000FFFFFFFFFFFFFFFFDF9F03F803F803F8FC
:10CDD00003F803F803F803F803F803F803F803F87B
:10CDE00003F803F803F803F803F803F803F803F86B
:10CDF00003F803F803F803F803F803F803F803F85B
:10CE000003F803F903F903D8FFFFFFFFFFFFFFFF5C
:10CE1000FFFFFFFFFFFFF7FF03F803F803F803F836
:10CE200003F813F7DFBF03F803F803F803F803F878
:10CE300003F803F803F803F803F803F803F803F81A
:10CE400003F803F803F803F803F803F803F803F909
:10CE500003F803F81418FFFFFFFFFFFFFFFFFFFFBA
:10CE6000FFFFFFFFFFFFFFFFFFFFFFFFFFFFFFFFD2
:10CE7000FFFFFFFFFFFFFFFFFFFFFFFFFFFFFFFFC2
:10CE8000FFFFFFFFFFFFFFFFFFFF03F803F803F8BB
:10CE900003F803F803F913F8FFFFFFFFFFFFFFFF9D
:10CEA000FFFFFFFFFFFFFFFFFFFFFFFFFFFFFFFF92
:10CEB000FFFFFFFF251B24FB24FB24DA24DA24BA1E
:10CEC00024BA249A24992479247924592459243879
:10CED0002C382418241823F823F71BD71BD71BB78B
:10CEE0001BB71B971B961B761B761B561B351B34DB
:10CEF000FFFFFFFFFFFFFFFFFFFFFFFFFFFFFFFF42
:10CF0000FFFFFFFFFFFFFFFFFFFFFFFFFFFFFFFF31
:10CF1000FFFFB20AA802A802A802A802A002A0026B
:10CF2000A002A002A002980198019801980198011E
:10CF30009801900190019001900190019001900161
:10CF4000880188018801880188018001800180A30F
:10CF5000FFFFFFFFFFFFFFFFFFFFFFFFFFFFFFFFE1
:10CF6000FFFF0BD703D803D803D803D803D88E3DCF
:10CF7000FFFFFFFFFFFFFFFFAEBE03D803D803D8BC
:10CF800003D803D803D8FFFFFFFFFFFFFFFFFFFF1A
:10CF9000FFFFFFFFFFFFFFFFFFFFFFFFFFFFFFFFA1
:10CFA000FFFFFFFFFFFFFFFFDFBF03D803D803D85A
:10CFB00003D803D803D803D803D803D803D803D899
:10CFC00003D803D803D803D803D803D803D803D889
:10CFD00003D803D803D803D803D803D803D803D879
:10CFE00003D803D94CD9FFFFFFFFFFFFFFFFFFFF6F
:10CFF000FFFFFFFFFFFFF7FF03D803D803D803D8D5
:10D0000003D813D7DF9F03D803D803D803D803D896
:10D0100003D803D803D803D803D803D803D803D838
:10D0200003D803D803D803D803D803D803D803D828
:10D0300003B8D77FFFFFFFFFFFFFFFFFFFFFFFFFEB
:10D04000FFFFFFFFFFFFFFFFFFFFFFFFFFFFFFFFF0
:10D05000FFFFFFFFFFFFFFFFFFFFFFFFFFFFFFFFE0
:10D06000FFFFFFFFFFFFFFFFFFFF03D803D803D839
:10D0700003D803D803D813F8FFFFFFFFFFFFFFFF1C
:10D08000FFFFFFFFFFFFFFFFFFFFFFFFFFFFFFFFB0
:10D09000FFFFFFFF24FB24DB24DA24DA24BA24BABE
:10D0A000249A249924792479245924592C382C3809
:10D0B0002418241823F823F71BD71BD71BB71B975B
:10D0C0001B971B961B761B56135713353374FFFFA4
:10D0D000FFFFFFFFFFFFFFFFFFFFFFFFFFFFFFFF60
:10D0E000FFFFFFFFFFFFFFFFFFFFFFFFFFFFFFFF50
:10D0F000A0C5A802A802A802A802A002A002A0023D
:10D10000A002A002A002980198019801980298013B
:10D110009001900190019001900190018801880197
:10D12000880188018801880180018001800189458A
:10D13000FFFFFFFFFFFFFFFFFFFFFFFFFFFFFFFFFF
:10D14000FFFF0BB703D803B803B803B803B88E5D6D
:10D15000FFFFFFFFFFFFFFFFAEDE03B803B803B81A
:10D1600003B803B803B8FFFFFFFFFFFFFFFFFFFF98
:10D17000FFFFFFFFFFFFFFFFFFFFFFFFFFFFFFFFBF
:10D18000FFFFFFFFFFFFFFFFE79F03B703B803B8F1
:10D1900003B803B803B803B803B803B803B803B8B7
:10D1A00003B803B803B803B803B803B803B803B8A7
:10D1B00003B803B803B803B803B803B803B803B897
:10D1C00003D8B6DEFFFFFFFFFFFFFFFFFFFFFFFFFC
:10D1D000FFFFFFFFFFFFEFFF03D803B803B803B85B
:10D1E00003D813D7DF9F03B803D803D803D803D8D5
:10D1F00003D803D803D803B803D803B803B803B8D7
:10D2000003B803D803B803D803D803B803B803D8C6
:10D21000F7FFFFFFFFFFFFFFFFFFFFFFFFFFFFFF26
:10D22000FFFFFFFFFFFFFFFFFFFFFFFFFFFFFFFF0E
:10D23000FFFFFFFFFFFFFFFFFFFFFFFFFFFFFFFFFE
:10D24000FFFFFFFFFFFFFFFFFFFF03B703B803B8B8
:10D2500003B803B803B80BD7FFFFFFFFFFFFFFFFC3
:10D26000FFFFFFFFFFFFFFFFFFFFFFFFFFFFFFFFCE
:10D27000FFFFFFFF24DB24BA24BA24BA249A249A9D
:10D2800024792479245924592C392C382418241829
:10D2900023F823F81BD71BD71BB71BB71B971B976C
:10D2A0001B761B761B561B5613566CB8FFFFFFFFF1
:10D2B000FFFFFFFFFFFFFFFFFFFFFFFFFFFFFFFF7E
:10D2C000FFFFFFFFFFFFFFFFFFFFFFFFFFFFA802C2
:10D2D000A802A802A802A802A002A002A002A0021E
:10D2E000A002A00298019801980198019801980164
:10D2F00090019001900190019001900188018801B6
:10D30000880188018801880180018001800191E8FD
:10D31000FFFFFFFFFFFFFFFFFFFFFFFFFFFFFFFF1D
:10D32000FFFF0BB703B803B803B803B803B88E3DCB
:10D33000FFFFFFFFFFFFFFFFAEBD03B803B803B859
:10D3400003B803B803B8FFFFFFFFFFFFFFFFFFFFB6
:10D35000FFFFFFFFFFFFFFFFFFFFFFFFFFFFFFFFDD
:10D36000FFFFFFFFFFFFFFFFE77F1C1824172417B5
:10D3700024172417241724172417241724172417D5
:10D3800024172417241724172417241724172417C5
:10D390002417241724172417241724171C3724179D
:10D3A000FFFFFFFFFFFFFFFFFFFFFFFFFFFFFFFF8D
:10D3B000FFFFFFFFFFFFF7FF03B803B803B803B891
:10D3C00003B713D6EFBF6D5A6D5A6D5A6D5A6D5A29
:10D3D0006D5A6D5A6D7A6D5A13F803B803B803B8D5
:10D3E00003B803B7657B6D5A6D5A6D5A7D9BFFFF7D
:10D3F000FFFFFFFFFFFFFFFFFFFFFFFFFFFFFFFF3D
:10D40000FFFFFFFFFFFFFFFFFFFFFFFFFFFFFFFF2C
:10D41000FFFFFFFFFFFFFFFFFFFFFFFFFFFFFFFF1C
:10D42000FFFFFFFFFFFFFFFFFFFF039703B803B8F6
:10D4300003B803B803B813D7FFFFFFFFFFFFFFFFD9
:10D44000FFFFFFFFFFFFFFFFFFFFFFFFFFFFFFFFEC
:10D45000FFFFFFFF24DA24BA24BA249A24992479FE
:10D4600024792459245924382C182418241823F8F2
:10D4700023D71BD71BD71BB71B971B971B761B7676
:10D480001B761B561B561B35A63CFFFFFFFFFFFFFD
:10D49000FFFFFFFFFFFFFFFFFFFFFFFFFFFFFFFF9C
:10D4A000FFFFFFFFFFFFFFFFFFFFFFDFB002B00244
:10D4B000A802A802A802A802A002A002A002A0023C
:10D4C000A002980198019801980298019801900192
:10D4D00090019001900190019001900188018801D4
:10D4E0008801880188018001800180018001A2EC0F
:10D4F000FFFFFFFFFFFFFFFFFFFFFFFFFFFFFFFF3C
:10D50000FFFF0BB6039703970397039703988E3D8E
:10D51000FFFFFFFFFFFFFFFFAEBE039703970397D9
:10D52000039703970397FFFFFFFFFFFFFFFFFFFF37
:10D53000FFFFFFFFFFFFFFFFFFFFFFFFFFFFFFFFFB
:10D54000FFFFFFFFFFFFFFFFFFFFFFFFFFFFFFFFEB
:10D55000FFFFFFFFFFFFFFFFFFFFFFFFFFFFFFFFDB
:10D56000FFFFFFFFFFFFFFFFFFFFFFFFFFFFFFFFCB
:10D57000FFFFFFFFFFFFFFFFFFFFFFFFFFFFFFFFBB
:10D58000FFFFFFFFFFFFFFFFFFFFFFFFFFFFFFFFAB
:10D59000FFFFFFFFFFFFF7FF039703970397039733
:10D5A00003971396FFFFFFFFFFFFFFFFFFFFFFFF44
:10D5B000FFFFFFFFFFFFFFFF13D7039703970397BB
:10D5C00003970397E7DFFFFFFFFFFFFFFFFFFFFF6B
:10D5D000FFFFFFFFFFFFFFFFFFFFFFFFFFFFFFFF5B
:10D5E000FFFFFFFFFFFFFFFFFFFFFFFFFFFFFFFF4B
:10D5F000FFFFFFFFFFFFFFFFFFFFFFFFFFFFFFFF3B
:10D60000FFFFFFFFFFFFFFFFFFFF03970397039756
:10D610000397039703980BB7FFFFFFFFFFFFFFFF81
:10D62000FFFFFFFFFFFFFFFFFFFFFFFFFFFFFFFF0A
:10D63000FFFFFFFF24BA249A249A247924792459DD
:10D64000245924382C382418241823F823F81BD7FD
:10D650001BD71BB71BB71B971B971B761B761B563D
:10D660001B561B561B35E77FFFFFFFFFFFFFFFFF2A
:10D67000FFFFFFFFFFFFFFFFFFFFFFFFFFFFFFFFBA
:10D68000FFFFFFFFFFFFFFFFFF7EA822B002A802FF
:10D69000A802A802A802A002A002A002A002A00262
:10D6A000A0029801980198019802980198019001B0
:10D6B00090019001900190019001880188018801FA
:10D6C0008801880180018001800180018001DD9650
:10D6D000FFFFFFFFFFFFFFFFFFFFFFFFFFFFFFFF5A
:10D6E000FFFF0B96039703970397039703978E3DCE
:10D6F000FFFFFFFFFFFFFFFFAEBE039703970397F8
:10D70000039703970397FFFFFFFFFFFFFFFFFFFF55
:10D71000FFFFFFFFFFFFFFFFFFFFFFFFFFFFFFFF19
:10D72000FFFFFFFFFFFFFFFFFFFFFFFFFFFF03976D
:10D7300003970397039703970397FFFF23D71BD7FD
:10D740001BD71BD71BD723D7FFFFFFFF1BD71BD729
:10D750001BD71BD71BD71BD6FFFFFFFF03750397F4
:10D760000397039703970397FFFFFFFFFFFFFFFF59
:10D77000FFFFFFFFFFFFF7FF039703970397039751
:10D7800003971396FFFFFFFFFFFF0397039703978E
:10D79000039703972C17FFFF13B60397039703977D
:10D7A00003970397E7DF9E9E0397039703970397DB
:10D7B0000396FFFFFFFFFFFFFFFFFFFFFFFFFFFFDE
:10D7C000FFFFFFFFFFFFFFFFFFFFFFFFFFFFFFFF69
:10D7D000FFFFFFFFFFFFFFFFFFFFFFFFFFFFFFFF59
:10D7E000FFFFFFFFFFFFFFFFFFFF03970397039775
:10D7F0000397039703970BB7FFFFFFFFFFFFFFFFA1
:10D80000FFFFFFFFFFFFFFFFFFFFFFFFFFFFFFFF28
:10D81000FFFFFFFF2499247A24792459245924599D
:10D8200024382C382418241823F81BF71BD71BB7CF
:10D830001BB71B971B971B761B761B561B561B355E
:10D840001B361B36FFFFFFFFFFFFFFFFFFFFFFFF42
:10D85000FFFFFFFFFFFFFFFFFFFFFFFFFFFFFFFFD8
:10D86000FFFFFFFFFFFFF5B7B002A802A802A80262
:10D87000A802A802A802A002A002A002A002A00280
:10D8800098019801980198029801980190019001DF
:10D890009001900190019001880188018801880120
:10D8A0008801880180018001800180018001FF9E44
:10D8B000FFFFFFFFFFFFFFFFFFFFFFFFFFFFFFFF78
:10D8C000FFFF0B76037703770377037703778E1DCC
:10D8D000FFFFFFFFFFFFFFFFAE9E03770377037796
:10D8E000037703770377FFFFFFFFFFFFFFFFFFFFD4
:10D8F000FFFFFFFFFFFFFFFFFFFFFFFFFFFFFFFF38
:10D90000FFFFFFFFFFFFFFFFFFFFFFFFE7BF037703
:10D9100003770377037703770356FFFF54D9037721
:10D920000377037703770377FFFFFFFF4C980377B5
:10D930000377037703770377FFFFFFFF9E5D03778E
:10D940000377037703770377DF9FFFFFFFFFFFFF77
:10D95000FFFFFFFFFFFFF7FF0377037703770377EF
:10D9600003771396FFFFFFFFA69E037703770377E6
:10D9700003770377FFFFFFFF1396037703770377A0
:10D9800003770397E7BFFFFF0376037703770377F8
:10D9900003972418FFFFFFFFFFFFFFFFFFFFFFFFBD
:10D9A000FFFFFFFFFFFFFFFFFFFFFFFFFFFFFFFF87
:10D9B000FFFFFFFFFFFFFFFFFFFFFFFFFFFFFFFF77
:10D9C000FFFFFFFFFFFFFFFFFFFF037603770377F4
:10D9D0000377037703770B96FFFFFFFFFFFFFFFF40
:10D9E000FFFFFFFFFFFFFFFFFFFFFFFFFFFFFFFF47
:10D9F000FFFFFFFF2C792479247924592439243816
:10DA00002C38241823F823F81BD71BD71BD71BB798
:10DA10001B971B971B761B761B561B561B351B36FD
:10DA20001B14FFFFFFFFFFFFFFFFFFFFFFFFFFFFD5
:10DA3000FFFFFFFFFFFFFFFFFFFFFFFFFFFFFFFFF6
:10DA4000FFFFFFDFCBAFB022A802B002A802A802FE
:10DA5000A802A802A002A002A002A002A002A002A6
:10DA600098019801980198029801980190019001FD
:10DA7000900190019001900188018801880188013E
:10DA80008801880180018001800180017801FFFF09
:10DA9000FFFFFFFFFFFFFFFFFFFFFFFFFFFFFFFF96
:10DAA000FFFF0B76035703570357037603578E1D6B
:10DAB000FFFFFFFFFFFFFFFFAE9D03570357035715
:10DAC000035703570357FFFFFFFFFFFFFFFFFFFF52
:10DAD000FFFFFFFFFFFFFFFFFFFFFFFFFFFFFFFF56
:10DAE000FFFFFFFFFFFFFFFFFFFFFFFF23B60376F0
:10DAF00003570357035703766D5AFFFFF7FF03776A
:10DB000003760357035703779E5CFFFFEFDF03772E
:10DB100003570357035703579E5DFFFFFFFF03574C
:10DB2000035703570357035733F7FFFFFFFFFFFF69
:10DB3000FFFFFFFFFFFFF7FF03570357035703578D
:10DB400003761376FFFFFFFF035603760357035751
:10DB500003760B96FFFFFFFF1396035703570357F8
:10DB600003570377E7BFFFFF54D903570357035702
:10DB700003570377FFFFFFFFFFFFFFFFFFFFFFFFDD
:10DB8000FFFFFFFFFFFFFFFFFFFFFFFFFFFFFFFFA5
:10DB9000FFFFFFFFFFFFFFFFFFFFFFFFFFFFFFFF95
:10DBA000FFFFFFFFFFFFFFFFFFFF03560357035772
:10DBB0000357035703770B96FFFFFFFFFFFFFFFF9E
:10DBC000FFFFFFFFFFFFFFFFFFFFFFFFFFFFFFFF65
:10DBD000FFFFFFFF4CFA2459245924382C3924180C
:10DBE000241823F823F81BD71BD71BB71B971B97A9
:10DBF0001B961B761B761B561B561B351B352B3471
:10DC0000FFFFFFFFFFFFFFFFFFFFFFFFFFFFFFFF24
:10DC1000FFFFFFFFFFFFFFFFFFFFFFFFFFFFFFFF14
:10DC2000FFFFA822B002B002B002A802A802A80218
:10DC3000A802A802A002A002A002A002A0029802CC
:10DC40009801980198019801980190019001900124
:10DC50009001900190018801880188018801880164
:10DC60008801800180018001800180018001FFFF27
:10DC7000FFFFFFFFFFFFFFFFFFFFFFFFFFFFFFFFB4
:10DC8000FFFF0B5603560356035603560356961CC6
:10DC9000FFFFFFFFFFFFFFFFAE9D03560356035636
:10DCA000035603560356FFFFFFFFFFFFFFFFFFFF73
:10DCB000FFFFFFFFFFFFFFFFFFFFFFFFFFFFFFFF74
:10DCC000FFFFFFFFFFFFFFFFFFFFFFFF03560356AE
:10DCD0000356035603560356FFFFFFFFFFFF03568D
:10DCE00003560356035603570336FFFFFFFF035641
:10DCF00003560356035603560355FFFFFFFF0B560B
:10DD000003560356035603560356FFFFFFFFFFFF5C
:10DD1000FFFFFFFFFFFFF7FF0356035603560356AF
:10DD200003561355FFFFE7BF03350356035603564B
:10DD30000336E79FFFFFFFFF137603560356035694
:10DD400003560356EFBFFFFFFFFF0356035603566C
:10DD5000035603566D59FFFFFFFFFFFFFFFFFFFF55
:10DD6000FFFFFFFFFFFFFFFFFFFFFFFFFFFFFFFFC3
:10DD7000FFFFFFFFFFFFFFFFFFFFFFFFFFFFFFFFB3
:10DD8000FFFFFFFFFFFFFFFFFFFF033603560356B2
:10DD90000356035603561355FFFFFFFFFFFFFFFF18
:10DDA000FFFFFFFFFFFFFFFFFFFFFFFFFFFFFFFF83
:10DDB000FFFFFFFF963C2C3924382418241823F841
:10DDC00023F823F71BD71BB71BB71B971B971B7693
:10DDD0001B761B561B561B35133513354BF5FFFFB2
:10DDE000FFFFFFFFFFFFFFFFFFFFFFFFFFFFFFFF43
:10DDF000FFFFFFFFFFFFFFFFFFFFFFFFFFFFFFDF53
:10DE0000A843B002A802A802A802A802A802A80279
:10DE1000A802A002A002A002A002A00298019801FC
:10DE20009801980198029801980190019001900141
:10DE3000900190018801880188018801880188018A
:10DE4000800180018001800180017800EDB7FFFF33
:10DE5000FFFFFFFFFFFFFFFFFFFFFFFF443703361A
:10DE600003350356033603360336033603360336CB
:10DE700003360335033503360335033603360336DD
:10DE800003360336033603350355033503350335AF
:10DE900003350335033503350335033503350335C2
:10DEA0000336FFFFFFFFFFFFFFFFC71F03360336E9
:10DEB0000336033603360356FFFFFFFFFFFF2BB584
:10DEC00003360336033603560356FFFFFFFF33F6D0
:10DED00003360336033603360356FFFFFFFF95DB99
:10DEE00003360336033603360336EFBFFFFFFFFF6B
:10DEF000FFFFFFFFFFFFF7FF03560336033603362E
:10DF000003361355FFFF0B7603360336033603360D
:10DF10000356FFFFEFDFF7DF1B75033603360356AB
:10DF200003560356F7FFFFFFFFFF23D603360336E2
:10DF3000033603360336FFFFFFFFFFFFFFFFFFFF40
:10DF4000FFFFFFFFFFFFFFFF0336033603360336F5
:10DF500003360336033603360336033603360336F9
:10DF600003360336033603360335033603360336EA
:10DF70000356035733F6FFFFFFFFFFFFFFFFFFFFCF
:10DF8000FFFFFFFFFFFFFFFFFFFFFFFFFFFFFFFFA1
:10DF9000FFFFFFFFE7BF2C382418241823F823F8CD
:10DFA0001BD71BD71BB71B971B971B961B761B7684
:10DFB0001B561B351B351B351B158539FFFFFFFF16
:10DFC000FFFFFFFFFFFFFFFFFFFFFFFFFFFFFFFF61
:10DFD000FFFFFFFFFFFFFFFFFFFFFFFFFFFFA82384
:10DFE000B002B002A802A802A802A802A802A802D1
:10DFF000A002A002A002A002A002A0029801980123
:10E000009801980198019801900190019001900168
:10E0100090019001880188018801880188018801A8
:10E0200080018001800180017001FF5DFFFFFFFF23
:10E03000FFFFFFFFFFFFFFFFFFFFFFFF4C980336CF
:10E040000336033603360336033603360316033628
:10E050000336033603360336033603160336033618
:10E0600003360336033603360336033603360336E8
:10E0700003360336033603360336033603360336D8
:10E080000B15FFFFFFFFFFFFFFFF0B3503360336C6
:10E090000336033603365498FFFFFFFFFFFFCF3FE1
:10E0A00003360336033603360336EFFFFFFFE7BFC1
:10E0B00003160316033603360336B6DEFFFFFFFFF3
:10E0C000033603360336033603363C37FFFFFFFFC4
:10E0D000FFFFFFFFFFFFF7FF03360336033603366C
:10E0E00003361334FFFF0336033603360336033695
:10E0F00085BBFFFF031603360316033603360315ED
:10E100000B14FFFFFFFFFFFFFFFFF7FF0336033690
:10E11000033603360335CF3FFFFFFFFFFFFFFFFF4F
:10E12000FFFFFFFFFFFFFFFF031603360336033633
:10E130000336033603360336033603360336033617
:10E140000336033603360336033503360336033608
:10E150000335DF9FFFFFFFFFFFFFFFFFFFFFFFFF15
:10E16000FFFFFFFFFFFFFFFFFFFFFFFFFFFFFFFFBF
:10E17000FFFFFFFFFFFF241823F823F823F71BD727
:10E180001BB71BB71B971B971B961B761B561B5663
:10E190001B351B351B151B151AF41AF4FFFFFFFF67
:10E1A000FFFFFFFFFFFFFFFFFFFFFFFFFFFFFFFF7F
:10E1B000FFFFFFFFFFFFFFFFFFFFFFBFB022B00227
:10E1C000B002A802A802A802A802A802A802A802F7
:10E1D000A002A002A002A002A002A0019801980142
:10E1E000980198029801900190019001900190018E
:10E1F00090019001880188018801880188018001CF
:10E20000800180007801F6BBFFFFFFFFFFFFFFFFEB
:10E21000FFFFFFFFFFFFFFFFFFFFFFFF5498031506
:10E22000031503150315031503150315031503152E
:10E23000031503150315031503150315031503151E
:10E24000031503150315031503150315031503150E
:10E2500003150315031503150315031503150316FD
:10E26000F7FFFFFFFFFFFFFFFFFF03160315031577
:10E27000031503150315F7FFFFFFFFFFFFFFFFFF68
:10E28000031603150315031503164437FFFFFFFF9D
:10E29000031503160315031503161335FFFFFFFFC0
:10E2A0000B150AF60B15031503150AF5FFFFFFFF03
:10E2B000FFFFFFFFFFFFF7FF0315031603150B1604
:10E2C0002BD6FFFF4C570316031503150316031532
:10E2D000FFFFFFFF0B150315031503160AF544385E
:10E2E000FFFFFFFFFFFFFFFFFFFFFFFF031503150A
:10E2F0000315031503150AF4FFFFFFFFFFFFFFFFE0
:10E30000FFFFFFFFFFFFFFFF0316031503150315B4
:10E31000031503150315031503150315031503153D
:10E3200003150315031503150316031603163BF710
:10E33000FFDEFFFFFFFFFFFFFFFFFFFFFFFFFFFF0E
:10E34000FFFFFFFFFFFFFFFFFFFFFFFFFFFFFFFFDD
:10E35000FFFFFFFFFFFF33F623F71BD71BD71BB7CA
:10E360001BB71B971B961B761B561B561B561B3544
:10E370001B351B151B151AF41AF41AD41AB3FFFF18
:10E38000FFFFFFFFFFFFFFFFFFFFFFFFFFFFFFFF9D
:10E39000FFFFFFFFFFFFFFFFFFFFD3AFB002B002A1
:10E3A000B002A802A802A802A802A802A802A0021D
:10E3B000A002A002A002A002980298019801980170
:10E3C00098019801900190019001900190019001B5
:10E3D00090018801880188018801880180018001FD
:10E3E0008001F659FFFFFFFFFFFFFFFFFFFFFFFF69
:10E3F000FFFFFFFFFFFFFFFFFFFFFFFF54770B153E
:10E400000B150B150B150B150B150B150B150B150C
:10E410000B150B150B150B150B150B150B150B15FC
:10E420000B150B150B150B150B150B150B150B15EC
:10E430000B150B150B150B150B150AF50AF51B34EF
:10E44000FFFFFFFFFFFFFFFF95DB0B160B150B1503
:10E450000B150B150AF5FFFFFFFFFFFFFFFFFFFF87
:10E460000B150B150B150B150B150B15FFFFFFFFF0
:10E470000AF40AF50B150B150B150AF5FFFFFFFF44
:10E480008D9A0B150AF60B150B150B15EFDFFFFF19
:10E49000FFFFFFFFFFFFF7FF0B150AF52355FFFFF7
:10E4A000FFFFFFFF0B150AF50B150B150AF51AF404
:10E4B000FFFFFFFF0AF50B150B150B15BEBEFFFF87
:10E4C000FFFFFFFFFFFFFFFFFFFFFFFF7D7B0B1540
:10E4D0000B150B150B150B15FFFFFFFFFFFFFFFFC4
:10E4E000FFFFFFFFFFFFFFFF0AF50B150B150B15D5
:10E4F0000B150B150B150B150B150B150B150B151C
:10E500000B150B150B150B150AF50B15DF7FFFFF10
:10E51000FFFFFFFFFFFFFFFFFFFFFFFFFFFFFFFF0B
:10E52000FFFFFFFFFFFFFFFFFFFFFFFFFFFFFFFFFB
:10E53000FFFFFFFFFFFFB6BE1BD71BD71BB71B9705
:10E540001B971B761B761B561B561B351B351B3525
:10E550001B151AF512F51AD41AD41AD41AB322B408
:10E56000FFFFFFFFFFFFFFFFFFFFFFFFFFFFFFFFBB
:10E57000FFFFFFFFFFFFFFFFFFFFFFFFFFFFE4B312
:10E58000A802A802A801A802A801A022A802A0022D
:10E59000A002A002A002A00298019801980198018F
:10E5A00098019801900190019001900190019001D3
:10E5B0008801900188018801800188008022F6BAD4
:10E5C000FFFFFFFFFFFFFFFF6BD61150FFFFFFFFB5
:10E5D000FFFFFFFFFFFFFFFFFFFFFFFF5C7712F46E
:10E5E0001AF412F412F41AF412F412F41AF412F4E3
:10E5F00012F41AF412F412F41AF41AF412F41AF4CB
:10E600001AF412F41AF41AF412F41AF41AF412F4B2
:10E610001AF41AF412F41AF41AF41AF41AF3F7DFCB
:10E62000FFFFFFFFFFFFFFFF2B543BD73BD63BD63F
:10E630003BD63BD66CB9FFFFFFFFFFFFFFFFFFFF9D
:10E64000855964D964D964D964D96CB8FFFFFFFFD8
:10E65000AE3C6CB964D964D964D964D9FFFFFFFFBB
:10E66000FFFFCF1ECF1ECF1FCF1FCF1EEF9FFFFF7D
:10E67000FFFFFFFFFFFFF7FF2B54FFFFFFFFFFFF31
:10E68000FFFFEFFF12F512F512F512F512F5E77F15
:10E69000FFFFFFFF0AF512F512F5F7FFFFFFFFFF7F
:10E6A000FFFFFFFFFFFFFFFFFFFFFFFFFFFF0AD599
:10E6B00012F512F512F512F5855AFFFFFFFFFFFF65
:10E6C000FFFFFFFFFFFFFFFF1AF412F412D412F452
:10E6D00012D412F412F412D412F412F412D412F46A
:10E6E00012F412D412F412F41AF4FFFFFFFFFFFF2A
:10E6F000FFFFFFFFFFFFFFFFFFFFFFFFFFFFFFFF2A
:10E70000FFFFFFFFFFFFFFFFFFFFFFFFFFFFFFFF19
:10E71000FFFFFFFFFFFFFFFF1BB71BB71B971B97F9
:10E720001B761B761B561B561B351B351B151B15E5
:10E730001AF51AF523141AD51AB41AB41AB31A947E
:10E740001A748D5AFFFFFFFFFFFFFFFFFFFFFFFF60
:10E75000FFFFFFFFFFFFFFFFFFFFFFFFFFFFFFFFC9
:10E76000FFFFFFFFDC52A083A801A802A002A002C5
:10E77000A002A002A00298029801980198019801B5
:10E7800098019001900190019001900190019001F9
:10E7900088018801880188A3EE38FFFFFFFFFFFF93
:10E7A000FFFFFFFFFFFF114F0970FFFFFFFFFFFF9C
:10E7B000FFFFFFFFFFFFFFFFFFFFFFFFFFFFFFFF69
:10E7C000FFFFFFFFFFFFFFFFFFFFFFFFFFFFFFFF59
:10E7D000FFFFFFFFFFFFFFFFFFFFFFFFFFFFFFFF49
:10E7E000FFFFFFFFFFFFFFFFFFFFFFFFFFFFFFFF39
:10E7F000FFFFFFFFFFFFFFFFFFFFFFFFFFFFFFFF29
:10E80000FFFFFFFFFFFFFFFFFFFFFFFFFFFFFFFF18
:10E81000FFFFFFFFFFFFFFFFFFFFFFFFFFFFFFFF08
:10E82000FFFFFFFFFFFFFFFFFFFFFFFFFFFFFFFFF8
:10E83000FFFFFFFFFFFFFFFFFFFFFFFFFFFFFFFFE8
:10E84000FFFFFFFFFFFFFFFFFFFFFFFFFFFFFFFFD8
:10E85000FFFFFFFFFFFFFFFFFFFFFFFFFFFFFFFFC8
:10E86000FFFFFFFFFFFFFFFFFFFFFFFFFFFFFFFFB8
:10E87000FFFFFFFFFFFFFFFFFFFFFFFFFFFFFFFFA8
:10E88000FFFFFFFFFFFFFFFFFFFFFFFFFFFFFFFF98
:10E89000FFFFFFFFFFFFFFFFFFFFFFFFFFFFFFFF88
:10E8A000FFFFFFFFFFFFFFFFFFFFFFFFFFFFFFFF78
:10E8B000FFFFFFFFFFFFFFFFFFFFFFFFFFFFFFFF68
:10E8C000FFFFFFFFFFFFFFFFFFFFFFFFFFFFFFFF58
:10E8D000FFFFFFFFFFFFFFFFFFFFFFFFFFFFFFFF48
:10E8E000FFFFFFFFFFFFFFFFFFFFFFFFFFFFFFFF38
:10E8F000FFFFFFFFFFFFFFFF13961B971B761B76A3
:10E900001B561B561B351B351B351B151AF51AF4E8
:10E910001AF48D7AFFFF1AB31A931A931A731A73A3
:10E920001A531A532252FFFFFFFFFFFFFFFFFFFFA3
:10E93000FFFFFFFFFFFFFFFFFFFFFFFFFFFFFFFFE7
:10E94000FFFFFFFFFFFFFFFFFFFFFF5DCBAFA063F8
:10E95000A002A001A00198029802980298029801D2
:10E9600090029002900290019001880190018842EB
:10E97000BBAFFF9EFFFFFFFFFFFFFFFFFFFFFFFF9C
:10E98000FFFFBE1D1171115142D3FFFFFFFFFFFFBB
:10E99000FFFFFFFFFFFFFFFFFFFFFFFFFFFFFFFF87
:10E9A000FFFFFFFFFFFFFFFFFFFFFFFFFFFFFFFF77
:10E9B000FFFFFFFFFFFFFFFFFFFFFFFFFFFFFFFF67
:10E9C000FFFFFFFFFFFFFFFFFFFFFFFFFFFFFFFF57
:10E9D000FFFFFFFFFFFFFFFFFFFFFFFFFFFFFFFF47
:10E9E000FFFFFFFFFFFFFFFFFFFFFFFFFFFFFFFF37
:10E9F000FFFFFFFFFFFFFFFFFFFFFFFFFFFFFFFF27
:10EA0000FFFFFFFFFFFFFFFFFFFFFFFFFFFFFFFF16
:10EA1000FFFFFFFFFFFFFFFFFFFFFFFFFFFFFFFF06
:10EA2000FFFFFFFFFFFFFFFFFFFFFFFFFFFFFFFFF6
:10EA3000FFFFFFFFFFFFFFFFFFFFFFFFFFFFFFFFE6
:10EA4000FFFFFFFFFFFFFFFFFFFFFFFFFFFFFFFFD6
:10EA5000FFFFFFFFFFFFFFFFFFFFFFFFFFFFFFFFC6
:10EA6000FFFFFFFFFFFFFFFFFFFFFFFFFFFFFFFFB6
:10EA7000FFFFFFFFFFFFFFFFFFFFFFFFFFFFFFFFA6
:10EA8000FFFFFFFFFFFFFFFFFFFFFFFFFFFFFFFF96
:10EA9000FFFFFFFFFFFFFFFFFFFFFFFFFFFFFFFF86
:10EAA000FFFFFFFFFFFFFFFFFFFFFFFFFFFFFFFF76
:10EAB000FFFFFFFFFFFFFFFFFFFFFFFFFFFFFFFF66
:10EAC000FFFFFFFFFFFFFFFFFFFFFFFFFFFFFFFF56
:10EAD000FFFFFFFFFFFFFFFFC6FE1B761B761B56E7
:10EAE0001B561B351B351B151B151AF51AF41AF589
:10EAF000BE9DFFFFFFFFFFFF3B131A731A731A53EC
:10EB00001A531A331A3312338CF9FFFFFFFFFFFF3A
:10EB1000FFFFFFFFFFFFFFFFFFFFFFFFFFFFFFFF05
:10EB2000FFFFFFFFFFFFFFFFFFFFFFFFFFFFFFFFF5
:10EB3000FFFFFFFFFFFFFFFFFFDEF6BAFE9AE5765D
:10EB4000DD96F69AFF9EFFDFFFFFFFFFFFFFFFFF4F
:10EB5000FFFFFFFFFFFFFFFFFFFFFFFFFFFFFFDFE5
:10EB60001950117011511152FFFFFFFFFFFFFFFFFE
:10EB7000FFFFFFFFFFFFFFFFFFFFFFFFFFFFFFFFA5
:10EB8000FFFFFFFFFFFFFFFFFFFFFFFFFFFFFFFF95
:10EB9000FFFFFFFFFFFFFFFFFFFFFFFFFFFFFFFF85
:10EBA000FFFFFFFFFFFFFFFFFFFFFFFFFFFFFFFF75
:10EBB000FFFFFFFFFFFFFFFFFFFFFFFFFFFFFFFF65
:10EBC000FFFFFFFFFFFFFFFFFFFFFFFFFFFFFFFF55
:10EBD000FFFFFFFFFFFFFFFFFFFFFFFFFFFFFFFF45
:10EBE000FFFFFFFFFFFFFFFFFFFFFFFFFFFFFFFF35
:10EBF000FFFFFFFFFFFFFFFFFFFFFFFFFFFFFFFF25
:10EC0000FFFFFFFFFFFFFFFFFFFFFFFFFFFFFFFF14
:10EC1000FFFFFFFFFFFFFFFFFFFFFFFFFFFFFFFF04
:10EC2000FFFFFFFFFFFFFFFFFFFFFFFFFFFFFFFFF4
:10EC3000FFFFFFFFFFFFFFFFFFFFFFFFFFFFFFFFE4
:10EC4000FFFFFFFFFFFFFFFFFFFFFFFFFFFFFFFFD4
:10EC5000FFFFFFFFFFFFFFFFFFFFFFFFFFFFFFFFC4
:10EC6000FFFFFFFFFFFFFFFFFFFFFFFFFFFFFFFFB4
:10EC7000FFFFFFFFFFFFFFFFFFFFFFFFFFFFFFFFA4
:10EC8000FFFFFFFFFFFFFFFFFFFFFFFFFFFFFFFF94
:10EC9000FFFFFFFFFFFFFFFFFFFFFFFFFFFFFFFF84
:10ECA000FFFFFFFFFFFFFFFFFFFFFFFFFFFFFFFF74
:10ECB000FFFFFFFFFFFFFFFFFFFF1B761B561B350C
:10ECC0001B351B351B151B151AF51AF51AF57CD8C3
:10ECD000FFFFFFFFFFFFFFFFFFFF2A931A521A53A8
:10ECE0001A321A331A12121219F211F2EFBFFFFF81
:10ECF000FFFFFFFFFFFFFFFFFFFFFFFFFFFFFFFF24
:10ED0000FFFFFFFFFFFFFFFFFFFFFFFFFFFFFFFF13
:10ED1000FFFFFFFFFFFFFFFFFFFFFFFFFFFFFFFF03
:10ED2000FFFFFFFFFFFFFFFFFFFFFFFFFFFFFFFFF3
:10ED3000FFFFFFFFFFFFFFFFFFFFFFFF3A521151F1
:10ED4000117011501150EF5FFFFFFFFFFFFFFFFF3A
:10ED5000FFFFFFFFFFFFFFFFFFFFFFFFFFFFFFFFC3
:10ED6000FFFFFFFFFFFFFFFFFFFFFFFFFFFFFFFFB3
:10ED7000FFFFFFFFFFFFFFFFFFFFFFFFFFFFFFFFA3
:10ED8000FFFFFFFFFFFFFFFFFFFFFFFFFFFFFFFF93
:10ED9000FFFFFFFFFFFFFFFFFFFFFFFFFFFFFFFF83
:10EDA000FFFFFFFFFFFFFFFFFFFFFFFFFFFFFFFF73
:10EDB000FFFFFFFFFFFFFFFFFFFFFFFFFFFFFFFF63
:10EDC000FFFFFFFFFFFFFFFFFFFFFFFFFFFFFFFF53
:10EDD000FFFFFFFFFFFFFFFFFFFFFFFFFFFFFFFF43
:10EDE000FFFFFFFFFFFFFFFFFFFFFFFFFFFFFFFF33
:10EDF000FFFFFFFFFFFFFFFFFFFFFFFFFFFFFFFF23
:10EE0000FFFFFFFFFFFFFFFFFFFFFFFFFFFFFFFF12
:10EE1000FFFFFFFFFFFFFFFFFFFFFFFFFFFFFFFF02
:10EE2000FFFFFFFFFFFFFFFFFFFFFFFFFFFFFFFFF2
:10EE3000FFFFFFFFFFFFFFFFFFFFFFFFFFFFFFFFE2
:10EE4000FFFFFFFFFFFFFFFFFFFFFFFFFFFFFFFFD2
:10EE5000FFFFFFFFFFFFFFFFFFFFFFFFFFFFFFFFC2
:10EE6000FFFFFFFFFFFFFFFFFFFFFFFFFFFFFFFFB2
:10EE7000FFFFFFFFFFFFFFFFFFFFFFFFFFFFFFFFA2
:10EE8000FFFFFFFFFFFFFFFFFFFFFFFFFFFFFFFF92
:10EE9000FFFFFFFFFFFFFFFFFFFF8DBB1B351B3594
:10EEA0001B151B151AF51AF51AD41AF474B7FFFFBF
:10EEB000FFFFFFFFFFFFFFFFFFFFFFFF64151A5279
:10EEC0001A12121211F211F211F111D211B111B084
:10EED000EFBFFFFFFFFFFFFFFFFFFFFFFFFFFFFF92
:10EEE000FFFFFFFFFFFFFFFFFFFFFFFFFFFFFFFF32
:10EEF000FFFFFFFFFFFFFFFFFFFFFFFFFFFFFFFF22
:10EF0000FFFFFFFFFFFFFFFFFFFFFFFFFFFFFFFF11
:10EF1000FFFFFFFFFFFFFFFF6394115111501151DD
:10EF200011510970ADBAFFFFFFFFFFFFFFFFFFFFA9
:10EF3000FFFFFFFFFFFFFFFFFFFFFFFFFFFFFFFFE1
:10EF4000FFFFF7FF551A54FA5519551954F9551979
:10EF5000551954F9551A54D85CD7FFFFFFFFFFFF2E
:10EF6000FFFF64D854F95D1A54FA54F954F955194D
:10EF700054F954F9551954F9551AFFFFFFFFFFFFD3
:10EF8000FFFFFFFFFFFFFFFFE7DF54F9551955199A
:10EF900054F95519551954F9551954FA5CF9551A7B
:10EFA000FFFF54F954F9551954F954F9551954F906
:10EFB00054F9551954F954F9551954F954F9551986
:10EFC00054F954F954FAFFFFFFFF4CF94D1954F965
:10EFD0005519551954F94D1A4CFAF7FFFFFF5CF813
:10EFE00054F95519551954F955195519551A551AF1
:10EFF0004CF95CF95519551954F954F9551954F946
:10F0000054F9551954F954F9551954F954F954F956
:10F010005519FFFF553B551954F9551954F954F931
:10F020005519551954F95519551954F955195519B2
:10F0300054F95519551954F9FFFFFFFF55194CF9AB
:10F04000551954F95519551954F954F954F954F9F5
:10F05000F7FF54F954F954F9551954F954F955195D
:10F0600054F954F954F9FFFFFFFFFFFFFFFFFFFFC3
:10F07000FFFFFFFFFFFFFFFFFFFFFFFF1B351B151C
:10F080001AF51AF41AD41AD41AD4ADDCFFFFFFFF14
:10F09000FFFFFFFFFFFFFFFFFFFFFFFFFFFFFFFF80
:10F0A00011F211F211F211D211D211B209B1119172
:10F0B0001171117184B9FFFFFFFFFFFFFFFFFFFF19
:10F0C000FFFFFFFFFFFFFFFFFFFFFFFFFFFFFFFF50
:10F0D000FFFFFFFFFFFFFFFFFFFFFFFFFFFFFFFF40
:10F0E000FFFFFFFFFFFFFFFFFFFFFFFFFFFFFFFF30
:10F0F000FFFFD6FE194F11511151115111511151EC
:10F100001151E71EFFFFFFFFFFFFFFFFFFFFFFFFA4
:10F11000FFFFFFFFFFFFFFFFFFFFFFFFFFFFFFFFFF
:10F12000FFFFFFFFFFFF03B703D703D803B803B800
:10F1300003B803B803F9EFFFFFFFFFFFFFFFFFFF77
:10F14000FFFFFFFFFFFF03B603D803B803B803B800
:10F1500003B803B803D8EFFFFFFFFFFFFFFFFFFF78
:10F16000FFFFFFFFFFFFFFFFFFFFFFFF33D403D9C8
:10F1700003B803B803D803D803B803D8E7FFFFFFE9
:10F18000FFFFFFFFEFFF03B703D803B803B803B8CF
:10F1900003B803D803B803B803B803D803B703D937
:10F1A00003B703D803D7F7FFFFFFFFFFCFBF03D895
:10F1B00003D803B803B803B803B803D91395FFFF06
:10F1C000FFFF139603B803B703D803B803D8EFFFC4
:10F1D000FFFF0BB703B703B803B803D803D703B8CF
:10F1E00003B803B803B803D903B703B803B803D807
:10F1F00003B8FFFFFFFFE7FF03B8039803B803B8A6
:10F2000003D803B803B803B803B803B803B803B806
:10F2100003D803B803D803D8FFFFFFFFFFFFDFFFCA
:10F2200003B803D803B803B803B803B803B7F7FFAC
:10F23000FFFFFFFF23B503B803B703B803D803D814
:10F2400003B7F7FFFFFFFFFFFFFFFFFFFFFFFFFF1A
:10F25000FFFFFFFFFFFFFFFFFFFFFFFFB69D1AF558
:10F260001AF41AD41AD41AB422B4FFFFFFFFFFFF16
:10F27000FFFFFFFFFFFFFFFFFFFFFFFFFFFFFFFF9E
:10F28000FFFF329409F111D109B11191119111913E
:10F290001171117111501150114FAD9BFFFFFFFF04
:10F2A000FFFFFFFFFFFFFFFFFFFFFFFFFFFFFFFF6E
:10F2B000FFFFFFFFFFFFFFFFFFFFFFFFFFFFFFFF5E
:10F2C000FFFFFFFFFFFFFFFFFFFFFFFFEF7F5B750C
:10F2D00011701170117011511151115111701151A2
:10F2E000DF1FFFFFDF1DFFFFFFFFFFFFFFFFFFFF30
:10F2F000FFFFFFFFFFFFFFFFFFFFFFFFFFFFFFFF1E
:10F30000FFFFFFFFFFFF03B703B703B703B803D83F
:10F3100003B803B803D8FFFFFFFFFFFFFFFFFFFFA6
:10F32000FFFFFFFFFFFFFFFFEFFF03B803B803B8C6
:10F3300003B80B75FFFFFFFFFFFFFFFFFFFFFFFF9E
:10F34000FFFFFFFFFFFFFFFFFFFFFFFFFFFFFFFFCD
:10F3500003D803B803B803D803B7FFFFFFFFFFFFCD
:10F36000FFFFFFFFFFFFFFFF0BB703D803B803B892
:10F3700003B8FFFFFFFFFFFFFFFFFFFFEFFFFFFFF0
:10F38000EFFF03B803B8F7FFFFFFFFFFFFFFFFFF2B
:10F3900003D803B803B803B803B803D803D803B835
:10F3A000FFFFFFFFF7FF03B703D713B5FFFFFFFF13
:10F3B000FFFF03D803B70B96FFFFFFFFEFFF03B874
:10F3C00003B803B803B81B74FFFFFFFF33F503B89E
:10F3D00003B9FFFFFFFFFFFFFFFF03D703B803B829
:10F3E00003B803B8FFFFFFFFFFFFFFFFFFFFF7FFBB
:10F3F000FFFFF7FF03D803D8FFFFFFFFFFFFFFFF6B
:10F40000FFFF03B803B803B803B803B8FFFFFFFF5B
:10F41000FFFFF7FF0BB603B703B903B80B96FFFF67
:10F42000FFFFFFFFFFFFFFFFFFFFFFFFFFFFFFFFEC
:10F43000FFFFFFFFFFFFFFFFFFFFFFFFFFFF12F5D3
:10F440001AD41AD41AB41AB41A931A94FFFFFFFFED
:10F45000FFFFFFFFFFFFFFFFFFFFFFFFFFFFFFFFBC
:10F46000FFFFFFFFF7FF11910991099111711171D0
:10F470001150115111501150115111511171097147
:10F4800019708457D6FEFFFFFFFFFFFFFFFFFFFF4E
:10F49000FFFFFFFFFFFFFFFFFFFFFFFFFFFFFFFF7C
:10F4A000FFFFFFFFB5DB4292115011511151115175
:10F4B0001150115111501151115111513211FFFFC1
:10F4C000FFFF21B0FFFFFFFFFFFFFFFFFFFFFFFF79
:10F4D000FFFFFFFFFFFFFFFFFFFFFFFFFFFFFFFF3C
:10F4E000FFFFFFFF039803D803B88E3DEFFF03D75C
:10F4F00003B803B803D803B8FFFFFFFFFFFFFFFF08
:10F50000FFFFFFFFFFFFFFFFF7FF03B803B803B8DC
:10F5100003B81396FFFFFFFFFFFFFFFFFFFFFFFF93
:10F52000FFFFFFFFFFFFFFFFFFFFFFFFFFFFFFFFEB
:10F5300003D803B803B803B803B7FFFFFFFFFFFF0B
:10F54000FFFFFFFFFFFFFFFF0B9603B803B803B8F1
:10F5500003B803D803B803B803B803B803D8EFFF60
:10F56000FFFFFFFFE7FFF7FFFFFFFFFFFFFFFFFFCB
:10F5700003D803B803B803D803B803D803B803B853
:10F5800003D82BB5F7FF03D803D71395FFFFFFFF71
:10F59000FFFF03B8F7FFFFFFFFFFFFFFEFFF03B819
:10F5A00003B803B803B81B74FFFFFFFFFFFFFFFFA3
:10F5B0001396F7FFFFFFFFFFFFFF03B903B803B880
:10F5C00003D803B803B803B803D803B9039703B843
:10F5D000EFFFFFFFFFFFDFFFFFFFFFFFFFFFFFFF6B
:10F5E000FFFF03B803B803B803B803B8FFFF4456DE
:10F5F00003D803B803D803B803B8BF5FFFFFFFFF0A
:10F60000FFFFFFFFFFFFFFFFFFFFFFFFFFFFFFFF0A
:10F61000FFFFFFFFFFFFFFFFFFFFFFFFFFFFE79F72
:10F620001AD51AB41A941A931A731A531A53FFFF5D
:10F63000FFFFFFFFFFFFFFFFFFFFFFFFFFFFFFFFDA
:10F64000FFFFFFFFFFFFFFFF9D3911711170115187
:10F65000117011511151115111511151115111517B
:10F660001151115111511170117111511170114F2E
:10F67000114F325232523252114F117011501170DB
:10F68000115011511130117111511151115111516C
:10F6900011511151115111511151D6FEFFDFFFFFD0
:10F6A0004AB3CE9DFFFFFFFFFFFFFFFFFFFFFFFFFE
:10F6B000FFFFFFFFFFFFFFFFFFFFFFFFFFFFFFFF5A
:10F6C000FFFF441503B903B803B7E7FFE7FFC7FF20
:10F6D00003B803B803B803B803D8FFFFFFFFFFFF69
:10F6E000FFFFFFFFFFFFFFFFF7FF03B803B803B8FB
:10F6F00003B81395FFFFFFFFFFFFFFFFFFFFFFFFB3
:10F70000FFFFFFFF23F623D6FFFFFFFFFFFFFFFFF3
:10F7100003B803B803B803D803B7FFFFFFFFFFFF29
:10F72000FFFFFFFFFFFFFFFF0BB703B803B803B8EE
:10F7300003B703B803D803D803D703D803D8EFFF20
:10F74000FFFFFFFFFFFF33D3FFFFFFFFFFFFFFFFC1
:10F7500003D803B803D8F7FF03D803B803B803B836
:10F7600003B803B803B703D803D81395FFFFFFFF0F
:10F77000FFDEFFFFFFFFFFFFFFFFFFFFEFFF03B80D
:10F7800003B803B803B82373FFFFFFFFFFFFFFFFBA
:10F79000FFFFFFFFFFFFFFFFFFFF03B803B803B842
:10F7A00003B703D803D803D803D803B803D803D8C2
:10F7B000EFFFFFFFFFFFFFFF2BB4FFFFFFFFFFFF88
:10F7C000FFFF03B803B803B803B803B803D803B8FE
:10F7D00003B703B803D803B803B803D8E7FFFFFFA4
:10F7E000FFFFFFFFFFFFFFFFFFFFFFFFFFFFFFFF29
:10F7F000FFFFFFFFFFFFFFFFFFFFFFFFFFFFFFFF19
:10F800004B951A941A941A731A731A531A321A329D
:10F81000FFFFFFFFFFFFFFFFFFFFFFFFFFFFFFFFF8
:10F82000FFFFFFFFFFFFFFFFFFFFFFFF639511518A
:10F8300011511151115111511151115111511151B8
:10F84000115111511151115111511150117011706B
:10F850001151115111511151115011511151115199
:10F860001150115111511151115111511151115189
:10F87000115111501151B5FBFFFFFFFFFFFF29F19F
:10F88000114FFFFFFFFFFFFFFFFFFFFFFFFFFFFF26
:10F89000FFFFFFFFFFFFFFFFFFFFFFFFFFFFFFFF78
:10F8A000C79F03D803B803B803B803D803B803B895
:10F8B00003B803B803B803B803D81B54FFFFFFFF16
:10F8C000FFFFFFFFFFFFFFFFF7FF03B803B803B819
:10F8D00003B81395FFFFFFFFFFFFFFFFFFFFFFFFD1
:10F8E000F7FF03D803B723D6FFFFFFFFFFFFFFFF9C
:10F8F00003B803B803B803D803B7FFFFFFFFFFFF48
:10F90000FFFFFFFFFFFFFFFF0BB703B803B803B80C
:10F9100003B8FFFFFFFFFFFFFFFFF7FF0BB7EFFF8E
:10F92000FFFF0B9603F92BB4FFFFFFFFFFFFFFFF65
:10F9300003D803B803D8FFFFFFFF039703B803B84A
:10F9400003B803B803B803D703D81395FFFFFFFF2D
:10F95000FFFFFFFFFFFFFFFFFFFFFFFFEFFF03B80A
:10F9600003B803B803B82373FFFFFFFFFFFFFFFFD8
:10F97000FFFFFFFFFFFFFFFFFFFF03B803B803B860
:10F9800003B803B8FFFFFFFFFFFFFFFFFFFF0BB64A
:10F99000EFFFFFFF0BB6039723D5FFFFFFFFFFFF2E
:10F9A000FFFF03B803B803B803B803B803B82C17B4
:10F9B000FFFFFFFF239403B703B703B803B7B73FB5
:10F9C000FFFFFFFFFFFFFFFFFFFFFFFFFFFFFFFF47
:10F9D000FFFFFFFFFFFFFFFFFFFFFFFFFFFFFFFF37
:10F9E000FFFF22731A731A531A531A331A321A1258
:10F9F00009F1FFFFFFFFFFFFFFFFFFFFFFFFFFFF1B
:10FA0000FFFFFFFFFFFFFFFFFFFFFFFFFFFFFFFF06
:10FA1000E73E115011501151115011511151115116
:10FA200011511151115111511151115111511151C6
:10FA300011511151115111511151115111511151B6
:10FA40001151115111511170115111511150117168
:10FA50006395FFFFFFFFFFFFFFFFFFFF1150114FF7
:10FA6000FFFFFFFFFFFFFFFFFFFFFFFFFFFFFFFFA6
:10FA7000FFFFFFFFFFFFFFFFFFFFFFFFFFFF0B95F4
:10FA800003D803B803B86D39FFFFFFFFFFFFFFFF87
:10FA9000F7FF03D803B803B803D703B703D8F7FFBA
:10FAA000FFFFFFFFFFFFF7FF03B703B803B803B87B
:10FAB00003B80BB80BB70B960B970BB70BB603B885
:10FAC00003B703D803B823D6FFFFFFFFFFFF0BB632
:10FAD00003B803B803B803D803B8C77FFFFFFFFF1D
:10FAE000FFFFFFFFFFFF95FC03B703B803B803B8A0
:10FAF00003B80BB70B970B970B970B970BB60BB87D
:10FB000003D803B803D82BB4FFFFFFFFFFFF343641
:10FB100003B703D803961375FFFFFFFFDFFF03B89A
:10FB200003B803B803B803B803D81395FFFFFFFF6A
:10FB3000FFFFFFFFFFFFFFFFFFFFF7FF03B803B863
:10FB400003B803B803B80397E7FFFFFFFFFFFFFF0A
:10FB5000FFFFFFFFFFFFFFFF8DFB03F803B803B8B4
:10FB600003D803D80B960B970B970B970B970BB6F5
:10FB70000B970BD803B803D823D5FFFFFFFFFFFF78
:10FB80003BF503D903B803B803B803B82BF5FFFF5F
:10FB9000FFFFFFFFFFFF03D803D803B803B803D864
:10FBA00003D8FFFFFFFFFFFFFFFFFFFFFFFFFFFF88
:10FBB000FFFFFFFFFFFFFFFFFFFFFFFFFFFFFFFF55
:10FBC000FFFFFFFF1A331A531A331A331A121A128D
:10FBD0001A1311F2CEDEFFFFFFFFFFFFFFFFFFFF53
:10FBE000FFFFFFFFFFFFFFFFFFFFFFFFFFFFFFFF25
:10FBF000FFFFFFFFFFFF84B711501170115111512A
:10FC000011511151115111511151115111511151E4
:10FC100011511151115111511151115111511151D4
:10FC20001151115111511171115073F6FFFFFFFF66
:10FC3000FFFFFFFFFFFFFFFFDF1E11511171FFFFED
:10FC4000FFFFFFFFFFFFFFFFFFFFFFFFFFFFFFFFC4
:10FC5000FFFFFFFFFFFFFFFFFFFFFFFF03B803B83A
:10FC600003B803B803B8039703D8EFFFF7FF03B750
:10FC700003B803B803B803B803D803B803D803B86C
:10FC80000BB6FFFF0B9603B803B803B803B803B86D
:10FC900003B803B703B803B803B803B803B803B88D
:10FCA00003D803B703B823D6FFFF1BB503D803D887
:10FCB00003B803B803B803B803B803B80BB7CFFF52
:10FCC000FFFFE7FF03D903D703D803B803B803B88E
:10FCD00003B803D803B803B803B803B803B803B92B
:10FCE00003D803D803B82BB4FFFFAEFF03B703B8A4
:10FCF00003D803B803B803B803D84478FFFFF7FF6D
:10FD000003D903D803B803B803D81395FFFFFFFF47
:10FD1000FFFFFFFFFFFFFFFF0BB603B803D803B8D9
:10FD200003B803B803B803B803D70397F7FFFFFF7F
:10FD3000FFFFFFFFE7FF03B703D703D803B803B8FC
:10FD400003B803D703B803B803B803B803B803B8BC
:10FD500003B803B803D703D823D5FFFFAF3F03B8D9
:10FD600003D903B803B803B803B803B803B803D87A
:10FD7000FFFF1B9403B703D803B803B803B803B855
:10FD800003B703D81B94FFFFFFFFFFFFFFFFFFFF39
:10FD9000FFFFFFFFFFFFFFFFFFFFFFFFFFFFFFFF73
:10FDA000FFFFFFFFDF5F1A3212321A12121211F236
:10FDB00011F209D211B23272FFFFFFFFFFFFFFFF06
:10FDC000FFFFFFFFFFFFFFFFFFFFFFFFFFFFFFFF43
:10FDD000FFFFFFFFFFFFFFFFFFFFFFFFF7BF8CD815
:10FDE00032321150115111701171117011511151A4
:10FDF00011511151115111511150115011511970CE
:10FE00005B75CEBEFFFFFFFFFFFFFFFFFFFFFFFFA2
:10FE1000FFFFFFFFFFFF197011711150F7DFFFFFA8
:10FE2000FFFFFFFFFFFFFFFFFFFFFFFFFFFFFFFFE2
:10FE3000FFFFFFFFFFFFFFFFFFFFFFFFFFFFFFFFD2
:10FE4000FFFFFFFFFFFFFFFFFFFFFFFFFFFFFFFFC2
:10FE5000FFFFFFFFFFFFFFFFFFFFFFFFFFFFFFFFB2
:10FE6000FFFFFFFFFFFFFFFFFFFFFFFFFFFFFFFFA2
:10FE7000FFFFFFFFFFFFFFFFFFFFFFFFFFFFFFFF92
:10FE8000FFFFFFFFFFFFFFFFF7DFFFFFFFFFFFFFAA
:10FE9000FFFFFFFFFFFFFFFFFFFFFFFFFFFFFFFF72
:10FEA000FFFFFFFFFFFFFFFFFFFFFFFFFFFFFFFF62
:10FEB000FFFFFFFFFFFFFFFFFFFFFFFFFFFFFFFF52
:10FEC000FFFFFFFFFFFFFFFFFFFFFFFFFFFFFFFF42
:10FED000FFFFFFFFFFFFFFFFFFFFFFFFFFFFFFFF32
:10FEE000FFFFFFFFFFFFFFFFFFFFFFFFFFFFFFFF22
:10FEF000FFFFFFFFFFFFFFFFFFFFFFFFFFFFFFFF12
:10FF0000FFFFFFFFFFFFFFFFFFFFFFFFFFFFFFFF01
:10FF1000FFFFFFFFFFFFFFFFFFFFFFFFFFFFFFFFF1
:10FF2000FFFFFFFFFFFFFFFFFFFFFFFFFFFFFFFFE1
:10FF3000FFFFFFFFFFFFFFFFFFFFFFFFFFFFFFFFD1
:10FF4000FFFFFFFFFFFFFFFFFFFFFFFFFFFFFFFFC1
:10FF5000FFFFFFFFFFFFFFFFFFFFFFFFFFFFFFFFB1
:10FF6000FFFFFFFFFFFFFFFFFFFFFFFFFFFFFFFFA1
:10FF7000FFFFFFFFFFFFFFFFFFFFFFFFFFFFFFFF91
:10FF8000FFFFFFFFFFFF9D9B121211F211F211D232
:10FF900011D211B109B211911171E73FFFFFFFFFBB
:10FFA000FFFFFFFFFFFFFFFFFFFFFFFFFFFFFFFF61
:10FFB000FFFFFFFFFFFFFFFFFFFFFFFFFFFFFFFF51
:10FFC000FFFFFFFFFFFFFFFFF7DFEF5FCEBDCE9D1F
:10FFD000CE9DCE9DE75FF7DFFFFFFFFFFFFFFFFF37
:10FFE000FFFFFFFFFFFFFFFFFFFFFFFFFFFFFFFF21
:10FFF000FFFFC65C11711150115084B7FFFFFFFF66
:020000040801F1
:10000000FFFFFFFFFFFFFFFFFFFFFFFFFFFFFFFF00
:10001000FFFFFFFFFFFFFFFFFFFFFFFFFFFFFFFFF0
:10002000FFFFFFFFFFFFFFFFFFFFFFFFFFFFFFFFE0
:10003000FFFFFFFFFFFFFFFFFFFFFFFFFFFFFFFFD0
:10004000FFFFFFFFFFFFFFFFFFFFFFFFFFFFFFFFC0
:10005000FFFFFFFFFFFFFFFFFFFFFFFFFFFFFFFFB0
:10006000FFFFFFFFFFFFFFFFFFFFFFFFFFFFFFFFA0
:10007000FFFFFFFFFFFFFFFFFFFFFFFFFFFFFFFF90
:10008000FFFFFFFFFFFFFFFFFFFFFFFFFFFFFFFF80
:10009000FFFFFFFFFFFFFFFFFFFFFFFFFFFFFFFF70
:1000A000FFFFFFFFFFFFFFFFFFFFFFFFFFFFFFFF60
:1000B000FFFFFFFFFFFFFFFFFFFFFFFFFFFFFFFF50
:1000C000FFFFFFFFFFFFFFFFFFFFFFFFFFFFFFFF40
:1000D000FFFFFFFFFFFFFFFFFFFFFFFFFFFFFFFF30
:1000E000FFFFFFFFFFFFFFFFFFFFFFFFFFFFFFFF20
:1000F000FFFFFFFFFFFFFFFFFFFFFFFFFFFFFFFF10
:10010000FFFFFFFFFFFFFFFFFFFFFFFFFFFFFFFFFF
:10011000FFFFFFFFFFFFFFFFFFFFFFFFFFFFFFFFEF
:10012000FFFFFFFFFFFFFFFFFFFFFFFFFFFFFFFFDF
:10013000FFFFFFFFFFFFFFFFFFFFFFFFFFFFFFFFCF
:10014000FFFFFFFFFFFFFFFFFFFFFFFFFFFFFFFFBF
:10015000FFFFFFFFFFFFFFFFFFFFFFFFFFFFFFFFAF
:10016000FFFFFFFFFFFFFFFF745711F111F211D2E4
:1001700009B109B10991119111711171114FF7DF95
:10018000FFFFFFFFFFFFFFFFFFFFFFFFFFFFFFFF7F
:10019000FFFFFFFFFFFFFFFFFFFFFFFFFFFFFFFF6F
:1001A000FFFFFFFFFFFFFFFFFFFFFFFFFFFFFFFF5F
:1001B000FFFFFFFFFFFFFFFFFFFFFFFFFFFFFFFF4F
:1001C000FFFFFFFFFFFFFFFFFFFFFFFFFFFFFFFF3F
:1001D000112F1151117011515334FFFFFFFFFFFF19
:1001E000FFFFFFFFFFFFFFFFFFFFFFFFFFFFFFFF1F
:1001F000FFFFFFFFFFFFFFFFFFFFFFFFFFFFFFFF0F
:10020000FFFFFFFFFFFFFFFFFFFFFFFFFFFFFFFFFE
:10021000FFFFFFFFFFFFFFFFFFFFFFFFFFFFFFFFEE
:10022000FFFFFFFFFFFFFFFFFFFFFFFFFFFFFFFFDE
:10023000FFFFFFFFFFFFFFFFFFFFFFFFFFFFFFFFCE
:10024000FFFFFFFFFFFFFFFFFFFFFFFFFFFFFFFFBE
:10025000FFFFFFFFFFFFFFFFFFFFFFFFFFFFFFFFAE
:10026000FFFFFFFFFFFFFFFFFFFFFFFFFFFFFFFF9E
:10027000FFFFFFFFFFFFFFFFFFFFFFFFFFFFFFFF8E
:10028000FFFFFFFFFFFFFFFFFFFFFFFFFFFFFFFF7E
:10029000FFFFFFFFFFFFFFFFFFFFFFFFFFFFFFFF6E
:1002A000FFFFFFFFFFFFFFFFFFFFFFFFFFFFFFFF5E
:1002B000FFFFFFFFFFFFFFFFFFFFFFFFFFFFFFFF4E
:1002C000FFFFFFFFFFFFFFFFFFFFFFFFFFFFFFFF3E
:1002D000FFFFFFFFFFFFFFFFFFFFFFFFFFFFFFFF2E
:1002E000FFFFFFFFFFFFFFFFFFFFFFFFFFFFFFFF1E
:1002F000FFFFFFFFFFFFFFFFFFFFFFFFFFFFFFFF0E
:10030000FFFFFFFFFFFFFFFFFFFFFFFFFFFFFFFFFD
:10031000FFFFFFFFFFFFFFFFFFFFFFFFFFFFFFFFED
:10032000FFFFFFFFFFFFFFFFFFFFFFFFFFFFFFFFDD
:10033000FFFFFFFFFFFFFFFFFFFFFFFFFFFFFFFFCD
:10034000FFFFFFFFFFFFFFFFFFFF743611B111B189
:1003500011911191117111711171115111511151AD
:100360001970DEFEFFFFFFFFFFFFFFFFFFFFFFFF34
:10037000FFFFFFFFFFFFFFFFFFFFFFFFFFFFFFFF8D
:10038000FFFFFFFFFFFFFFFFFFFFFFFFFFFFFFFF7D
:10039000FFFFFFFFFFFFFFFFFFFFFFFFFFFFFFFF6D
:1003A000FFFFFFFFFFFFFFFFFFFFDF1F1970097057
:1003B00011511151095094F8FFFFFFFFFFFFFFFF9C
:1003C000FFFFFFFFFFFFFFFFFFFFFFFFFFFFFFFF3D
:1003D000FFFFFFFFFFFFFFFFFFFFFFFFFFFFFFFF2D
:1003E000FFFFFFFFFFFFFFFFFFFFFFFFFFFFFFFF1D
:1003F000FFFFFFFFFFFFFFFFFFFFFFFFFFFFFFFF0D
:10040000FFFFFFFFFFFFFFFFFFFFFFFFFFFFFFFFFC
:10041000FFFFFFFFFFFFFFFFFFFFFFFFFFFFFFFFEC
:10042000FFFFFFFFFFFFFFFFFFFFFFFFFFFFFFFFDC
:10043000FFFFFFFFFFFFFFFFFFFFFFFFFFFFFFFFCC
:10044000FFFFFFFFFFFFFFFFFFFFFFFFFFFFFFFFBC
:10045000FFFFFFFFFFFFFFFFFFFFFFFFFFFFFFFFAC
:10046000FFFFFFFFFFFFFFFFFFFFFFFFFFFFFFFF9C
:10047000FFFFFFFFFFFFFFFFFFFFFFFFFFFFFFFF8C
:10048000FFFFFFFFFFFFFFFFFFFFFFFFFFFFFFFF7C
:10049000FFFFFFFFFFFFFFFFFFFFFFFFFFFFFFFF6C
:1004A000FFFFFFFFFFFFFFFFFFFFFFFFFFFFFFFF5C
:1004B000FFFFFFFFFFFFFFFFFFFFFFFFFFFFFFFF4C
:1004C000FFFFFFFFFFFFFFFFFFFFFFFFFFFFFFFF3C
:1004D000FFFFFFFFFFFFFFFFFFFFFFFFFFFFFFFF2C
:1004E000FFFFFFFFFFFFFFFFFFFFFFFFFFFFFFFF1C
:1004F000FFFFFFFFFFFFFFFFFFFFFFFFFFFFFFFF0C
:10050000FFFFFFFFFFFFFFFFFFFFFFFFFFFFFFFFFB
:10051000FFFFFFFFFFFFFFFFFFFFFFFFFFFFFFFFEB
:10052000FFFFFFFFFFFFFFFFFFFFFFFF951911B167
:10053000119111711171115111511151115111512B
:10054000115111511150A57AFFFFFFFFFFFFFFFF6F
:10055000FFFFFFFFFFFFFFFFFFFFFFFFFFFFFFFFAB
:10056000FFFFFFFFFFFFFFFFFFFFFFFFFFFFFFFF9B
:10057000FFFFFFFFFFFFFFFFFFFFFFFFFFFFFFFF8B
:10058000FFFFFFFFFFFFB5FB11501151115111701B
:100590001151115073F6FFFFFFFFFFFFFFFFFFFF39
:1005A000FFFFFFFFFFFFFFFFFFFFFFFFFFFFFFFF5B
:1005B000FFFFFFFFFFFFFFFFFFFFFFFFFFFFFFFF4B
:1005C000FFFFFFFFFFFFFFFFFFFFFFFFFFFFFFFF3B
:1005D000FFFFFFFFFFFFFFFFFFFFFFFFFFFFFFFF2B
:1005E000FFFFFFFFFFFFFFFFFFFFFFFFFFFFFFFF1B
:1005F000FFFFFFFFFFFFFFFFFFFFFFFFFFFFFFFF0B
:10060000FFFFFFFFFFFFFFFFFFFFFFFFFFFFFFFFFA
:10061000FFFFFFFFFFFFFFFFFFFFFFFFFFFFFFFFEA
:10062000FFFFFFFFFFFFFFFFFFFFFFFFFFFFFFFFDA
:10063000FFFFFFFFFFFFFFFFFFFFFFFFFFFFFFFFCA
:10064000FFFFFFFFFFFFFFFFFFFFFFFFFFFFFFFFBA
:10065000FFFFFFFFFFFFFFFFFFFFFFFFFFFFFFFFAA
:10066000FFFFFFFFFFFFFFFFFFFFFFFFFFFFFFFF9A
:10067000FFFFFFFFFFFFFFFFFFFFFFFFFFFFFFFF8A
:10068000FFFFFFFFFFFFFFFFFFFFFFFFFFFFFFFF7A
:10069000FFFFFFFFFFFFFFFFFFFFFFFFFFFFFFFF6A
:1006A000FFFFFFFFFFFFFFFFFFFFFFFFFFFFFFFF5A
:1006B000FFFFFFFFFFFFFFFFFFFFFFFFFFFFFFFF4A
:1006C000FFFFFFFFFFFFFFFFFFFFFFFFFFFFFFFF3A
:1006D000FFFFFFFFFFFFFFFFFFFFFFFFFFFFFFFF2A
:1006E000FFFFFFFFFFFFFFFFFFFFFFFFFFFFFFFF1A
:1006F000FFFFFFFFFFFFFFFFFFFFFFFFFFFFFFFF0A
:10070000FFFFFFFFFFFFFFFFFFFFFFFFFFFFF7DF21
:100710000971117111511151115111511151115191
:1007200011511151115111511151115173D5F7DF5F
:10073000FFFFFFFFFFFFFFFFFFFFFFFFFFFFFFFFC9
:10074000FFFFFFFFFFFFFFFFFFFFFFFFFFFFFFFFB9
:10075000FFFFFFFFFFFFFFFFFFFFFFFFFFFFFFFFA9
:100760009D191970097111511151115111511151E6
:100770001171E73FFFFFFFFFFFFFFFFFFFFFFFFFDD
:10078000FFFFFFFFFFFFFFFFFFFFFFFFFFFFFFFF79
:10079000FFFFFFFFFFFFFFFFFFFFFFFFFFFFFFFF69
:1007A000FFFFFFFFFFFFFFFFFFFFFFFFFFFFFFFF59
:1007B000FFFFFFFFFFFFFFFFFFFFFFFFFFFFFFFF49
:1007C000FFFFFFFFFFFFFFFFFFFFFFFFFFFFFFFF39
:1007D000FFFFFFFFFFFFFFFFFFFFFFFFFFFFFFFF29
:1007E000FFFFFFFFFFFFFFFFFFFFFFFFFFFFFFFF19
:1007F000FFFFFFFFFFFFFFFFFFFFFFFFFFFFFFFF09
:10080000FFFFFFFFFFFFFFFFFFFFFFFFFFFFFFFFF8
:10081000FFFFFFFFFFFFFFFFFFFFFFFFFFFFFFFFE8
:10082000FFFFFFFFFFFFFFFFFFFFFFFFFFFFFFFFD8
:10083000FFFFFFFFFFFFFFFFFFFFFFFFFFFFFFFFC8
:10084000FFFFFFFFFFFFFFFFFFFFFFFFFFFFFFFFB8
:10085000FFFFFFFFFFFFFFFFFFFFFFFFFFFFFFFFA8
:10086000FFFFFFFFFFFFFFFFFFFFFFFFFFFFFFFF98
:10087000FFFFFFFFFFFFFFFFFFFFFFFFFFFFFFFF88
:10088000FFFFFFFFFFFFFFFFFFFFFFFFFFFFFFFF78
:10089000FFFFFFFFFFFFFFFFFFFFFFFFFFFFFFFF68
:1008A000FFFFFFFFFFFFFFFFFFFFFFFFFFFFFFFF58
:1008B000FFFFFFFFFFFFFFFFFFFFFFFFFFFFFFFF48
:1008C000FFFFFFFFFFFFFFFFFFFFFFFFFFFFFFFF38
:1008D000FFFFFFFFFFFFFFFFFFFFFFFFFFFFFFFF28
:1008E000FFFFFFFFFFFFFFFFFFFFFFFFFFFFFFFF18
:1008F000FFFF11511151115011501151115111514E
:1009000011511151115111511151115111511151D7
:1009100011502A128CF9EF9FFFFFFFFFFFFFFFFF2F
:10092000FFFFFFFFFFFFFFFFFFFFFFFFFFFFFFFFD7
:10093000FFFFFFFFFFFFFFFFBE5C4293115011510D
:100940001151115111511151115111501151115198
:10095000FFFFFFFFFFFFFFFFFFFFFFFFFFFFFFFFA7
:10096000FFFFFFFFFFFFFFFFFFFFFFFFFFFFFFFF97
:10097000FFFFFFFFFFFFFFFFFFFFFFFFFFFFFFFF87
:10098000FFFFFFFFFFFFFFFFFFFFFFFFFFFFFFFF77
:10099000FFFFFFFFFFFFFFFFFFFFFFFFFFFFFFFF67
:1009A000FFFFFFFFFFFFFFFFFFFFFFFFFFFFFFFF57
:1009B000FFFFFFFFFFFFFFFFFFFFFFFFFFFFFFFF47
:1009C000FFFFFFFFFFFFFFFFFFFFFFFFFFFFFFFF37
:1009D000FFFFFFFFFFFFFFFFFFFFFFFFFFFFFFFF27
:1009E000FFFFFFFFFFFFFFFFFFFFFFFFFFFFFFFF17
:1009F000FFFFFFFFFFFFFFFFFFFFFFFFFFFFFFFF07
:100A0000FFFFFFFFFFFFFFFFFFFFFFFFFFFFFFFFF6
:100A1000FFFFFFFFFFFFFFFFFFFFFFFFFFFFFFFFE6
:100A2000FFFFFFFFFFFFFFFFFFFFFFFFFFFFFFFFD6
:100A3000FFFFFFFFFFFFFFFFFFFFFFFFFFFFFFFFC6
:100A4000FFFFFFFFFFFFFFFFFFFFFFFFFFFFFFFFB6
:100A5000FFFFFFFFFFFFFFFFFFFFFFFFFFFFFFFFA6
:100A6000FFFFFFFFFFFFFFFFFFFFFFFFFFFFFFFF96
:100A7000FFFFFFFFFFFFFFFFFFFFFFFFFFFFFFFF86
:100A8000FFFFFFFFFFFFFFFFFFFFFFFFFFFFFFFF76
:100A9000FFFFFFFFFFFFFFFFFFFFFFFFFFFFFFFF66
:100AA000FFFFFFFFFFFFFFFFFFFFFFFFFFFFFFFF56
:100AB000FFFFFFFFFFFFFFFFFFFFFFFFFFFFFFFF46
:100AC000FFFFFFFFFFFFFFFFFFFFFFFFFFFFFFFF36
:100AD000FFFFFFFF531411501170115011511151AC
:100AE00011511151115111511151115111511151F6
:100AF000115111501150115011511170117021D01C
:100B000042D374158CB88CD88CB88CD86BD53A522B
:100B1000197011701151115009701150115111516A
:100B20001151115111511151115111512190FFFFCA
:100B3000FFFFFFFFFFFFFFFFFFFFFFFFFFFFFFFFC5
:100B4000FFFFFFFFFFFFFFFFFFFFFFFFFFFFFFFFB5
:100B5000FFFFFFFFFFFFFFFFFFFFFFFFFFFFFFFFA5
:100B6000FFFFFFFFFFFFFFFFFFFFFFFFFFFFFFFF95
:100B7000FFFFFFFFFFFFFFFFFFFFFFFFFFFFFFFF85
:100B8000FFFFFFFFFFFFFFFFFFFFFFFFFFFFFFFF75
:100B9000FFFFFFFFFFFFFFFFFFFFFFFFFFFFFFFF65
:100BA000FFFFFFFFFFFFFFFFFFFFFFFFFFFFFFFF55
:100BB000FFFFFFFFFFFFFFFFFFFFFFFFFFFFFFFF45
:100BC000FFFFFFFFFFFFFFFFFFFFFFFFFFFFFFFF35
:100BD000FFFFFFFFFFFFFFFFFFFFFFFFFFFFFFFF25
:100BE000FFFFFFFFFFFFFFFFFFFFFFFFFFFFFFFF15
:100BF000FFFFFFFFFFFFFFFFFFFFFFFFFFFFFFFF05
:100C0000FFFFFFFFFFFFFFFFFFFFFFFFFFFFFFFFF4
:100C1000FFFFFFFFFFFFFFFFFFFFFFFFFFFFFFFFE4
:100C2000FFFFFFFFFFFFFFFFFFFFFFFFFFFFFFFFD4
:100C3000FFFFFFFFFFFFFFFFFFFFFFFFFFFFFFFFC4
:100C4000FFFFFFFFFFFFFFFFFFFFFFFFFFFFFFFFB4
:100C5000FFFFFFFFFFFFFFFFFFFFFFFFFFFFFFFFA4
:100C6000FFFFFFFFFFFFFFFFFFFFFFFFFFFFFFFF94
:100C7000FFFFFFFFFFFFFFFFFFFFFFFFFFFFFFFF84
:100C8000FFFFFFFFFFFFFFFFFFFFFFFFFFFFFFFF74
:100C9000FFFFFFFFFFFFFFFFFFFFFFFFFFFFFFFF64
:100CA000FFFFFFFFFFFFFFFFFFFFFFFFFFFFFFFF54
:100CB000FFFFFFFFFFFFF7DF1970115111511151B5
:100CC0001151115111511151115111511151115114
:100CD0001151115111501151115111511151115006
:100CE00011511151115111511151115111511151F4
:100CF00011511151115011500971115111511151CE
:100D000011511151115111511150EFBFFFFFFFFF50
:100D1000FFFFFFFFFFFFFFFFFFFFFFFFFFFFFFFFE3
:100D2000FFFFFFFFFFFFFFFFFFFFFFFFFFFFFFFFD3
:100D3000FFFFFFFFFFFFFFFFFFFFFFFFFFFFFFFFC3
:100D4000FFFFFFFFFFFFFFFFFFFFFFFFFFFFFFFFB3
:100D5000FFFFFFFFFFFFFFFFFFFFFFFFFFFFFFFFA3
:100D6000FFFFFFFFFFFFFFFFFFFFFFFFFFFFFFFF93
:100D7000FFFFFFFFFFFFFFFFFFFFFFFFFFFFFFFF83
:100D8000FFFFFFFFFFFFFFFFFFFFFFFFFFFFFFFF73
:100D9000FFFFFFFFFFFFFFFFFFFFFFFFFFFFFFFF63
:100DA000FFFFFFFFFFFFFFFFFFFFFFFFFFFFFFFF53
:100DB000FFFFFFFFFFFFFFFFFFFFFFFFFFFFFFFF43
:100DC000FFFFFFFFFFFFFFFFFFFFFFFFFFFFFFFF33
:100DD000FFFFFFFFFFFFFFFFFFFFFFFFFFFFFFFF23
:100DE000FFFFFFFFFFFFFFFFFFFFFFFFFFFFFFFF13
:100DF000FFFFFFFFFFFFFFFFFFFFFFFFFFFFFFFF03
:100E0000FFFFFFFFFFFFFFFFFFFFFFFFFFFFFFFFF2
:100E1000FFFFFFFFFFFFFFFFFFFFFFFFFFFFFFFFE2
:100E2000FFFFFFFFFFFFFFFFFFFFFFFFFFFFFFFFD2
:100E3000FFFFFFFFFFFFFFFFFFFFFFFFFFFFFFFFC2
:100E4000FFFFFFFFFFFFFFFFFFFFFFFFFFFFFFFFB2
:100E5000FFFFFFFFFFFFFFFFFFFFFFFFFFFFFFFFA2
:100E6000FFFFFFFFFFFFFFFFFFFFFFFFFFFFFFFF92
:100E7000FFFFFFFFFFFFFFFFFFFFFFFFFFFFFFFF82
:100E8000FFFFFFFFFFFFFFFFFFFFFFFFFFFFFFFF72
:100E9000FFFFFFFFFFFFFFFFFFFF951911511150EB
:100EA0001151115111511151115111511151115132
:100EB0001151115111511151115111511151115122
:100EC0001151115111511151115111511151115112
:100ED0001151115111511151115111511151115102
:100EE00011701151097063B5FFFFFFFFFFFFFFFF96
:100EF000FFFFFFFFFFFFFFFFFFFFFFFFFFFFFFFF02
:100F0000FFFFFFFFFFFFFFFFFFFFFFFFFFFFFFFFF1
:100F1000FFFFFFFFFFFFFFFFFFFFFFFFFFFFFFFFE1
:100F2000FFFFFFFFFFFFFFFFFFFFFFFFFFFFFFFFD1
:100F3000FFFFFFFFFFFFFFFFFFFFFFFFFFFFFFFFC1
:100F4000FFFFFFFFFFFFFFFFFFFFFFFFFFFFFFFFB1
:100F5000FFFFFFFFFFFFFFFFFFFFFFFFFFFFFFFFA1
:100F6000FFFFFFFFFFFFFFFFFFFFFFFFFFFFFFFF91
:100F7000FFFFFFFFFFFFFFFFFFFFFFFFFFFFFFFF81
:100F8000FFFFFFFFFFFFFFFFFFFFFFFFFFFFFFFF71
:100F9000FFFFFFFFFFFFFFFFFFFFFFFFFFFFFFFF61
:100FA000FFFFFFFFFFFFFFFFFFFFFFFFFFFFFFFF51
:100FB000FFFFFFFFFFFFFFFFFFFFFFFFFFFFFFFF41
:100FC000FFFFFFFFFFFFFFFFFFFFFFFFFFFFFFFF31
:100FD000FFFFFFFFFFFFFFFFFFFFFFFFFFFFFFFF21
:100FE000FFFFFFFFFFFFFFFFFFFFFFFFFFFFFFFF11
:100FF000FFFFFFFFFFFFFFFFFFFFFFFFFFFFFFFF01
:10100000FFFFFFFFFFFFFFFFFFFFFFFFFFFFFFFFF0
:10101000FFFFFFFFFFFFFFFFFFFFFFFFFFFFFFFFE0
:10102000FFFFFFFFFFFFFFFFFFFFFFFFFFFFFFFFD0
:10103000FFFFFFFFFFFFFFFFFFFFFFFFFFFFFFFFC0
:10104000FFFFFFFFFFFFFFFFFFFFFFFFFFFFFFFFB0
:10105000FFFFFFFFFFFFFFFFFFFFFFFFFFFFFFFFA0
:10106000FFFFFFFFFFFFFFFFFFFFFFFFFFFFFFFF90
:10107000FFFFFFFFFFFFFFFFFFFFFFFFFFFF7436D4
:101080001171115111511151115111511151115130
:101090001151115111511151115111511151115140
:1010A0001151115111511151115111511151115130
:1010B0001151115111511151115111511151115120
:1010C00011512A11FFFFFFFFFFFFFFFFFFFFFFFF8F
:1010D000FFFFFFFFFFFFFFFFFFFFFFFFFFFFFFFF20
:1010E000FFFFFFFFFFFFFFFFFFFFFFFFFFFFFFFF10
:1010F000FFFFFFFFFFFFFFFFFFFFFFFFFFFFFFFF00
:10110000FFFFFFFFFFFFFFFFFFFFFFFFFFFFFFFFEF
:10111000FFFFFFFFFFFFFFFFFFFFFFFFFFFFFFFFDF
:10112000FFFFFFFFFFFFFFFFFFFFFFFFFFFFFFFFCF
:10113000FFFFFFFFFFFFFFFFFFFFFFFFFFFFFFFFBF
:10114000FFFFFFFFFFFFFFFFFFFFFFFFFFFFFFFFAF
:10115000FFFFFFFFFFFFFFFFFFFFFFFFFFFFFFFF9F
:10116000FFFFFFFFFFFFFFFFFFFFFFFFFFFFFFFF8F
:10117000FFFFFFFFFFFFFFFFFFFFFFFFFFFFFFFF7F
:10118000FFFFFFFFFFFFFFFFFFFFFFFFFFFFFFFF6F
:10119000FFFFFFFFFFFFFFFFFFFFFFFFFFFFFFFF5F
:1011A000FFFFFFFFFFFFFFFFFFFFFFFFFFFFFFFF4F
:1011B000FFFFFFFFFFFFFFFFFFFFFFFFFFFFFFFF3F
:1011C000FFFFFFFFFFFFFFFFFFFFFFFFFFFFFFFF2F
:1011D000FFFFFFFFFFFFFFFFFFFFFFFFFFFFFFFF1F
:1011E000FFFFFFFFFFFFFFFFFFFFFFFFFFFFFFFF0F
:1011F000FFFFFFFFFFFFFFFFFFFFFFFFFFFFFFFFFF
:10120000FFFFFFFFFFFFFFFFFFFFFFFFFFFFFFFFEE
:10121000FFFFFFFFFFFFFFFFFFFFFFFFFFFFFFFFDE
:10122000FFFFFFFFFFFFFFFFFFFFFFFFFFFFFFFFCE
:10123000FFFFFFFFFFFFFFFFFFFFFFFFFFFFFFFFBE
:10124000FFFFFFFFFFFFFFFFFFFFFFFFFFFFFFFFAE
:10125000FFFFFFFFFFFFFFFFFFFFFFFFFFFFFFFF9E
:10126000FFFFDF3E21B011511151115011511151A9
:10127000115111511151115111511151115111515E
:10128000115111511151115111511151115111514E
:101290001151115111701150115111511130849887
:1012A000FFFFFFFFFFFFFFFFFFFFFFFFFFFFFFFF4E
:1012B000FFFFFFFFFFFFFFFFFFFFFFFFFFFFFFFF3E
:1012C000FFFFFFFFFFFFFFFFFFFFFFFFFFFFFFFF2E
:1012D000FFFFFFFFFFFFFFFFFFFFFFFFFFFFFFFF1E
:1012E000FFFFFFFFFFFFFFFFFFFFFFFFFFFFFFFF0E
:1012F000FFFFFFFFFFFFFFFFFFFFFFFFFFFFFFFFFE
:10130000FFFFFFFFFFFFFFFFFFFFFFFFFFFFFFFFED
:10131000FFFFFFFFFFFFFFFFFFFFFFFFFFFFFFFFDD
:10132000FFFFFFFFFFFFFFFFFFFFFFFFFFFFFFFFCD
:10133000FFFFFFFFFFFFFFFFFFFFFFFFFFFFFFFFBD
:10134000FFFFFFFFFFFFFFFFFFFFFFFFFFFFFFFFAD
:10135000FFFFFFFFFFFFFFFFFFFFFFFFFFFFFFFF9D
:10136000FFFFFFFFFFFFFFFFFFFFFFFFFFFFFFFF8D
:10137000FFFFFFFFFFFFFFFFFFFFFFFFFFFFFFFF7D
:10138000FFFFFFFFFFFFFFFFFFFFFFFFFFFFFFFF6D
:10139000FFFFFFFFFFFFFFFFFFFFFFFFFFFFFFFF5D
:1013A000FFFFFFFFFFFFFFFFFFFFFFFFFFFFFFFF4D
:1013B000FFFFFFFFFFFFFFFFFFFFFFFFFFFFFFFF3D
:1013C000FFFFFFFFFFFFFFFFFFFFFFFFFFFFFFFF2D
:1013D000FFFFFFFFFFFFFFFFFFFFFFFFFFFFFFFF1D
:1013E000FFFFFFFFFFFFFFFFFFFFFFFFFFFFFFFF0D
:1013F000FFFFFFFFFFFFFFFFFFFFFFFFFFFFFFFFFD
:10140000FFFFFFFFFFFFFFFFFFFFFFFFFFFFFFFFEC
:10141000FFFFFFFFFFFFFFFFFFFFFFFFFFFFFFFFDC
:10142000FFFFFFFFFFFFFFFFFFFFFFFFFFFFFFFFCC
:10143000FFFFFFFFFFFFFFFFFFFFFFFFFFFFFFFFBC
:10144000FFFFFFFFFFFFFFFF8D19115111501151D9
:10145000115111511151115111511151115111517C
:10146000115111511151115111511151115111516C
:1014700011511151115111514AD3F7BFFFDFFFFF35
:10148000FFFFFFFFFFFFFFFFFFFFFFFFFFFFFFFF6C
:10149000FFFFFFFFFFFFFFFFFFFFFFFFFFFFFFFF5C
:1014A000FFFFFFFFFFFFFFFFFFFFFFFFFFFFFFFF4C
:1014B000FFFFFFFFFFFFFFFFFFFFFFFFFFFFFFFF3C
:1014C000FFFFFFFFFFFFFFFFFFFFFFFFFFFFFFFF2C
:1014D000FFFFFFFFFFFFFFFFFFFFFFFFFFFFFFFF1C
:1014E000FFFFFFFFFFFFFFFFFFFFFFFFFFFFFFFF0C
:1014F000FFFFFFFFFFFFFFFFFFFFFFFFFFFFFFFFFC
:10150000FFFFFFFFFFFFFFFFFFFFFFFFFFFFFFFFEB
:10151000FFFFFFFFFFFFFFFFFFFFFFFFFFFFFFFFDB
:10152000FFFFFFFFFFFFFFFFFFFFFFFFFFFFFFFFCB
:10153000FFFFFFFFFFFFFFFFFFFFFFFFFFFFFFFFBB
:10154000FFFFFFFFFFFFFFFFFFFFFFFFFFFFFFFFAB
:10155000FFFFFFFFFFFFFFFFFFFFFFFFFFFFFFFF9B
:10156000FFFFFFFFFFFFFFFFFFFFFFFFFFFFFFFF8B
:10157000FFFFFFFFFFFFFFFFFFFFFFFFFFFFFFFF7B
:10158000FFFFFFFFFFFFFFFFFFFFFFFFFFFFFFFF6B
:10159000FFFFFFFFFFFFFFFFFFFFFFFFFFFFFFFF5B
:1015A000FFFFFFFFFFFFFFFFFFFFFFFFFFFFFFFF4B
:1015B000FFFFFFFFFFFFFFFFFFFFFFFFFFFFFFFF3B
:1015C000FFFFFFFFFFFFFFFFFFFFFFFFFFFFFFFF2B
:1015D000FFFFFFFFFFFFFFFFFFFFFFFFFFFFFFFF1B
:1015E000FFFFFFFFFFFFFFFFFFFFFFFFFFFFFFFF0B
:1015F000FFFFFFFFFFFFFFFFFFFFFFFFFFFFFFFFFB
:10160000FFFFFFFFFFFFFFFFFFFFFFFFFFFFFFFFEA
:10161000FFFFFFFFFFFFFFFFFFFFFFFFFFFFFFFFDA
:10162000FFFFFFFFFFFFFFFFFFFFFFFFFFFFFFFFCA
:10163000CE9E3A511170115111501151115011514A
:10164000115011701171115111501150115021B0E0
:101650008CD8EF5FFFFFFFFFFFFFFFFFFFFFFFFFE4
:10166000FFFFFFFFFFFFFFFFFFFFFFFFFFFFFFFF8A
:10167000FFFFFFFFFFFFFFFFFFFFFFFFFFFFFFFF7A
:10168000FFFFFFFFFFFFFFFFFFFFFFFFFFFFFFFF6A
:10169000FFFFFFFFFFFFFFFFFFFFFFFFFFFFFFFF5A
:1016A000FFFFFFFFFFFFFFFFFFFFFFFFFFFFFFFF4A
:1016B000FFFFFFFFFFFFFFFFFFFFFFFFFFFFFFFF3A
:1016C000FFFFFFFFFFFFFFFFFFFFFFFFFFFFFFFF2A
:1016D000FFFFFFFFFFFFFFFFFFFFFFFFFFFFFFFF1A
:1016E000FFFFFFFFFFFFFFFFFFFFFFFFFFFFFFFF0A
:1016F000FFFFFFFFFFFFFFFFFFFFFFFFFFFFFFFFFA
:10170000FFFFFFFFFFFFFFFFFFFFFFFFFFFFFFFFE9
:10171000FFFFFFFFFFFFFFFFFFFFFFFFFFFFFFFFD9
:10172000FFFFFFFFFFFFFFFFFFFFFFFFFFFFFFFFC9
:10173000FFFFFFFFFFFFFFFFFFFFFFFFFFFFFFFFB9
:10174000FFFFFFFFFFFFFFFFFFFFFFFFFFFFFFFFA9
:10175000FFFFFFFFFFFFFFFFFFFFFFFFFFFFFFFF99
:10176000FFFFFFFFFFFFFFFFFFFFFFFFFFFFFFFF89
:10177000FFFFFFFFFFFFFFFFFFFFFFFFFFFFFFFF79
:10178000FFFFFFFFFFFFFFFFFFFFFFFFFFFFFFFF69
:10179000FFFFFFFFFFFFFFFFFFFFFFFFFFFFFFFF59
:1017A000FFFFFFFFFFFFFFFFFFFFFFFFFFFFFFFF49
:1017B000FFFFFFFFFFFFFFFFFFFFFFFFFFFFFFFF39
:1017C000FFFFFFFFFFFFFFFFFFFFFFFFFFFFFFFF29
:1017D000FFFFFFFFFFFFFFFFFFFFFFFFFFFFFFFF19
:1017E000FFFFFFFFFFFFFFFFFFFFFFFFFFFFFFFF09
:1017F000FFFFFFFFFFFFFFFFFFFFFFFFFFFFFFFFF9
:10180000FFFFFFFFFFFFFFFFFFFFFFFFFFFFFFFFE8
:10181000FFFFFFFFFFFFFFFFFFFFFFFFFFFFFFFFD8
:10182000FFFFFFFFFFFFFFFFFFFFFFFFFFFFFFFFC8
:10183000FFFFFFFFFFFFFFFFFFFFFFFFFFFFFFFFB8
:10184000FFFFFFFFFFFFFFFFFFFFFFFFFFFFFFFFA8
:10185000FFFFFFFFFFFFFFFFFFFFFFFFFFFFFFFF98
:10186000FFFFFFFFFFFFFFFFFFFFFFFFFFFFFFFF88
:10187000FFFFFFFFFFFFFFFFFFFFFFFFFFFFFFFF78
:10188000FFFFFFFFFFFFFFFFFFFFFFFFFFFFFFFF68
:10189000FFFFFFFFFFFFFFFFFFFFFFFFFFFFFFFF58
:1018A000FFFFFFFFFFFFFFFFFFFFFFFFFFFFFFFF48
:1018B000FFFFFFFFFFFFFFFFFFFFFFFFFFFFFFFF38
:1018C000FFFFFFFFFFFFFFFFFFFFFFFFFFFFFFFF28
:1018D000FFFFFFFFFFFFFFFFFFFFFFFFFFFFFFFF18
:1018E000FFFFFFFFFFFFFFFFFFFFFFFFFFFFFFFF08
:1018F000FFFFFFFFFFFFFFFFFFFFFFFFFFFFFFFFF8
:10190000FFFFFFFFFFFFFFFFFFFFFFFFFFFFFFFFE7
:10191000FFFFFFFFFFFFFFFFFFFFFFFFFFFFFFFFD7
:10192000FFFFFFFFFFFFFFFFFFFFFFFFFFFFFFFFC7
:10193000FFFFFFFFFFFFFFFFFFFFFFFFFFFFFFFFB7
:10194000FFFFFFFFFFFFFFFFFFFFFFFFFFFFFFFFA7
:10195000FFFFFFFFFFFFFFFFFFFFFFFFFFFFFFFF97
:10196000FFFFFFFFFFFFFFFFFFFFFFFFFFFFFFFF87
:10197000FFFFFFFFFFFFFFFFFFFFFFFFFFFFFFFF77
:10198000FFFFFFFFFFFFFFFFFFFFFFFFFFFFFFFF67
:10199000FFFFFFFFFFFFFFFFFFFFFFFFFFFFFFFF57
:1019A000FFFFFFFFFFFFFFFFFFFFFFFFFFFFFFFF47
:1019B000FFFFFFFFFFFFFFFFFFFFFFFFFFFFFFFF37
:1019C000FFFFFFFFFFFFFFFFFFFFFFFFFFFFFFFF27
:1019D000FFFFFFFFFFFFFFFFFFFFFFFFFFFFFFFF17
:1019E000FFFFFFFFFFFFFFFFFFFFFFFFFFFFFFFF07
:1019F000FFFFFFFFFFFFFFFFFFFFFFFFFFFFFFFFF7
:101A0000FFFFFFFFFFFFFFFFFFFFFFFFFFFFFFFFE6
:101A1000FFFFFFFFFFFFFFFFFFFFFFFFFFFFFFFFD6
:101A2000FFFFFFFFFFFFFFFFFFFFFFFFFFFFFFFFC6
:101A3000FFFFFFFFFFFFFFFFFFFFFFFFFFFFFFFFB6
:101A4000FFFFFFFFFFFFFFFFFFFFFFFFFFFFFFFFA6
:101A5000FFFFFFFFFFFFFFFFFFFFFFFFFFFFFFFF96
:101A6000FFFFFFFFFFFFFFFFFFFFFFFFFFFFFFFF86
:101A7000FFFFFFFFFFFFFFFFFFFFFFFFFFFFFFFF76
:101A8000FFFFFFFFFFFFFFFFFFFFFFFFFFFFFFFF66
:101A9000FFFFFFFFFFFFFFFFFFFFFFFFFFFFFFFF56
:101AA000FFFFFFFFFFFFFFFFFFFFFFFFFFFFFFFF46
:101AB000FFFFFFFFFFFFFFFFFFFFFFFFFFFFFFFF36
:101AC000FFFFFFFFFFFFFFFFFFFFFFFFFFFFFFFF26
:101AD000FFFFFFFFFFFFFFFFFFFFFFFFFFFFFFFF16
:101AE000FFFFFFFFFFFFFFFFFFFFFFFFFFFFFFFF06
:101AF000FFFFFFFFFFFFFFFFFFFFFFFFFFFFFFFFF6
:101B0000FFFFFFFFFFFFFFFFFFFFFFFFFFFFFFFFE5
:101B1000FFFFFFFFFFFFFFFFFFFFFFFFFFFFFFFFD5
:101B2000FFFFFFFFFFFFFFFFFFFFFFFFFFFFFFFFC5
:101B3000FFFFFFFFFFFFFFFFFFFFFFFFFFFFFFFFB5
:101B4000FFFFFFFFFFFFFFFFFFFFFFFFFFFFFFFFA5
:101B5000FFFFFFFFFFFFFFFFFFFFFFFFFFFFFFFF95
:101B6000FFFFFFFFFFFFFFFFFFFFFFFFFFFFFFFF85
:101B7000FFFFFFFFFFFFFFFFFFFFFFFFFFFFFFFF75
:101B8000FFFFFFFFFFFFFFFFFFFFFFFFFFFFFFFF65
:101B9000FFFFFFFFFFFFFFFFFFFFFFFFFFFFFFFF55
:101BA000FFFFFFFFFFFFFFFFFFFFFFFFFFFFFFFF45
:101BB000FFFFFFFFFFFFFFFFFFFFFFFFFFFFFFFF35
:101BC000FFFFFFFFFFFFFFFFFFFFFFFFFFFFFFFF25
:101BD000FFFFFFFFFFFFFFFFFFFFFFFFFFFFFFFF15
:101BE000FFFFFFFFFFFFFFFFFFFFFFFFFFFFFFFF05
:101BF000FFFFFFFFFFFFFFFFFFFFFFFFFFFFFFFFF5
:101C0000FFFFFFFFFFFFFFFFFFFFFFFFFFFFFFFFE4
:101C1000FFFFFFFFFFFFFFFFFFFFFFFFFFFFFFFFD4
:101C2000FFFFFFFFFFFFFFFFFFFFFFFFFFFFFFFFC4
:101C3000FFFFFFFFFFFFFFFFFFFFFFFFFFFFFFFFB4
:101C4000FFFFFFFFFFFFFFFFFFFFFFFFFFFFFFFFA4
:101C5000FFFFFFFFFFFFFFFFFFFFFFFFFFFFFFFF94
:101C6000FFFFFFFFFFFFFFFFFFFFFFFFFFFFFFFF84
:101C7000FFFFFFFFFFFFFFFFFFFFFFFFFFFFFFFF74
:101C8000FFFFFFFFFFFFFFFFFFFFFFFFFFFFFFFF64
:101C9000FFFFFFFFFFFFFFFFFFFFFFFFFFFFFFFF54
:101CA000FFFFFFFFFFFFFFFFFFFFFFFFFFFFFFFF44
:101CB000FFFFFFFFFFFFFFFFFFFFFFFFFFFFFFFF34
:101CC000FFFFFFFFFFFFFFFFFFFFFFFFFFFFFFFF24
:101CD000FFFFFFFFFFFFFFFFFFFFFFFFFFFFFFFF14
:101CE000FFFFFFFFFFFFFFFFFFFFFFFFFFFFFFFF04
:101CF000FFFFFFFFFFFFFFFFFFFFFFFFFFFFFFFFF4
:101D0000FFFFFFFFFFFFFFFFFFFFFFFFFFFFFFFFE3
:101D1000FFFFFFFFFFFFFFFFFFFFFFFFFFFFFFFFD3
:101D2000FFFFFFFFFFFFFFFFFFFFFFFFFFFFFFFFC3
:101D3000FFFFFFFFFFFFFFFFFFFFFFFFFFFFFFFFB3
:101D4000FFFFFFFFFFFFFFFFFFFFFFFFFFFFFFFFA3
:101D5000FFFFFFFFFFFFFFFFFFFFFFFFFFFFFFFF93
:101D6000FFFFFFFFFFFFFFFFFFFFFFFFFFFFFFFF83
:101D700030313233343536373839414243444546C1
:101D800040305800303132333435363738396162BB
:101D900063646566403078000400000800000000BD
:101DA0000000000200010000100000003F000000E1
:101DB000646563006964000072756E74696D650026
:101DC00068656C70000000006C69737400000000AE
:101DD00068657800766F6964204C43445F447261A3
:101DE0007752656374616E676C652875313620784B
:101DF000312C207531362079312C20753136207800
:101E0000322C20753136207932290000766F6964D2
:101E1000204C43445F447261774C696E652875318C
:101E2000362078312C207531362079312C207531CF
:101E3000362078322C207531362079322900000086
:101E4000766F6964204C43445F53686F77784E75B2
:101E50006D2875313620782C75313620792C753304
:101E600032206E756D2C7538206C656E2C7538209F
:101E700073697A652C7538206D6F646529000000E0
:101E8000766F6964204C43445F53686F774E756D7D
:101E90002875313620782C75313620792C753332FF
:101EA000206E756D2C7538206C656E2C753820731E
:101EB000697A652900000000766F6964207772698D
:101EC00074655F6164647228753332206164647282
:101ED0002C7533322076616C29000000766F6964BE
:101EE000204C43445F53686F77537472696E672860
:101EF00075313620782C75313620792C75313620A5
:101F000077696474682C7531362068656967687410
:101F10002C75382073697A652C7538202A70290051
:101F2000766F696420447261775F436972636C65A0
:101F3000287531362078302C7531362079302C7563
:101F40003820722900000000753332207265616408
:101F50005F616464722875333220616464722900A1
:101F6000766F6964204C43445F436C6561722875E9
:101F7000313620436F6C6F7229000000766F696400
:101F8000204C43445F46696C6C2875313620787369
:101F900074612C75313620797374612C753136205B
:101FA00078656E642C7531362079656E642C7531D8
:101FB0003620636F6C6F722900000000766F6964D1
:101FC0002064656C61795F6D7328753136206E6DA4
:101FD00073290000766F69642064656C61795F75B0
:101FE0007328753332206E7573290000766F69642B
:101FF00020446973706C61795F414C49454E54458A
:102000004B5F4C4F474F2875313620782C75313651
:1020100020792900342001080000002090010000F0
:10202000C4010008C420010890010020C80C000071
:1020300020020008110313093D1808FFFFAC1D0121
:1020400008C0041AC8041AB4041AD0041AB0041A36
:10205000B804135928100808481F0108A5371008AC
:1020600008B81E0108C9271B08BC101AE5081AD4B5
:10207000081359181B08600813D11A1B087C081A8A
:10208000B1101A0C281BA9192019401AE3081A20AC
:102090001813A71C1B08801813171D1B08DC081A2F
:1020A000B1081A40081379081B08EC2022341420C8
:1020B000FD2E1B08A17013352914085D2F23080D70
:0420C00002DC01003D
:040000050800018965
:00000001FF
