:020000040800F2
:10000000C80C002049020008F3480008C544000855
:10001000F1480008A9170008616800080000000006
:10002000000000000000000000000000635800080D
:10003000911A000800000000274A0008C562000865
:1000400063020008630200086302000863020008FC
:1000500063020008630200086302000863020008EC
:1000600063020008630200086302000863020008DC
:10007000D5170008E11700086302000863020008B2
:1000800063020008630200086302000863020008BC
:1000900063020008630200086302000863020008AC
:1000A000630200086302000863020008630200089C
:1000B000630200086302000863020008630200088C
:1000C000630200086302000863020008630200087C
:1000D000630200086302000863020008F567000875
:1000E000630200086302000863020008630200085C
:1000F000630200086302000863020008630200084C
:10010000630200086302000863020008630200083B
:10011000630200086302000863020008630200082B
:10012000630200086302000863020008630200081B
:10013000630200086302000863020008630200080B
:1001400063020008630200086302000863020008FB
:1001500063020008630200086302000863020008EB
:1001600063020008630200086302000863020008DB
:1001700063020008630200080000000000000000A5
:10018000630200086302000800F002F800F04CF877
:100190000AA090E8000C82448344AAF10107DA45E2
:1001A00001D100F041F8AFF2090EBAE80F0013F0E8
:1001B000010F18BFFB1A43F001031847B88B00006A
:1001C000D88B0000103A24BF78C878C1FAD85207FB
:1001D00024BF30C830C144BF04680C6070470000C1
:1001E0000023002400250026103A28BF78C1FBD840
:1001F000520728BF30C148BF0B607047662908F01E
:10020000EA83752900F0DA80002070471FB508F0F6
:10021000D8FB00F057FD04000020002107F014FD7A
:10022000E0601FBD10B510BD00F054FE1146FFF791
:10023000EDFF07F0B3FB00F072FE03B4FFF7F2FF2F
:1002400003BC07F060FB00000948804709480047ED
:10025000FEE7FEE7FEE7FEE7FEE7FEE7FEE7FEE776
:10026000FEE7FEE704480549054A064B70470000D3
:100270003963000889010008C8060020C80C002066
:10028000C8080020C8080020704753EA020C00F09C
:1002900069802DE9F04B4FF00006002B1FBFB3FA29
:1002A00083F503FA05F424FA05F65E4012BF1643FF
:1002B000B2FA82F502FA05F4C5F120051EBF22FA52
:1002C00005FC44EA0C04203556EA044C4FEA144479
:1002D00018BF641C4FF000084FF00009904271EB0A
:1002E000030C39D3002919BFB1FA81F701FA07F6D7
:1002F000B0FA80F700FA07F6C7F120071EBF20FA10
:1003000007FC46EA0C062037B6FBF4FCA7EB050712
:10031000103F07F01F0BCBF120060CFA0BFB2CFA59
:1003200006F644BFB3460026202FA4BF5E464FF01A
:10033000000B5BEA060C08BF4FF0010B19EB0B0931
:10034000ABFB027C48EB0608C01B06FB02CC0BFB98
:1003500003CC71EB0C01C1E70B460246414648460F
:10036000BDE8F08B13B54FF000004FF00001AFF384
:100370000080BDE81C4070470FB4044910B503AAC3
:10038000029800F05BFC10BC5DF814FB60000020DC
:100390000FB41CB5084B06AA7B446946009005982B
:1003A00000F033FC04460020694600F041FC204682
:1003B0001CBC5DF814FB0000950800002DE9F0411D
:1003C0000646002410687529314616A510D0AFF3F3
:1003D0000080002802DA404213A507E031688A074E
:1003E00001D512A502E0490704D511A5012401E0B9
:1003F000AFF3008000210A2206F1240709E0B0FBD8
:10040000F2FCB0FBF2F302FB1C00303078541846CB
:10041000491C0028F3D123462A463046BDE8F04166
:1004200000F082B9000000002D0000002B00000049
:10043000200000002DE9F05F894604464FF0000AD5
:10044000DFF874B1FB44C0F820A02046E16888477B
:10045000002874D0252806D0D4E901219047206ACD
:10046000401C2062F1E700265F462046E16888478D
:100470002028054607DB312D05D2781910F8200C0D
:1004800008B10643F1E7B00701D526F00406C4F829
:100490001CA00027C4F818A02A2D09D0284607F070
:1004A0002BFA38B304EB8708303DC8F8185019E030
:1004B00059F8041B204604EB87029161E1688847E4
:1004C000012F054618D1E069002820DA26F0200621
:1004D0001DE0D8F8180000EB800005EB4000303834
:1004E000C8F818002046E1688847054607F004FA76
:1004F0000028EED1012F0AD02E2D08D12046E16828
:1005000088477F1C0546022F46F02006C4DBA06901
:10051000002803DA404246F00106A061F00701D04E
:1005200026F010066C2D0BD0682D09D04C2D39D03B
:100530006A2D35D0742D35D07A2D33D016E038E0C1
:10054000E1682F4620468847B842054609D16C2FFE
:1005500026D04FF48060E168064320468847054670
:1005600004E06C2F1AD04FF4807006430DB3A5F150
:100570004100192802D8203546F400664A4629462B
:10058000204626604E46FFF739FE80B101280BD089
:10059000F61D26F0070000F1080956E74020E4E7C1
:1005A0008020D8E70020D6E706F104094DE7284669
:1005B00052E7206A00F002B8F487000030BCBDE8C2
:1005C000C09F40EA010310B59B070FD1042A0DD349
:1005D00010C808C9121F9C42F8D020BA19BA884224
:1005E00001D9012010BD4FF0FF3010BD1AB1D30763
:1005F00003D0521C07E0002010BD10F8013B11F899
:10060000014B1B1B07D110F8013B11F8014B1B1BC1
:1006100001D1921EF1D1184610BD421E12F8013FC1
:10062000002BFBD111F8013B002B02F8013BF9D163
:100630007047032A40F2308010F0030C00F0158060
:1006400011F8013BBCF1020F624498BF11F801CBD5
:1006500000F8013B38BF11F8013BA2F1040298BF3A
:1006600000F801CB38BF00F8013B11F0030300F0A4
:10067000F782083AC0F0088051F8043B083A51F874
:1006800004CBA0E80810F5E7121D5CBF51F8043B4D
:1006900040F8043BAFF30080D20724BF11F8013BC0
:1006A00011F801CB48BF11F8012B24BF00F8013B22
:1006B00000F801CB48BF00F8012B70474FF0000253
:1006C00000B5134694469646203922BFA0E80C5048
:1006D000A0E80C50B1F12001BFF4F7AF090728BF23
:1006E000A0E80C5048BF0CC05DF804EB890028BF9F
:1006F00040F8042B08BF704748BF20F8022B11F0C8
:10070000804F18BF00F8012B704770477047704743
:10071000704710B500F0DAFA006810BD10B5044655
:1007200000F0D4FA046010BD2DE9F0470D4699465B
:100730009246044600F124080168880604D5E06961
:1007400021F01001216000E00120A84201DD471BDB
:1007500000E00027A1697A1902EB0900081AA061DC
:100760002078C00602D42046AFF30080002608E0BF
:10077000D4E901211AF806009047206A401C761C33
:1007800020624E45F4DB2078C0060AD52046AFF340
:10079000008006E0D4E9012130209047206A401C07
:1007A0002062381EA7F10107F4DC07E0D4E901213B
:1007B00018F805009047206A401C2062281EA5F109
:1007C0000105F3DC2046AFF300802078000602D557
:1007D0000220BDE8F0870120FBE770472DE9FF4FBD
:1007E0000C461E464FF0FF378BB0D2E90001DDF812
:1007F00060800A908A46C1F30A5505B93D4600213A
:1008000008464FF00000BAF1000F00F4400005DA8E
:1008100000EB80004FF4400101EA50004FEA90598C
:10082000B9F1010F00DDB9460A9850EA4A000ED02E
:1008300044F61050A5F2FF3545432F14B8F1000FD0
:100840001ED07542291E1EDDC9F100021CE0B8F160
:10085000010F4FF0000001D0302103E0F24305E02A
:100860002154401CB042FBDB3046002200212154C1
:100870000B99C1F80880C1E900200FB000F0BCB9A5
:10088000BD1B6D1CDEE74A4600DA694206A800F08F
:10089000A7FA06AB93E8070003AB83E807005046CE
:1008A0000A9900F085FB8DE80700A0F500501F387D
:1008B00000900398002D0ADD42F21F014A460844C9
:1008C000002303A90390684600F0EEFD09E0A0F5BF
:1008D00000504A461F38002303A90390684600F0E1
:1008E000F8FD8DE807000004000C03D04FF0FF3046
:1008F000410800E01046B8F1000F03D0002200923A
:1009000015461EE0751E05D400F0E4F9303262553C
:100910006D1EF9D5B3460122084302D000227F1C88
:1009200004E02078302801D100227F1E002A099798
:1009300084D01DE0112D07DA00F0CCF93032625579
:100940006D1C50EA0102F5D1084302D00098C8B1ED
:100950000EE00021681E05E0235C625C63542254B3
:10096000401E491C8142F7DBAB46A81B401E099084
:10097000002004F80B000B98099AC0F80880C0E921
:10098000002B7AE711264FF0000857E72DE9F04FCA
:1009900088460446D21D22F0070191B0D1E900013A
:1009A000CDE90A0105F05DFF02460B98C00F01D0AA
:1009B0002D2007E02068810701D52B2002E02021AF
:1009C00001EAC000032A099001D0072A05DB03468B
:1009D0004146204600F0C4F90BE12078800601D59D
:1009E000E06900E00620B8F1650F814606D0B8F155
:1009F000660F18D0B8F1670F70D131E00020B9F15F
:100A0000110F009001DB112301E009F101030AAA93
:100A100001A90CA8FFF7E2FEDDE90C70002609F140
:100A20000105834647E001204B4600904FF0004708
:100A30000AAA01A90CA8FFF7D1FEDDE90DB00C99B7
:100A40005D46002610B909F101000D18B9EB05004B
:100A500003D4C0F1FF3609F10105A5EB09002BE035
:100A6000B9F1010F01DA4FF001090020B9F1110FBE
:100A70000090484601DD112300E003460AAA01A9BF
:100A80000CA8FFF7ABFEDDE90C704D46002683464F
:100A9000207800070AD4AB4500DA5D4601A8012D95
:100AA00004DD411911F8011C302907D04F4502DA45
:100AB00017F1040F04DA012082460FE06D1EEEE705
:100AC000002F02DCED1B3E4403E0781CA84200DD51
:100AD0007D1CB81B00F1010A4FF000472078000789
:100AE00003D4AA4501DB4FF0FF3A0021B7F1004FD4
:100AF0000DF143088DF8431024D002202B23002F42
:100B000001DA7F422D230A21021EA0F1010000DC40
:100B10005FB197FBF1FC97FBF1F201FB1C7C1746E0
:100B20000CF1300C08F801CDEEE7A8F101000370DC
:100B30002188090501D5452100E06521A0F10108C2
:100B400000F8011C09980FA9A1EB0807FF1D00B1CF
:100B50000120411901EBEA70A1693844081A401ECE
:100B6000A0612078C00602D42046AFF30080099827
:100B700028B1D4E901219047206A401C20622078E6
:100B8000C00622D52046AFF300801EE0002E04DB15
:100B9000B34502DD01A8805D00E03020D4E90121E9
:100BA0009047206A401C2062761CAAF101005FEA8F
:100BB000000A0AD100F086F8C0680168405CD4E9F8
:100BC00001219047206A401C2062281EA5F10105E2
:100BD000DCDC07E0D4E9012118F8010B9047206A1A
:100BE000401C2062381EA7F10107F3DC2046AFF35A
:100BF0000080032011B041E630BCBDE8C08F00008A
:100C000001694A1C02610878704700B58FB0CDE9D0
:100C100001310021059105497944CDE903101146C0
:100C20006846FFF707FC0FB000BD0000E5FFFFFFBF
:100C30000A6802F8010B0A6070470000074B70B5A4
:100C40000D467B44FFF7E1FF0446284600F03AF9E1
:100C500010B14FF0FF3070BD204670BD3F6D0000F9
:100C600010B5203AC0F00B80B1E81850203AA0E847
:100C70001850B1E81850A0E81850BFF4F5AF5FEA7B
:100C8000027C24BFB1E81850A0E8185044BF18C92E
:100C900018C0BDE810405FEA827C24BF51F8043BD5
:100CA00040F8043B08BF7047D20728BF31F8023B29
:100CB00048BF11F8012B28BF20F8023B48BF00F8BD
:100CC000012B704700487047880600200048704795
:100CD0006806002030B5B0F10A024FEA900E71F1BB
:100CE00000034EEA817EB0EB0E0061EB91014FEA0A
:100CF000101E4EEA017E10EB0E0041EB11114FEA7F
:100D0000102E4EEA016E10EB0E0041EB11214FEA5E
:100D1000104E4EEA014E10EB0E0041EB114140180F
:100D200041F100014FEAD00040EA41704FEAD101A1
:100D300010EB80054FEA810444EA907444EB01040F
:100D40006D1944EB0404521BA3414FF0000348BF4C
:100D50000A3200D530BD401C41F1000130BD000019
:100D60002DE9F0411F46044603260168072A01F4D5
:100D7000006004DB08B116A505E016A503E008B184
:100D800015A500E015A521F010002060A069C01E87
:100D9000A0610FB1401EA0612046AFF300804FB1AB
:100DA000D4E9012138469047206A401C2062C01CCB
:100DB000206206E0206AFAE7D4E9012115F8010B68
:100DC0009047761EF8D22046AFF30080BDE8F08150
:100DD0004E414E006E616E00494E4600696E6600DF
:100DE0002DE9F047814616468AB0354878440DC84B
:100DF0008DE80D0032487844801C03AC0DC884E8AF
:100E00000D0041F69B300844372190FBF1F290FB36
:100E1000F1F5A5F1800501FB12041B3C02D56442EB
:100E2000012000E00020DFF898A080460027FA4467
:100E3000AAF1BE0A0EE0E0070AD03246684607EB88
:100E4000470101230AEB810100F043FB8DE8070015
:100E500064107F1C002CEED1194F7F44AE3F19E087
:100E6000E80715D007EB04100DF1180A90E80E0002
:100E70008AE80E00C068F04201D198190890324605
:100E8000012306A903A800F024FB03AB83E80700B5
:100E90006D10641C002DE3D14FF00103324669460A
:100EA000B8F1000F03A802D000F0FEFA01E000F054
:100EB00010FBC9E90001C9F808200AB0BDE8F087B5
:100EC0006C7F0000007B00F0800070470048704796
:100ED000680600207546FFF7F9FFAE460500694633
:100EE000534620F00700854618B020B5FFF7BAF941
:100EF000BDE820404FF000064FF000074FF000081B
:100F00004FF0000B21F00701AC46ACE8C009ACE89B
:100F1000C009ACE8C009ACE8C0098D46704710B5FF
:100F20000446AFF300802046BDE81040FFF785B9C6
:100F30004FF0013C50F8042B51F8043B9A4221D168
:100F4000A2EB0C03934313EACC1317D150F8042BF4
:100F500051F8043B9A4215D1A2EB0C03934313EAD8
:100F6000CC130BD150F8042B51F8043B9A4209D111
:100F7000A2EB0C03934313EACC13DBD04FF0000039
:100F8000704700BFD01A01BAB1FA81F101F018011F
:100F900022FA01F0CB40C1F12001DBB2C0B2C01A8D
:100FA0002CFA01F3D11A914311EAC311E6D170472B
:100FB0005FEA400C08BF91F0000F4FEA8C234FEA24
:100FC000C12243EA51514FEA1C5018BF00F5F040CE
:100FD0004FEA300018BF41F000415FEA6C5C00F05E
:100FE0002980BCF1FF3F08BF40F080407047130CE0
:100FF00006BF12044FF0100C4FF0000C130E04BF8C
:1010000012020CF1080C130F04BF12010CF1040CB6
:10101000930F04BF92000CF1020CD30F04BF5200D7
:101020000CF1010C11464FF00002A0F11F00A0EBE3
:101030000C00704711F0004F08BF704731F00041BD
:101040003FF4D5AF0B0C06BF09044FF0100C4FF066
:10105000000C0B0E04BF09020CF1080C0B0F04BFAF
:1010600009010CF1040C8B0F04BF89000CF1020C78
:10107000CB0F04BF49000CF1010CCCF12003A0EB15
:101080000C0022FA03F302FA0CF241EA030100F128
:101090000100704720F07F4C80EA030023F07F4777
:1010A000ACEB070303F57C5300F0004003F1FF03B2
:1010B0002DE980494FEA154B09B44FEA144325EA5C
:1010C0000B4E24EA03480FF2042606EB13274908C7
:1010D0003E785FEA320203FB0667C7F5000707FBAD
:1010E00006F64FEA54374FEAD64606F1020607FBEA
:1010F000066CCCF1005C4FEA1C472CEA074C07FB5E
:1011000006F40CFB06F504EB15464FEA961634BFC1
:1011100000204FF000404FEAD13706FB07FC4FEAB2
:101120001C4C0CFB0BF7D21B03FB0CF761EB07010C
:101130000CFB0EF7B0EB074072EB17420CFB08F705
:1011400034BFA2EB0742B2EB074261EB17414FEA13
:101150000C444FEA910706FB07FC4FEA1C4C0CFBC2
:101160000BF7B0EBC74072EB573203FB0CF734BF01
:10117000A2EBC742B2EBC74261EB57310CFB0EF753
:10118000B0EBC70072EB57720CFB08F734BFA2EB51
:10119000C702B2EBC70261EB5771039F4FEA81614F
:1011A00041EA921104EBCC044FEAD1374FEA826254
:1011B00006FB07FC42EA90124FEA80604FEA1C4CA3
:1011C0000CFB0BF7D21B03FB0CF761EB07010CFBCD
:1011D0000EF7B0EB074072EB17420CFB08F734BF79
:1011E000A2EB0742B2EB074261EB17414FEA8C5585
:1011F0004FEA910704EB9C2406FB07FC4FEA1C4CCA
:101200000CFB0BF7B0EBC74072EB573203FB0CF74C
:1012100034BFA2EBC742B2EBC74261EB57310CFBC4
:101220000EF7B0EBC70072EB57720CFB08F734BF38
:10123000A2EBC702B2EBC70261EB577115EB4C256D
:101240004FEA816141EA92114FEA82624FEAD13757
:1012500042EA901206FB07FC44F100044FEA80606A
:101260004FEA1C4C0CFB0BF7D21B03FB0CF761EB9A
:1012700007010CFB0EF7B0EB074072EB17420CFBBB
:1012800008F734BFA2EB0742B2EB074261EB17410C
:1012900015EB1C154FEA813141EA92414FEA823247
:1012A00042EA90424FEA80304FEA0C7644F1000463
:1012B00048EA03434EEA0B484FF0000EB2EB080C2D
:1012C00071EB030724BF624639464EEB0E0E4FF01A
:1012D000000B0018524149414BEB0B0BB2EB080CD1
:1012E00071EB03077BF1000B24BF624639464EEBDE
:1012F0000E0E4FF0000B0018524149414BEB0B0B07
:10130000B2EB080C71EB03077BF1000B24BF6246C4
:1013100039464EEB0E0E51EA020718BF46F00106A1
:1013200016EB0E7655F1000254F1000103D5BDE82D
:101330008901BDE80088BDE88901BDE80048B6190B
:10134000524141EB0101A3F10103704780807F7E90
:101350007D7C7B7A7978777676757473727171702B
:101360006F6E6E6D6C6C6B6A6A69686867666665DD
:101370006464636362616160605F5F5E5E5D5D5C6B
:101380005C5B5B5A5A5959585857575656555555DC
:101390005454535352525251515050504F4F4F4E3C
:1013A0004E4D4D4D4C4C4C4B4B4B4A4A4A4949498A
:1013B00048484847474747464646454545444444CC
:1013C000444343434342424242414141002B9C46F5
:1013D00030D477002BD01CB54FEA370703B44FF059
:1013E00010004FF01001BAF1000F06D0BCF1000F51
:1013F000DCBF40F0080040F008014FF000000FBCD7
:10140000BDE810400BF1010BBBF1010F08BF5FEA13
:10141000170722BF12F1010211F101014FF0004143
:1014200043F1000300F0004043EA00007047F9D3A5
:101430005708D0E746EA064613F1400F4FEA164632
:101440001FDD13F1200FDFBF16430A4600212033B2
:101450005B42BED0C3F1200746EA064602FA07F710
:101460004FEA164646EA0706C3F1200722FA03F2BE
:1014700001FA07F721FA03F14FF0000342EA0702ED
:10148000A7E746EA020646EA06464FEA164646EA55
:101490000106BCBF46EA0646360C4FF000034FF08B
:1014A00000024FF0000194E72DE9804C9A469346E4
:1014B00070B491E8380007C831EA400C48BF34EAFC
:1014C000430C03D5FFF7E6FDFFF780FFF0BCBDE856
:1014D000008C2DE9804C9A46934670B491E8380010
:1014E00007C810F0804F08BF13F0804F03D100F001
:1014F00005F8FFF76BFFF0BCBDE8008C20F07F47DC
:1015000080EA030023F07F4C07EB0C03A3F57C5328
:1015100000F00040A3F1FE0392F0000F00F0B38052
:1015200095F0000F00F077802DE901494FEA114056
:101530004FEA144621EA004800FB06FC24EA06476D
:1015400008FB06F607FB08F800FB07F718EB064850
:101550004CEB164C4FEA124B18EB07484FEA154676
:101560004CEB174022EA0B4E0BFB06FC25EA064724
:101570000EFB06F607FB0EFE0BFB07F71EEB064EF7
:101580004CEB164C4FF000061EEB074E4CEB174B86
:1015900018EB0B0840F1000018EB0E0B58EB00089D
:1015A00040F100008F1A4FF000013CBFC943661B99
:1015B00014BFB5EB040C00213CBFC943F61B4FEA36
:1015C00017444EEA8E0E27EA04454FEA1C4704FBF7
:1015D00007622CEA074C05FB07F70CFB05F604FB3A
:1015E0000CFC16EB074642EB174216EB0C4642EB9F
:1015F0001C421BEB060658EB0202414146EA9E06DE
:1016000001D5BDE80189B619524141EB0101A3F1B1
:101610000103BDE801894FEA14454FEA114724EA66
:10162000054621EA074C05FB07F406FB07F70CFB10
:1016300006F105FB0CFC11EB074144EB17444FEAA4
:10164000124711EB0C4144EB1C4422EA074C05FB0A
:1016500007F206FB07F70CFB06F605FB0CFC16EB86
:10166000074642EB174216EB0C4642EB1C456A1844
:1016700054F1000148BF7047B619524141EB0101D6
:10168000A3F10103704795F0000F37D04FEA1142E4
:101690004FEA144721EA024624EA074C02FB07F10D
:1016A00006FB07F70CFB06F402FB0CFC14EB0744EB
:1016B00041EB17414FEA154714EB0C4441EB1C4139
:1016C00025EA074C02FB07F506FB07F70CFB06F6BD
:1016D00002FB0CFC16EB074645EB174516EB0C46D8
:1016E00045EB1C42121951F1000148BF7047B61971
:1016F000524141EB0101A3F1010370474FEA144548
:101700004FEA114724EA054621EA074C05FB07F199
:1017100006FB07F70CFB06F24FF0000605FB0CFC7E
:1017200012EB074241EB174112EB0C4251EB1C410B
:1017300048BF7047921841EB0101A3F101037047C4
:1017400070B50446006803F00DF848BB2068816856
:10175000144A114215D18168D6433140491C816039
:1017600001F0B6FA054616E002F0FCFF20B9206849
:1017700081683140491C816001F0AAFA401B0228AF
:1017800009D9606D40F010006065A06D40F0010067
:10179000A065012070BD20680168C943C907E3D175
:1017A000002070BD3F000080FEE7F0B500238025DB
:1017B0004FF6FF7405EA102601F08007BE4204EAE6
:1017C000400000D0504049065B1C090EDBB2082BDC
:1017D000F0D3F0BD014801F02BB8000074040020E4
:1017E000014801F025B80000BC04002006484FF471
:1017F000806101600121416081600221C160014678
:10180000024801F071B900000405002000040048FE
:1018100010B52DED028B00F0D5F800F051F8CC207A
:1018200000F002F9442000F0FFF8502006F084F8A0
:1018300000F0C8F800F044F8CC2000F0F5F8BE2025
:1018400000F0F2F800F078F8044600F075F80002B5
:1018500001B29FED0A8B51EA040001D5C043401C40
:1018600006F087FC53EC182B06F0EAFC06F00EFAA3
:10187000BDEC028B00EE100A10BD0000000000005D
:101880000000B03F10B5FFF7B1FF00F09BF8BDE8D6
:10189000104000F015B800000249002048600248DE
:1018A00001F022B90405002000040048024901208B
:1018B0004860024801F018B90405002000040048FF
:1018C00070B50024FFF7E8FF4FF48065124E04E086
:1018D000641CE4B2012006F02FF82946304600F0DF
:1018E00041F910B1642CF3D30FE0642C0DD2002425
:1018F00004E0641CE4B2012006F01EF829463046DC
:1019000000F030F918B1F02C04D3012070BDF02C98
:10191000EFD3FAE7002070BD0004004870B505461B
:10192000332000F081F8002400F006F82855641CEC
:10193000E4B2082CF8D370BD2DE9F04100263446FE
:101940004FF48067DFF84880FFF7B0FF0022394688
:101950004546404601F0B6F90A2005F0EDFFFFF7D5
:101960009BFF3946284600F0FDF801280DD00025E0
:101970002D2005F0E1FFA5403543641CE4B2EEB232
:10198000082CE1D33046BDE8F0810125F0E70000E6
:101990000004004870B500F015F8FFF791FFCC2067
:1019A00000F042F8BE2000F03FF80024044DFFF79D
:1019B000C3FF2855641CE4B2082CF8D3004870BD5E
:1019C0006400002070B5FFF771FF0B4D4FF4806489
:1019D00000222146284601F075F940F2EE2005F07C
:1019E000ABFF01222146284601F06CF9BDE87040AA
:1019F0000F2005F0A1BF00000004004810B5FFF75C
:101A0000E1FFFFF75DFFCC2000F00EF84E2000F064
:101A10000BF8782000F008F8002000F005F8BDE889
:101A200010401F20AFF300802DE9F0410546FFF77D
:101A30003DFF164E00244FF4806715F0010F4FEA6A
:101A400055054FF00002394630460BD001F03AF907
:101A5000082005F071FF01223946304601F032F9C5
:101A60003A200AE001F02EF9462005F065FF012238
:101A70003946304601F026F9022005F05DFF641C6E
:101A8000E4B2082CD9D3BDE8F0810000000400487E
:101A900070470000F0B5304887B0C16C41F00101DB
:101AA000C164C16C01F001010591C16C41F00201FA
:101AB000C164C16C01F002010591C16C41F00401E7
:101AC000C164C16C01F004010591C16C41F00801D1
:101AD000C164C16C01F008010591C16C41F0800145
:101AE000C164C06C012500F08000059049F6F870D3
:101AF00000900024CDE9015469464FF090400394D2
:101B000000F0F2FF03260096144FCDE90145694627
:101B10003846039400F0E8FF40F6FC700090CDE9F1
:101B2000015469463846039400F0DEFF2803CDE9EE
:101B30000005CDE902466946384600F0D5FF43F678
:101B4000FF700090CDE9015469460548039400F008
:101B5000CBFF07B0F0BD00000010024000040048B9
:101B6000000800480246002012690A4200D0012005
:101B70007047000070B52DED0C8B0A21764800F0FF
:101B80004BF9764C0A212081754800F045F96081B7
:101B90000A21744800F040F9A0810646208906F029
:101BA000FFFA9FED718B53EC182B06F05DF99FED5A
:101BB000709B53EC192B06F043FB9FED6FCB53EC5E
:101BC0001C2B06F0A3FD06F061F806F089FE9FEDE0
:101BD0006CDB53EC1D2B06F033FB9FED6BAB53EC32
:101BE0001A2B06F02DFB9FED6ABB53EC1B2B06F066
:101BF0007FF806F04BF82061608906F0D1FA53ECCB
:101C0000182B06F031F953EC192B06F019FB53ECA5
:101C10001C2B06F07BFD06F039F806F061FE53EC54
:101C20001D2B06F00DFB53EC1A2B06F009FB53ECB1
:101C30001B2B06F05DF806F029F80546606130467A
:101C400006F0AEFA53EC182B06F00EF953EC192BF4
:101C500006F0F6FA53EC1A2B06F0F2FA9FED4E1B43
:101C600053EC112B06F044F806F010F8A06128465A
:101C700006F036FE41EC100B49A053EC102BFEF79A
:101C80007BFBA06906F02CFE9FED491B53EC112B4A
:101C900006F0D6FA05F0FAFF4749A0610020C861B6
:101CA000086248628862C862086348638863C863E0
:101CB000414880214C30FEF701FD206906F010FEFE
:101CC00041EC100B3C4853EC102B3CA11C30FEF7B0
:101CD0005FFB606906F004FE41EC100B364853ECE4
:101CE000102B36A12830FEF753FBA06906F0F8FD53
:101CF00041EC100B304853EC102B30A13430FEF780
:101D000047FB2D482FA14C30FEF787FC2A491C3198
:101D100001F13000FEF781FC27482BA14C30FEF783
:101D20007CFC2549283101F12400FEF776FC22488D
:101D300025A14C30FEF771FC1F49343101F1180028
:101D4000FEF76BFC00F042B81FA1BDE870401A48D6
:101D50004C30FEF762BC00002000F01400000020B0
:101D6000400020198000501D0000000000FEAF4020
:101D70005839B4C876BE0A40CDCCCCCCCCCCFA3FD6
:101D800014AE47E17A14E03F333333333333244026
:101D9000000000000000D03F9A9999999999A93FB5
:101DA000414443203D20252E33660D0A00000000EB
:101DB0009A9999999999F13FA0010020252E3366AF
:101DC00000000000313A00002C000000BDEC088B40
:101DD000BDEC04CBFFF7B8BF00B587B069460090F3
:101DE0000620019002907F200390042004900020A0
:101DF0000590084800F088F8064800F00DFC0A211C
:101E0000044800F08DFB034800F079FA07B080B277
:101E100000BD0000AC0300202DE9F04100250E4676
:101E200007462C4608E03846FFF7D6FF0544012058
:101E300005F074FD641CE4B2B442F4D3B5FBF6F0D3
:101E400080B2BDE8F081000010B502F0D1FC11486D
:101E50001149002280ED080A0A644A6410EE100A53
:101E60008A6406F03DFD41EC100B0B4853EC102B3F
:101E70000AA14030FEF78CFA0749403101F10C000D
:101E8000FEF7CBFB0448BDE8104006A14C30FEF73E
:101E9000C4BB000000000020A0010020252E3066F9
:101EA000000000002C00000010B5FFF7B1FC114845
:101EB0001149002280ED070A0A644A6410EE100AF4
:101EC0008A6406F00DFD41EC100B0B4853EC102B0F
:101ED0000AA14030FEF75CFA0749403101F10C00DD
:101EE000FEF79BFB0448BDE8104006A14C30FEF70E
:101EF00094BB000000000020A0010020252E3066C9
:101F0000000000000D0A00002DE9F84F00270446EC
:101F1000009790F85000DFF8B0930D46B8460128BE
:101F200010D0012684F85060206802F01FFC58B1E0
:101F3000606D40F020006065012784F850803846CD
:101F400000F0DAB90220FBE768680C23052812D8F4
:101F5000022807D0032807D0042807D0052807D077
:101F6000062007E06B6006E0122003E0182001E085
:101F70004FF480706860D5E9002103EA911320686E
:101F800001F01F0118444FF01F0C0CFA01FC036B09
:101F9000C2F3846223EA0C038A401343036320687C
:101FA00002F0E4FB8246206802F0D8FB5AEA000106
:101FB0001DD1AA682968206802F0E4FB20686A69DC
:101FC000C168C1F3C10149008A40296904290FD0C1
:101FD00000EB81002B68DFF8F4C2016E03F0F843D8
:101FE00001EA0C011343194341F00041016672E01C
:101FF000002102F0ADFB400320684FF0000171D0DA
:1020000002F0A6FB90FAA0F0B0FA80F12868420333
:102010006DD090FAA0F0B0FA80F0814204D1002295
:102020001146206802F0BDFB0121206802F090FB00
:10203000400320684FF001015CD002F089FB90FA68
:10204000A0F0B0FA80F12868420358D090FAA0F0CE
:10205000B0FA80F0814204D100220121206802F010
:10206000A0FB0221206802F073FB400320684FF0C0
:10207000020147D002F06CFB90FAA0F0B0FA80F1B8
:102080002868420343D090FAA0F0B0FA80F0814271
:1020900004D100220221206802F083FB0321206882
:1020A00002F056FB400320684FF0030132D002F0EB
:1020B0004FFB90FAA0F0B0FA80F1286842032ED0CE
:1020C00090FAA0F0B0FA80F0814204D100220321FE
:1020D000206802F066FB206802F044FB10B3AAE01F
:1020E00000E004E002F034FBC0F384618EE7C0F34B
:1020F000846092E702F02CFBC0F38461A3E7C0F395
:102100008460A7E702F024FBC0F38461B8E7C0F362
:102110008460BCE702F01CFBC0F38461CDE7C0F330
:102120008460D1E721682A7B286851F8B03FC0F36A
:10213000120C23EA0C0302F0180C654A22FA0CF286
:10214000024013430B60E968494574D12868410394
:102150001AD090FAA0F1B1FA81F1491C01F01F01E7
:1021600009294FEA403130D8002910D090FAA0F167
:10217000B1FA81F101F1010101F01F0106FA01F646
:1021800008D1C0F3846109E0C0F38461E5E7C0F3DE
:102190008461EFE790FAA0F1B1FA81F101F1010158
:1021A00001F01F0146EA816102D1C0F3846003E0BF
:1021B00090FAA0F0B0FA80F000F1010000F01F00EA
:1021C00000EB400041EA005131E000290DD090FAC7
:1021D000A0F1B1FA81F101F1010101F01F0106FA4C
:1021E00001F605D1C0F3846106E0C0F38461F2E733
:1021F00090FAA0F1B1FA81F101F1010101F01F01A2
:1022000046EA816102D1C0F3846003E090FAA0F055
:10221000B0FA80F000F1010000F01F002D4A00EB41
:10222000400002EB005041EA000141F00071AA6851
:10223000206802F0A7FA2848296801423FF47DAEE1
:10224000264A9068264E274B274D00F0E070B14299
:102250001CD106021AD42168994202D0A9427FF407
:102260006CAE916840F4000021F0E0710143916090
:102270001E481F490068B0FBF1F000EB40008000F1
:1022800000E0401E00900028FBD156E6194EB142F6
:1022900009D1C60107D42168994201D0A942F4D1DD
:1022A00040F080700AE06FF00045E942EDD1410254
:1022B000EBD421689942E8D140F48000916821F084
:1022C000E0710143916038E600007F4000F0FF03B9
:1022D000FFFF0700000020FE0000088000030450FC
:1022E000000052C7000004500002045040000020CB
:1022F000400D0300000084CB18BCBDE8E08F0068EF
:10230000006C7047F8B54FF0000504002E460095AC
:1023100002D0606D10B107E00120F8BD204600F04A
:10232000D3F8A66584F8506020688168C1F34071D5
:1023300019B181685A4A1140816020688168C1F3EF
:10234000007179B98168574A114041F0805181602C
:10235000554856490068B0FBF1F000E0401E00907F
:102360000028FBD120688168C1F3007141B9616D1B
:1023700041F010016165A16D41F00101A1650125E8
:1023800002F0F4F9616DC90600D430B1606D40F01F
:102390001000606501252846F8BD606D20F480704E
:1023A00040F002006065206802F0DCF9A8B94048FE
:1023B00080684049C0F300008968C1F30001084308
:1023C0003D498968C1F30001084306D13B49606873
:1023D0008A6822F47C1202438A60E168606B627E44
:1023E0000843A16841EA4231084394F8201040EACA
:1023F0000140012904D1A18C314A02EB414108433B
:10240000A16A29B101F47071E26A014342EA010054
:102410002168CA682B4B1A400243CA60206802F048
:10242000A5F90646206802F099F9064315D1207EE9
:1024300094F83010800340EA41012068C26844F2F9
:1024400002039A430A43C26094F8380001280CD072
:102450002068016921F001010161206901282068DB
:10246000016B21F00F0110D012E0D4E90F100143ED
:10247000D4E91102104301432068026940F2FC7361
:102480009A43114341F00101E6E7E269521E11430C
:102490000163606D20F0020040F0010060657AE7A2
:1024A000C0FFFF5FC0FFFF7F40000020400D030022
:1024B00000000450000104500002045000030450C6
:1024C0000000FEFF07C0F0FF00B5A9B04FF4804048
:1024D00000904FF040501E90684600F0B5FE0F4847
:1024E000C16C41F40051C164C16C01F400512791E9
:1024F000C16C41F00101C164C06C22A900F001006F
:102500002790072022900B202390002024904FF04A
:10251000904000F0E9FA29B000BD00000010024030
:102520002DE9F041044639480F46816801F01F0546
:10253000616908290FD085B1052D0ED0092D0CD069
:10254000806800F4604060B1606D40F0200060651C
:102550000120BDE8F081082604E02068C068C007BB
:10256000F1E7042600F0B4FB804608E0781C06D0B2
:1025700000F0AEFBA0EB0800B8420FD877B120689E
:1025800000683042F2D0606D40F4007060652068F1
:1025900002F0F0F8D0B1607E48B117E0606D40F015
:1025A00004006065002084F850000320D1E7206813
:1025B000006800070AD5606D20F480706065606D6A
:1025C000C00403D4606D40F001006065104B2068CA
:1025D0001049984201D10A4600E00246824210D0DA
:1025E0007DB1052D0DD0092D0BD0984200D00146AC
:1025F000C968082E07D0490401D40C2101600020CD
:10260000A7E7C168F5E70821F8E7000000030450D8
:1026100000010450000004502DE9F0410446374801
:10262000806800F01F05206802F0A0F818B10221B0
:102630000846BDE8F08194F8500001280CD0012034
:1026400084F850002046FFF77BF801004FF00007A8
:1026500004D084F85070EBE70220EAE7606D40F6A2
:102660000162904340F480706065254E2068254BE0
:10267000B04201D11A4600E00246824200D01DB9A4
:10268000626D22F480126265626DD20404D5A26D7F
:1026900022F00602A26500E0A7651C22026084F811
:1026A00050702068B04201D11A4600E002468242D2
:1026B00015D0A5B1052D12D0092D10D0626D42F4B0
:1026C00080126265B04200D11846C0688001AFD563
:1026D000606D20F4005040F480506065A8E7C26847
:1026E000920105D5626D22F4005242F48052626577
:1026F0008268054B1A40121D826099E7000304505E
:102700000001045000000450C0FFFF7FC8B1016801
:102710000A6822F00E020A6001680A6822F00102CB
:102720000A6090F84410012301F01C0203FA02F140
:10273000026C516080F82530002180F82410084692
:1027400070470120704710B590F825100024022929
:1027500003D00421C16301241AE001680A6822F051
:102760000E020A6001680A6822F001020A6090F80D
:102770004410012301F01C0203FA02F1026C5160C3
:1027800080F82530002180F82410816B01B1884742
:10279000204610BD30B590B101680A6822F00102F0
:1027A0000A60204C026814211F4BA24209D21F4C20
:1027B0001444B4FBF1F18900C0E910310BE00120B1
:1027C00030BD184C64421444B4FBF1F189004164FB
:1027D0001449083901640021116090F8442002F086
:1027E0001C040122A240046C6260046C0F229C4213
:1027F00002D153F8A84F02E00A4BA0331C6890F8AE
:10280000445005F01C05AA4094431C60C16201635A
:1028100041638163C16380F8251080F82410002093
:1028200030BD00000804024000000240F8FFFDBF78
:10283000F0B4016C0B6801680A6890F84440042504
:1028400004F01C0405FA04F61E4211D056070FD5F9
:102850000A68920603D40A6822F004020A6090F81B
:10286000441001F01C018D40016C4D60016B1DE0B6
:10287000022606FA04F71F424FF0000C4FF0010544
:1028800018D0970716D50A68920605D40A6822F070
:102890000A020A6080F8255090F8441001F01C01EB
:1028A0008E40016C4E6080F824C0C16A00291AD0A5
:1028B000F0BC08470826A6401E4214D0120712D5C5
:1028C0000A6822F00E020A6090F84410026C01F0CF
:1028D0001C0105FA01F15160C56380F8255080F8AC
:1028E00024C0416BE2E7F0BC7047000070B568B1EE
:1028F000334C01681423334AA14209D2324C0C44B0
:10290000B4FBF3F39B00C0E910230BE0012070BD82
:102910002B4C64420C44B4FBF3F39B004364284B00
:10292000083B0364022380F825300C6847F6F073F7
:102930009C43D0E902352B43D0E9045635432B4361
:1029400085692B43C5692B43056A2B4323430B60E1
:102950008168B1F5804F29D0016C0F23914212D1CB
:1029600052F8A81F90F8444004F01C04A340994377
:10297000116090F84430416803F01C0399401368DB
:102980001943116012E00E49A0310A6890F84440E2
:1029900004F01C04A3409A430A6090F84430426853
:1029A00003F01C039A400B681A430A600021C163BC
:1029B000012280F8252080F82410084670BD000010
:1029C0000804024000000240F8FFFDBF2DE9F04F6F
:1029D00000224FF0010A4FF00F08DFF8E4B069E081
:1029E0000AFA02F414EA010363D0066857000325CB
:1029F000BD402E430660D60800EB8606D6F820C000
:102A000057074FEAD76908FA09F72CEA070CC6F806
:102A100020C08668AE4386604668A6434660C668A6
:102A2000AE43C660C56AA543C56222F003055D4496
:102A3000AC689607370F08FA07F606EA040CB0F1FF
:102A4000904F04D01F4CA04203D101241BE000246E
:102A500019E01D4CA04201D1022414E01B4CA042FD
:102A600001D103240FE01A4CA04201D104240AE052
:102A7000184CA04201D1052405E0174CA04201D119
:102A8000062400E00724BC40644512D1AC68B4437E
:102A9000AC60124C25689D432560241D25689D432C
:102AA0002560241D25689D432560241D25689D43C0
:102AB0002560521C31FA02F392D100F011B80000E7
:102AC000000001400004004800080048000C0048D5
:102AD000001000480014004800180048000401409D
:102AE00030BCBDE8C08F00002DE9F84FDFF8A091A1
:102AF000002209F1040A0AF1040B4FF00F080BF150
:102B0000040EBEE001249440234075D04D68022D90
:102B100001D0122D11D1D50800EB85073E6A55076B
:102B2000ED0E08FA05FC26EA0C06D1F810C00CFAE6
:102B300005FC4CEA060CC7F820C0076855000326C0
:102B400091F804C0AE400CF0030CB7430CFA05FC3E
:102B50004CEA070CC0F800C04F68012F05D0022FC7
:102B600003D0112F01D0122F15D18768D1F80CC0D6
:102B7000B7430CFA05FC4CEA070CC0F808C04768DC
:102B800091F804C0A743CCF3001C0CFA02FC4CEAF9
:102B9000070CC0F804C0D1F804C06FEA0C07BF07E7
:102BA00006D1C76AA743CCF3C00494403C43C46237
:102BB000C468B4438E68AE402643C6604C68E400E7
:102BC0005ED5344C256E45F001052566246E22F055
:102BD000030504F0010400942F4C2E19B7689407E4
:102BE000250F08FA05F4A743B0F1904F05D02B4C00
:102BF000A04204D101241CE042E0002419E0284C4A
:102C0000A04201D1022414E0264CA04201D10324A9
:102C10000FE0254CA04201D104240AE0234CA0423D
:102C200001D1052405E0224CA04201D1062400E098
:102C30000724AC403C43B460D9F800404D464E6890
:102C40009C43F60300D51C432C60DAF8004055463F
:102C50004E689C43B60300D51C432C60DBF8004053
:102C60005D464E689C43F60200D51C432C60DEF89E
:102C7000004075464E689C43B60200D51C432C604C
:102C8000521C0B6833FA02F47FF43CAF00F012B828
:102C90000004014000100240000001400004004810
:102CA00000080048000C00480010004800140048CC
:102CB0000018004818BCBDE8E08F0069084000D04B
:102CC000012070470AB1816170478162704700003E
:102CD0000148006870470000440000200248016875
:102CE000491C0160704700004400002038B50024F2
:102CF000052000F06DF8002000F01AF808B101245A
:102D000012E00A49086E40F001000866086E00F003
:102D100001000090886D40F080508865886D00F05B
:102D20008050009000F01CF8204638BD0010024092
:102D300070B5054609484FF47A7100240068B0FB6D
:102D4000F1F001F0A1F908B1012404E000222946C4
:102D5000501E00F01DF8204670BD0000400000200D
:102D6000704700F01F02012191404009800000F1EE
:102D7000E020C0F88011704700F01F02012191404F
:102D80004009800000F1E020C0F800117047000009
:102D9000F0B40E4B1B68C3F30223C3F10704042CE9
:102DA00000D904241D1D072D01D2002300E0DB1EE5
:102DB000012606FA04F56D1E0D409D409E40761ECC
:102DC000164045EA0601F0BC01F094BD0CED00E0B0
:102DD000064A00F0070110684FF6FF03184040EA6A
:102DE0000120034908431060704700000CED00E02B
:102DF0000000FA051649B0F5007F0868C0F34120CD
:102E000009D0022805D0086820F4C06040F4806032
:102E10000860002070470128FBD0086820F4C060DB
:102E200040F4007008600B483222006850430A4AA0
:102E3000B0FBF2F0401C00E0401E4A69520501D58B
:102E40000028F9D148694005E3D503207047000008
:102E5000007000404000002040420F00024800681F
:102E600000F4C06070470000007000402DE9F05F82
:102E700007464FF480760020F401E24A4FF4FA4509
:102E80004FF40079B7F5003F0ED0D168DFF87883B2
:102E900001F00301DD4B4FF0F00C012921D0022994
:102EA00031D0032939D133E0D2F8901001F44071C8
:102EB000B1420AD049450ED0B1F5407F03D1116827
:102EC000890300D5D24800F0A7B9D2F8901089073D
:102ED000F9D52046F7E7D2F894108907F3D52846AC
:102EE000F1E71168890718D51168090703D511683A
:102EF00001F0F00103E0D2F894100CEA1111090975
:102F000058F821100AE01168490506D5194605E070
:102F10001168890301D5BF4900E00021CB464FF479
:102F2000804E4FF400694FF4805A5F457DD02ADC13
:102F3000102F7BD013DC012F79D0022F78D0042FF3
:102F400077D0082FBFD1D2F8881011F0C00171D00E
:102F5000402970D0802915D0C029B4D1B5E7202FE1
:102F60006AD0402F69D0802F68D0B742ABD1D2F859
:102F7000881011F440315DD0B1F5803F5BD0B1F5E0
:102F8000003FA0D135E1774574D00ADCB7F5806FFA
:102F900071D04F4528D0574528D0B7F5005F92D162
:102FA0000AE0A74268D0B7F5803F72D0B7F5802F0E
:102FB00002D0B7F5002F86D1D2F8883003F04063F5
:102FC000B3F1806F3ED0B3F1006F1CD0B3F1406F0E
:102FD00086D1116889077FF57DAF106800070AD593
:102FE000106800F0F0000AE0484600E0504600F0AB
:102FF00016B901F019BDD2F894000CEA10100009BE
:1030000058F820005FE713689B01FBD5D368DB020B
:10301000F8D5D068C0F30210401CB1FBF0F0D168C5
:10302000C1F306214843D16809E0BBE04AE024E04F
:1030300030E03BE0A7E06DE051E099E0A4E0C1F3AF
:10304000415187E013681B01DCD51369DB02D9D538
:10305000D068C0F30210401CB1FBF0F11069C0F35E
:10306000062041431069C0F34150401C4000B1FBB1
:10307000F0F028E741E0A5E0B3E0D2F8881011F0C5
:10308000030171D0012945D002297BD00329B9D190
:103090001BE764E0D2F8881011F00C0173D004290A
:1030A0007CD008296ED00C29ACD10EE7D2F888105C
:1030B00011F0300167D0102970D0202962D030295A
:1030C000A0D102E7D2F8881011F440715BD0B14270
:1030D00064D0594556D0B1F5407F93D1F5E6D2F88A
:1030E000881011F440614ED0B1F5806F56D049453B
:1030F0007FD0B1F5406F85D1E7E6D2F8883003F094
:103100004053B3F1805F06D0B3F1005F12D0B3F14A
:10311000405FAED142E01369DB01AAD5D068C0F3AD
:103120000210401CB1FBF0F01169C1F306214843C5
:1031300011690DE05369DB019BD5D068C0F3021023
:10314000401CB1FBF0F05169C1F3062148435169BD
:10315000C1F34161491C4900B0FBF1F0B3E6D2F87C
:10316000880010F0004F19D100F05EB800F0E6BA08
:10317000D2F8881011F4405140D051450ED0B1F52D
:10318000005FEBD135E039E0D2F8881011F440410E
:1031900034D0714502D0A142E0D12AE000F049B814
:1031A00000F0DEBAD2F8881011F4402126D0B1F533
:1031B000802F3FF490AEB1F5002F1AD0B1F5402F1B
:1031C000CCD182E6D2F8881011F4401116D0B1F5B6
:1031D000801FEED0B1F5001F0BD0B1F5401FBDD15F
:1031E00073E6D2F8881011F0804107D0B1F1804F1A
:1031F000B4D111684905B1D5184664E600F01EB88F
:1032000000F08ABA00100240E48A00080024F400AA
:1032100090D0030000127A0030BCBDE8C09F30BCE3
:10322000BDE8C05FFFF7E5BE30BCBDE8C05FFFF79B
:103230009DBF30BCBDE8C05FFFF7B2BF30BCBDE88A
:10324000C05FFFF7DDBF00002DE9F84F0446002501
:103250000088E44E2F46010504F1200B1DD5606E59
:1032600078B1B0F5800F11D0B0F5000F04D0B0F5F3
:10327000400F22D001250FE0F06840F48030F0606C
:103280001BE00021201D01F031FC03E00021584625
:1032900001F0C2FC050010D02F462088C00426D5BE
:1032A000A06EC0B1B0F1807F1AD0B0F1007F0DD018
:1032B000B0F1407F19D0012518E0D6F88800616E82
:1032C00020F440000843C6F88800E6E7F06840F4C0
:1032D0008030F06009E00021201D01F007FC03E0D0
:1032E0000021584601F098FC0546F5B12F462068AC
:1032F000800366D5B06D4FF00009C00009D4B06DF1
:1033000040F08050B065B06D4FF0010900F0805082
:103310000090DFF8D4A2DAF8001041F48071CAF806
:103320000010FFF7D5FC804610E0D6F88800A16EAB
:1033300020F040700843C6F88800D8E7FFF7C8FCC3
:10334000A0EB0800022801D9032532E0DAF80000DA
:10335000C005F3D56DBBD6F8900010F4407015D0C1
:10336000D4F88410814211D0D6F89000D6F890108D
:1033700020F4407041F48031C6F89010D6F89010D7
:1033800021F48031C6F89010C6F89000C0074ED0E6
:10339000FFF79EFC804641F2883A05E0FFF798FC73
:1033A000A0EB08015145CFD8D6F890008007F5D59D
:1033B000EDB32F46B9F1000F03D0B06D20F080506F
:1033C000B0652078C00707D0D6F88800A16B20F040
:1033D00003000843C6F888002078800707D5D6F890
:1033E0008800E16B20F00C000843C6F888002078C4
:1033F000400707D5D6F88800216C20F0300008433C
:10340000C6F888002078000707D5D6F88800616CD8
:1034100020F0C0000843C6F888002078C00609D50F
:10342000D6F88800A16C20F44070084300E05AE010
:10343000C6F888002078800607D5D6F88800E16CA9
:1034400020F440600843C6F888002088800507D52E
:10345000D6F88800E16D20F440200843C6F88800C3
:103460002088400507D5D6F88800216E20F440104A
:103470000843C6F888002078400607D5D6F88800AB
:10348000216D20F440500843C6F8880020780006DB
:1034900007D5D6F88800616D20F440400843C6F88F
:1034A00088002088C00507D5D6F88800A16D20F4D3
:1034B00040300843C6F8880020884FF0006580043B
:1034C0004FF0806821D5D6F88800E16E20F040608A
:1034D0000843C6F88800E06EA8420ED1F06840F4B8
:1034E0008010F06011E0D6F89000D4F8841020F439
:1034F00040700843C6F890005CE7404505D10121C3
:10350000201D01F0F3FA00B107462068000317D52B
:10351000D6F88800216F20F040600843C6F8880084
:10352000206FA84204D1F06840F48010F06007E0FA
:10353000404505D10121201D01F0D8FA00B1074610
:103540002068400317D5D6F88800616F20F04060EE
:103550000843C6F88800606FA84204D1F06840F4C0
:103560008010F06007E0404505D10121201D01F0E9
:10357000BDFA00B10746208840041AD5D6F8880065
:10358000A16F20F040500843C6F88800A06FB0F14A
:10359000805F03D0B0F1005F05D00AE00221201D5A
:1035A00001F0A4FA03E00221584601F035FB00B116
:1035B00007462088000407D5D6F88800E16F20F080
:1035C00080400843C6F888002068C00307D556F835
:1035D000880FD4F8801020F000400843306038464F
:1035E00000F004B8001002400070004018BCBDE8B4
:1035F000E08F00002DE9F0470D4604005ED0DFF8B3
:103600000881D8F8000000F00700A8420CD2D8F8D2
:10361000001021F007012943C8F80010D8F8000075
:1036200000F00700A84249D12078384EC0072BD0BF
:103630006068032811D0022812D0316898B149057A
:1036400000293BDAB16821F003010143B160FFF7C3
:103650003FFB074641F288390FE031688901EFE707
:1036600031688903ECE78907EAE7FFF731FBC11B03
:10367000494502D90320BDE8F087B068616800F0D1
:103680000C00B0EB810FF0D12078800705D5B06831
:10369000A16820F0F0000843B060D8F80010404660
:1036A00001F00701A9420BD9016821F00701294364
:1036B0000160006800F00700A84201D00120DAE7AD
:1036C0002078400705D5B068E16820F4E060084341
:1036D000B0602078000706D5B068216920F46050FA
:1036E00040EAC100B06000F03BF8B168084AC1F39D
:1036F0000311515C01F01F01C84006490860BDE894
:10370000F0470020FFF714BB0020024000100240E9
:10371000D48A0008400000200548064900688968EE
:10372000054AC1F30221515C01F01F01C8407047F6
:103730004000002000100240148B00080548064994
:1037400000688968054AC1F3C221515C01F01F017C
:10375000C84070474000002000100240148B000851
:1037600070B5264B002210469968DC6811F00C01F8
:1037700004F00306224C4FEA640508D00C2904D05B
:10378000042925D0082925D010E0012E10D11A686F
:10379000120704D4D3F89420C2F3032202E01A687B
:1037A000C2F30312174E56F8222079B10C290ED11C
:1037B000D86800F00301D868C0F30210401C022949
:1037C0000AD003290BD0B2FBF0F00AE0104670BD1E
:1037D000204670BD284670BDB4FBF0F001E0B5FB9B
:1037E000F0F0D968C1F306214843D968C1F34161BB
:1037F000491C4900B0FBF1F070BD00000010024010
:103800000024F400E48A00082DE9F84304007CD089
:10381000FA4DA86800F00C06E86800F0030720786D
:10382000C00662D576B10C2E01D1012F0AD0A06955
:103830000028286878D040F001002860FFF748FA97
:10384000804659E02868800702D5A0690028DED0AC
:10385000216A2868000703D5286800F0F00004E01A
:10386000D5F89400F02202EA1010814216D90846D9
:1038700001F058FA002848D1286840F00800286074
:103880002868216A20F0F000084328606868E16930
:1038900020F47F4040EA0120686015E0286840F08D
:1038A000080028602868216A20F0F000084328609A
:1038B0006868E16920F47F4040EA01206860206A7E
:1038C00001F030FA0028D6D1FFF74AFFA968CC4AA8
:1038D000C1F30311515C01F01F01C840C9490860E0
:1038E0000020FFF725FA00287ED12DE0FFF7F0F940
:1038F000A0EB0800022878D828688007F6D5286849
:1039000040F008002860286801E0B8E00CE0216A77
:1039100020F0F000084328606868E16920F47F40E7
:1039200040EA012068600FE020F001002860FFF706
:10393000CFF9804605E0FFF7CBF9A0EB080002289D
:10394000D9D828688007F6D42078C00740D0082E40
:1039500018D00C2E01D1032F14D06068B0F5803F31
:1039600017D0B0F5A02F286817D020F48030286039
:10397000286820F4802028606068E0B1FFF7A8F98B
:10398000804614E02868800322D56068002876D03D
:103990001EE0286840F48030EDE740F48020286085
:1039A000F7E7FFF795F9A0EB08006428A3D828688B
:1039B0008003F6D50CE0FFF78BF9804605E0FFF7B2
:1039C00087F9A0EB0800642895D828688003F6D40E
:1039D0002078800739D5042E11D00C2E01D1022F6A
:1039E0000DD0E068002801E02DE19BE028681DD0A3
:1039F00040F480702860FFF76BF907460BE02868F9
:103A000040050BD5E0680028C1D007E0FFF760F95A
:103A1000C01B022894D828684005F7D56868217C27
:103A200020F0F85040EA016068600EE020F48070F9
:103A30002860FFF74DF9074604E0FFF749F9C01B7E
:103A400002286FD828684005F7D42078000728D5C9
:103A500060690028D5F8940012D040F00100C5F844
:103A60009400FFF735F9074604E0FFF731F9C01B72
:103A7000022857D8D5F894008007F6D511E0E9E080
:103A800020F00100C5F89400FFF722F9074604E092
:103A9000FFF71EF9C01B022844D8D5F89400800710
:103AA000F6D42078400766D5A86D4FF00008C00016
:103AB00009D4A86D40F08050A865A86D4FF00108AA
:103AC00000F08050009050480168C90511D4016889
:103AD000814641F480710160FFF7FAF8074604E07F
:103AE000FFF7F6F8C01B02281CD8D9F80000C00563
:103AF000F6D5A068012816D00528D5F8900017D073
:103B000020F00100C5F89000D5F8900020F00400E6
:103B1000C5F89000A06841F28839C0B1FFF7D8F825
:103B200007460FE069E0D5F8900040F00100EFE7AC
:103B300040F00400C5F89000F5E7FFF7C9F8C11B95
:103B400049457FD8D5F890008007F6D50CE0FFF7FF
:103B5000BFF8074604E0FFF7BBF8C11B494571D821
:103B6000D5F890008007F6D4B8F1000F03D0A86D07
:103B700020F08050A865A06AF0B30C2E6AD002280D
:103B8000286820F08070286004D0286810F0205F3A
:103B900047D04AE0FFF79CF8064604E0FFF798F8A4
:103BA000801B02284ED828688001F7D4206BE16A78
:103BB000000110380843616BA26B0902120941EA47
:103BC00042410843A18F114A490802EB4151084381
:103BD00094F840104908120102EB41610843E86083
:103BE000286840F080702860E86840F08070E860E5
:103BF000FFF76EF8044610E02AE023E000100240D0
:103C0000D48A000840000020007000400000E0FF5F
:103C1000FFF75EF8001B022814D828688001F7D54A
:103C200016E0E86820F00300E860E8680A49084008
:103C3000E860FFF74DF8044607E0FFF749F8001B7E
:103C4000022802D90320BDE8F88328688001F4D453
:103C50000020F8E70120F6E7FFFFEEFE2DE9F04136
:103C6000040005D00025A56294F85D0018B107E0B6
:103C70000120BDE8F08184F85C50204600F066F831
:103C8000022684F85D602068016821F0400101602F
:103C9000E0684FF4E062904201D9002101E04FF466
:103CA0008051B0F5706F02D0904200D0A562276BB2
:103CB000012327B9904201D9266300E02363D4E9A8
:103CC00001021043D4E9042632431043228B02F44C
:103CD00000721043E2691043226A1043A26A104343
:103CE00022681060626B606AA66910430427E2686C
:103CF00007EA1646324310430843216848602566A8
:103D000084F85D300020B4E710B5044600680C4923
:103D1000884214D10B48816D21F4804181654FF4B4
:103D200060410948FEF752FEA06DFEF733FD606D5D
:103D3000FEF730FDBDE810402420FFF712B810BD9B
:103D40000038004000100240000400482DE9F04116
:103D500086B0054614216846FCF7B0FC2848C16CC3
:103D600041F00201C164C16C01F002010591816D55
:103D700041F480418165806D002600F4804005900B
:103D80004FF4604000900220CDE90106032003902B
:103D90000520049069461B48FEF7A6FE1B4C1A48F6
:103DA00001272060C4E901764FF08008C4E9036868
:103DB00066617803A661C4E907602046FEF796FDB8
:103DC00008B172B6FEE7AC65A562104C0E484834E7
:103DD0001430E4E802071020A4E84101000244F88E
:103DE0001469A661C4E9076008484830FEF77EFD03
:103DF00008B172B6FEE76C65A56206B0BDE8F08159
:103E000000100240000400484400024074040020F6
:103E10002DE9F05F044690F85C0001250A9E1F46DC
:103E200092468B464FF0000801280ED0012084F8FE
:103E30005C00FEF74DFF814694F85D006168012843
:103E40000CD0B1F5827F07D102E0022000F00DB95D
:103E5000A16809B9042801D0022004E1BBF1000FD8
:103E600024D0BAF1000F21D007B394F85D000428E4
:103E700002D0052084F85D0000202066C4F840A030
:103E8000A4F84670A4F84470C4F838B0E787A78750
:103E9000E0642065E0684FF4E061884201D8012FBA
:103EA00006D92068426822F4805205E00120DAE059
:103EB0002068426842F480524260206802685206DC
:103EC00003D4026842F040020260E0688842606801
:103ED00042D908B1012F37D1A06B21680088C86092
:103EE000A06B801CA063E08F401EE0872CE0206860
:103EF000816889070DD5E18F59B1012D09D1A16BD9
:103F00000988C160A06B801CA063E08F401EE08721
:103F1000002520688168C9070ED0B4F8461059B151
:103F2000C068216C0880206C801C2064B4F84600B6
:103F3000401EA4F846000125FEF7CAFEA0EB0900CA
:103F4000B04201D3701C72D1E08F0028CFD1B4F8F9
:103F500046000028CBD173E008B1012F69D1E08F72
:103F60000128A06B08D921680088C860A06B801C5C
:103F7000A063E08F801E07E0216800780873A06BC3
:103F8000401CA063E08F401EE08752E020688168FB
:103F9000890718D5E18FB1B1012D14D1E18F012925
:103FA000A16B07D90988C160A06B801CA063E08F5A
:103FB000801E06E009780173A06B401CA063E08FAF
:103FC000401EE087002520688168C90727D0B4F823
:103FD000461021B3B4F84610012914D9C068216CE9
:103FE0000880206C801C2064B4F84600801EA4F871
:103FF0004600B4F84600012810D82068416841F412
:10400000805141600AE0007B216C0870206C401CEC
:104010002064B4F84600401EA4F846000125FEF7CF
:1040200057FEA0EB0900B04202D3701C01D019E08A
:10403000C6B1E08F0028A9D1B4F846000028A5D168
:104040004A463146204601F053FB18B120204FF07C
:1040500001082066012084F85D00002084F85C00DF
:104060004046F3E603208046F4E730BCBDE8C09F3D
:104070004FF0E0210428086903D020F00400086113
:10408000704740F00400FAE710B5401EB0F1807FA1
:1040900001D3012010BD4FF0E02460610F216017B3
:1040A00000F028FC0020A06107202061002010BD46
:1040B000704770B504460068016821F49071016092
:1040C0002068816821F001018160206881684FF0DB
:1040D0000005490609D5816821F040018160E06E44
:1040E00018B18563E06EFEF711FBA4F85A50216801
:1040F0000F2008622068018B41F008010183202015
:1041000084F87200002070BD704700002DE9F04176
:1041100002680446D0691168936810F00F0F4FF0E1
:1041200000055BD003F0010601F49077374369D0B6
:10413000C70707D0CF0505D501271762626F42F088
:1041400001026267820708D5DA0706D027680222D3
:104150003A62626F42F004026267420708D5DA07EA
:1041600006D0236804221A62626F42F0020262677C
:1041700002070AD501F02002324306D02368082244
:104180001A62626F42F008026267626F002A32D0E0
:10419000800605D5880603D5216E09B120468847DB
:1041A000606F000703D420688068400625D520464C
:1041B00002F080F920688168490619D5816821F0EC
:1041C00040018160E06E98B120498163E06EFEF7A6
:1041D000BAFA00280FD0E06E816B06E0860611D592
:1041E0008E060FD5216E1EE02046BDE8F04108473F
:1041F0002046FFF789FFBDE8F0812046FFF784FFE6
:104200006567F8E7C60209D55B0207D54FF4801051
:1042100010622046BDE8F041FFF74ABF030605D50E
:104220000B0603D5616E0029DED1E4E74006E2D536
:104230004806E0D51168204621F040011160202198
:1042400084F87110656600F03CF9D4E7A1640008B9
:1042500010B5040003D094F8710010B107E00120FC
:1042600010BD002084F87000204600F027F82420BC
:1042700084F871002068016821F001010160204686
:1042800002F028F90128EBD0606A10B1204602F054
:1042900075F82068416821F4904141602068816888
:1042A00021F02A0181602068016841F0010101606C
:1042B0002046BDE8104002F0C5B8000010B5006807
:1042C000154986B0884224D11448C16C41F00401DC
:1042D000C164C16C01F004010591816D41F480213C
:1042E0008165806D012100F48020059010200090F0
:1042F0000220CDE9010103900720094C0490694692
:104300002046FEF7F1FB2021009169462046FEF78A
:10431000EBFB06B010BD000000480040001002405A
:10432000000800482DE9F84F044690F872009846BE
:1043300016460D46202867D1FDB1F6B194F87000FD
:10434000012861D0012084F870004FF00009C4F802
:104350007490222084F872005434FEF7B9FCA680D1
:104360008246E68054F84C0C4FF48057FF21543CB1
:10437000B84208D1206918B10DE0012000F046B81C
:1043800040F2FF100DE07F2218B1B0F1805F05D040
:1043900009E0206950B9A4F85C1004E0206928B154
:1043A0003F20A4F85C00B4F85C601CE0A4F85C203A
:1043B000F9E75346002220212046CDF8008002F084
:1043C000E7F908B10320D9E7A068B84201D1206914
:1043D000A0B12068808C304005F8010BB4F85A0079
:1043E000401EA4F85A00B4F85A000028E1D1202059
:1043F00084F8720084F870900020BFE72068808CF9
:10440000304025F8020BE9E70220B7E718BCBDE809
:10441000E08F2DE9F843044690F871001E461746D8
:104420000D4620284BD1C5B1BFB194F870000128CA
:1044300045D0012084F870004FF00008C4F8748063
:10444000212084F87100FEF743FCA4F850708146E7
:10445000A4F852704FF4805715E00120BDE8F883AE
:104460008021204602F094F9D8B9A068B84201D161
:104470002069C0B115F8010B21680885B4F8520015
:10448000401EA4F85200B4F852004B464FF0000210
:1044900000960028E4D14FF04001204602F078F960
:1044A00030B10320DAE735F8020BC0F30800E3E788
:1044B000202084F8710084F870800020CEE702206C
:1044C000CCE77047FEE7000010B5124C0022012136
:1044D0002046FEF7F7FB206820F00C0020602068E3
:1044E00040F004002060002202212046FEF7EAFB93
:1044F0000A2003F021FA012211462046FEF7E2FBD2
:104500000A2003F019FA20460022BDE810400121DC
:10451000FEF7D8BB0008004810B5124C002201215C
:104520002046FEF7CFFB206820F00C0020602068BA
:1045300040F004002060012202212046FEF7C2FB69
:104540000A2003F0F9F9012211462046FEF7BAFBD2
:104550000A2003F0F1F920460022BDE810400121B5
:10456000FEF7B0BB000800482DE9F041174E0746A2
:104570000024306820F00C00306030683060254640
:10458000002201213046FEF79DFB0A2003F0D4F9FA
:10459000012211463046FEF795FB0A2003F0CCF9C4
:1045A0006006040E02213046FEF787FB08B1641C4A
:1045B000E4B26D1CEDB2082DE2D327B1FFF784FF02
:1045C0002046BDE8F081FFF7A7FFF9E700080048A3
:1045D00070B5194E05463046316821F00C01316046
:1045E000316841F00401316000220121FEF76AFBCD
:1045F0000024280601D5012200E0002202213046D5
:10460000FEF760FB6806050E052003F095F9012210
:1046100011463046FEF756FB0A2003F08DF90022C2
:1046200001213046FEF74EFB042003F085F9641C9F
:10463000E4B2082CDDD370BD0008004810B5154C5D
:10464000206820F00C002060206840F0040020600A
:10465000012202212046FEF735FB012003F06CF910
:10466000012211462046FEF72DFB052003F064F9D8
:10467000002202212046FEF725FB0A2003F05CF908
:10468000002201212046FEF71DFBBDE8104004205A
:1046900003F052B90008004810B5124C206820F011
:1046A0000C002060206840F00400206000220221FD
:1046B0002046FEF707FB012211462046FEF702FBCB
:1046C000052003F039F9012202212046FEF7FAFA0B
:1046D000052003F031F920460022BDE810400121F9
:1046E000FEF7F0BA0008004870B5184D002428689D
:1046F00020F00C002860286828600122022128464A
:10470000FEF7E0FA032003F017F9012211462846CC
:10471000FEF7D8FA032003F00FF907E0641CE4B2B7
:10472000FA2C03D9FFF7B8FF012070BD02212846FB
:10473000FEF7C3FA0028F1D1002201212846FEF736
:10474000C1FA042003F0F8F8002070BD000800480A
:1047500000EB8100006E00F0F84070478068C0F305
:10476000C00070478068C0F3000070478068C0F3E5
:1047700080007047C06810F4406F01D0002070477F
:1047800001207047042310B503EAD1531844C1F344
:10479000045107248C4043698A40A3431343436177
:1047A00010BD00EB8100016E21F000411143016654
:1047B0007047000010B50D4C012240212046FEF745
:1047C00081FA0A2003F0AAF8002240212046FEF7D1
:1047D00079FA642003F0A2F8012240212046FEF776
:1047E00071FABDE810400A2003F098B800080048AC
:1047F00010B5FFF723FF0020FFF7EAFEFFF774FF75
:104800000720FFF7E5FEFFF76FFFFFF717FF012017
:10481000FFF7DEFEFFF768FF0020FFF7A5FE134C51
:1048200060700020FFF7A0FE20700020FFF79CFEC4
:10483000A070FFF731FF20784FF6FF7101EA0020EA
:104840006178084303F0ACFC9FED091B53EC112B7E
:1048500003F0F6FC9FED081B53EC112B03F056FF01
:1048600003F014FA00EE100A10BD00006C000020E6
:104870007B14AE47E17A943F6666666666027140D5
:1048800010B51448FDF720FE1248134901220160BB
:104890004FF44031416000218160C160016141619C
:1048A0004176C26180F8201041628162C162017666
:1048B00080F83010416380F83810FDF723FD4FF485
:1048C0008040FEF7D3FA0146BDE8104003A0FBF795
:1048D00053BD0000AC0300200000045041444320BD
:1048E000436C6F636B3A20256C7520487A0D0A0083
:1048F000FEE770470907090E002806DA00F00F00EE
:1049000000F1E02080F8141D704700F1E02080F8ED
:10491000001470472DE9F047214E14460A46F180F5
:1049200001461D461F48FBF784FE7470B5701E4D8E
:10493000286B80471B4C30785027403C4FF04E0886
:104940004FF047094FF0040230B118491548FBF702
:1049500038FE277049200DE014491248491FFBF723
:1049600030FE28B1696BBDE8F04740F6B830084723
:1049700027704F2060700B4884F8028084F8039001
:1049800001220421403800F00DFAF081010A217162
:104990006071AA6ABDE8F047024806214038104716
:1049A000000000207C0100201C8B0008CF8A00083A
:1049B0007047000070B5124D286B8047114E30785B
:1049C000B8B1114C502001222070492060704E2057
:1049D000A0704720E0700421204600F0E3F9F08148
:1049E000010A217160712046AA6ABDE87040062163
:1049F0001047696BBDE8704040F6B83008470000CA
:104A00001C8B0008000000203C01002010B5044C65
:104A1000206B8047616BBDE8104040F6B830084716
:104A20001C8B00087047704730B5044600202D4DA0
:104A30002D4B0246B4F5006F03D0B4F5805F08D06B
:104A40000EE0D3F8882002F44002B2F5400F22D0E5
:104A500006E0D3F8882002F04072B2F1407F1AD00D
:104A6000B2F5000F19D0B2F1007F16D03AB3B2F50B
:104A7000800F02D0B2F1807F0ED15A69D2030BD5DC
:104A8000D868C0F30210401CB1FBF0F15869C0F3C4
:104A90000622586920E0284630BDDA68D203FBD5EB
:104AA000D868C0F30210401CB1FBF0F1D868C0F325
:104AB0000622D86810E05143B1FBF0F030BD1A690E
:104AC000D203FBD5D868C0F30210401CB1FBF0F153
:104AD0001869C0F306221869800301D51120EAE79E
:104AE0000720E8E768FF1F00001002402DE9F041B1
:104AF000444E05468846F0680024810728680ED099
:104B0000F16801F00301814207D130B1F0686968B2
:104B1000C0F30210401C88421FD001246EE001281F
:104B200009D002280AD00328F7D13168890309D4B3
:104B30003168490304E03168890701E031684905BB
:104B40000029EADAF1686A686FF00F0321F0730157
:104B500003EB021211430143F160306820F08060E2
:104B60003060FEF7B5F8074604E0FEF7B1F8C01B69
:104B7000022839D830680001F7D47CBBB8F1000FA7
:104B800018D0B8F1010F1ED0287D4FF07E414008AB
:104B900001EB4060A96840EA012031691A4A1140DE
:104BA00008433061306840F080603060FEF790F874
:104BB00007461BE0A868E9680002090940EA41408D
:104BC0003169124AEBE7288A1149400801EB40504D
:104BD000A96840EA012031690E4AE0E70EE0FEF7DD
:104BE00077F8C01B022801D9032407E030680001D0
:104BF000F5D51CB93069A969084330612046BDE884
:104C0000F081000000100240FF80FFF9FF80FDFFEF
:104C10000000E0FFFF809FFF2DE9F0413E4E05467A
:104C20008846F0680024810728680ED0F16801F0FA
:104C30000301814207D130B1F0686968C0F3021006
:104C4000401C88421FD0012462E0012809D00228BC
:104C50000AD00328F7D13168890309D431684903A0
:104C600004E03168890701E0316849050029EADA82
:104C7000F1686A686FF00F0321F0730103EB021211
:104C800011430143F160306820F080503060FEF73E
:104C90001FF8074604E0FEF71BF8C01B02282DD8BA
:104CA00030688000F7D454BBB8F1000F15D0287CD1
:104CB0004FF07E41400801EB4060A96840EA0121C5
:104CC0007069164A104001437161306840F08050AD
:104CD0003060FDF7FDFF074612E0A868E9680002B2
:104CE000090940EA414071690D4A11400843706169
:104CF000EBE7FDF7EDFFC01B022801D9032407E015
:104D000030688000F5D51CB9706969690843706125
:104D10002046BDE8F081000000100240FF80FFF94E
:104D2000FF80FDFFF8B51C4E05460024B06DC000A5
:104D300002D5FEF793F80DE0B06D40F08050B065FD
:104D4000B06D00F080500090FEF788F8B16D21F052
:104D50008051B165B0F5007F04D0802D07D94FF0A8
:104D600003040AE0802D08D9A02D01D804E001D168
:104D7000022402E0702D00D101240848016821F0CE
:104D8000070121430160006800F00700A04201D044
:104D90000120F8BD0020F8BD0010024000200240B4
:104DA000012070472DE9F041002415460E460746C4
:104DB000012A06D041F22100804605D14FF6FF704E
:104DC0000BE048F20500F7E741F60F5005E0395DCA
:104DD0004246FCF7EAFC641CE4B2B442F7D3012D6E
:104DE00001D0C04380B2BDE8F081000070B10B4A31
:104DF000002152F8313083420AD802EBC1039B688C
:104E0000834205D902EBC100007B70471F20704729
:104E1000491CC9B21529ECD3FEE700008C8B0008B1
:104E200010B500F081FD032804D0042803D0052824
:104E300003D0002010BD022010BD012010BD0320B2
:104E40007047000010B50E4C20610E4800F0FCFDCC
:104E5000002001F0DBF8012001F02DF800210846C8
:104E600000F0BBFE0421002001F00BF900234FF6F7
:104E7000FF701A46014600F0F6FE0020A07010BD3B
:104E800070000020814F0008F8B502213048FDF77E
:104E900014FF01285BD12F4D0020A87000F03AFDCF
:104EA00004464FF6FF7000F029FDE00704D02869A2
:104EB00010B1006800B18047A00716D5FF226946EF
:104EC000254800F07DFD2448143800F035FD2869A0
:104ED00058B186684EB120489DF80010143890F9FA
:104EE0000D3090F90C201430B047600604D52869C5
:104EF00010B1006900B18047200608D5286930B19B
:104F0000816921B1E04340F30020401C8847A0059F
:104F100011D500F009FD042804D000F005FD052896
:104F200004D008E0286930B1406802E0286910B177
:104F3000C06800B18047A00609D52869002806D0BE
:104F4000C068002803D001B0BDE8F0400047F8BDBC
:104F500000040048700000202C05002070B50D46AC
:104F6000012400F093F8284600F0ACFF002000F088
:104F70002DF8012002F0D2FC00F064FA204670BD4A
:104F800001490120887070477000002070B500252D
:104F9000012000F07BF8002000F0E0FF0024012059
:104FA00002F0BCFC00F023FD00F00100A040641CF6
:104FB0000543E4B2202CF2D300F044FA284670BD39
:104FC00000F0AEBD00F0B4BD00F011BD10B5044658
:104FD00000234FF6FF701A46014600F044FE0548D4
:104FE000407810B16FF07F4000E0A001BDE81040B4
:104FF00000F0B4BF7000002010B5044600234FF647
:10500000FF701A46014600F02EFE0548407810B1A8
:105010006FF07F4000E0A001BDE8104000F0B2BF9B
:105020007000002070B505460C46002340F20120B8
:105030001A46014600F017FE00F0BCFC07490128A3
:105040000AD00C72054800F0C1FE21462846BDE892
:105050007040002200F0B8BDCC73F3E72C060020AE
:1050600000F030BF074B084A012807D0D07901284B
:1050700007D119701172044800F0A8BE1970D173DD
:10508000F9E77047700000202C06002010B50A4C8C
:10509000012805D0002000F0FBFE0020607010BD4C
:1050A000012000F0F5FE617820788142F7D0607031
:1050B000BDE8104000F002B87300002070B504464F
:1050C0000B48047044700120FFF7E0FF4FF4E860E4
:1050D000451C24B1342101F0B1F8442103E014212E
:1050E00001F0ACF824212846BDE8704001F0A6B8D4
:1050F000730000202DE9FF4F15462DED028B83B084
:10510000674FDDE9159288461B99DDF85CB0139E68
:1051100079705FEA090101D03A7001E0FF2139702E
:10512000604C4FF0000A04F128010291E8B1012817
:105130007CD1002000F07CFF1498C0B200F0AEFDDE
:105140000121594B84F82810E8B284F8380013F88C
:10515000082084F83920089A84F83A20B8F1000F22
:105160006FD0B8F1010F6ED06FE0002000F060FF4B
:1051700084F828A00B20E56284F834004046FFF74D
:1051800035FE84F835004FF6FF7084F800A000EA81
:10519000C6006080042020711820607184F806A089
:1051A00089F00100E07138782072BBF1000F01D066
:1051B000F22000E00120607284F80AA0002000F0D4
:1051C00025FF94F8280000B10120FFF75FFF029847
:1051D00000F06CFD334800F0F9FD34A0D0E9001078
:1051E000CDE90010684600F02AFF40F2FF1000F001
:1051F00087FF284602F0D4FF41EC100B53EC102B34
:105200009FED2C0B51EC100B02F02EFE9FED2B1B93
:1052100053EC112B03F014F841EC180B149802F026
:10522000BFFF53EC182B03F00BF801E032E008E06D
:105230009FED241B53EC112B03F002F802F06CFFDE
:1052400027E00B2D09D00C2D07D084F83BA021704E
:10525000052805D0062803D007E084F83B10F6E7C0
:105260000C2E02D20C20A08100E0A68184F80E90C2
:105270003878E07384F810B01A9860740120FFF752
:1052800005FF029800F012FD064800F09FFD4FF662
:10529000FF70F86003B0BDEC028B00F017B800009F
:1052A000700000202C060020888B0008C194C100EB
:1052B00000000000000000000000F03F00000000BF
:1052C000000020400000000000408F401FBCBDE8EF
:1052D000E08F00F071BE00002DE9FF4F83B010ACED
:1052E000010094E825064B4CDDF85C8004F12806AB
:1052F0000296DFF824B14FF000074FF0010602D00C
:1053000001297DD13EE084F82870E0620B2084F80A
:1053100034001846FFF76AFD84F8350005982063CD
:105320004FF6FF70277000EAC500608004202071EE
:1053300018206071A77189F00100E071BAF1000FC7
:1053400002D0F220607200E06672A672002000F0C7
:105350005DFE94F8280000B10120FFF797FE029847
:1053600000F0A4FC2B4800F031FD2CA0D0E9001087
:10537000CDE90010684600F062FE40F2FF1000F038
:10538000BFFE3DE0DFF89CC084F82860C1B284F81D
:1053900038101CF803C084F839C084F83A2013B1DF
:1053A000012B02D003E00B2809D00C2807D084F889
:1053B0003B702670052905D0062903D007E084F844
:1053C0003B60F6E70C2D02D20C20A08100E0A58105
:1053D00084F80E909BF80000E07384F810A084F825
:1053E0001180002000F012FE94F8280000B1012086
:1053F000FFF74CFE029800F059FC064800F0E6FC6E
:10540000049800F0A7FD1898CBF8080007B000F04A
:105410000BB800002C06002070000020C194C100D1
:1054200000000000888B000830BCBDE8C08F10B5BC
:105430000C4600F047FD204600F08CFDBDE8104012
:1054400000F01ABE10B5042000F0D2FDBDE81040F7
:10545000022002F063BA002000F0D8BD00F0C8BB03
:1054600070B50E462DED0C8B01004FF000009FED46
:105470006ACB6B4C9FED6BAB7DD001297CD194F84E
:1054800039006A4900EB400094F8385001EB0010F5
:10549000C5F10C0100EBC10010ED309BA0891C345C
:1054A00002F07EFE9FED621B53EC112B02F020FCFC
:1054B00053EC192B02F0C4FE41EC1B0BA07F00F053
:1054C0000300001D02F06CFE41EC1D0BE07F1C3C54
:1054D00000B10220281A800002F04BFE41EC180BAC
:1054E000F000694200EB8100217C00EB0111A07B00
:1054F00001286FD00020081A1C3002F03AFE53EC4D
:10550000182B02F0B1FC41EC100B01F0C5F953EC83
:105510001D2B51EC100B02F093FE41EC180B53ECD9
:105520001A2B02F08BFF03D3B0EE4A8AF0EE6A8AA0
:1055300053EC1C2B51EC180B02F0DAFB53EC192B3B
:1055400002F07EFE41EC100B51EC1B0B53EC102BC8
:1055500002F0CEFB9FED381B53EC112B02F0C8FB81
:1055600041EC100B01F024FA00F076B851EC100B6E
:10557000BDE8704001E002E04AE002F0CDBDE06A23
:1055800002F00EFE41EC190B304602F009FE41EC30
:105590001B0B6088617900EBD10002F001FE41EC49
:1055A000100BE07988B19FED268B51EC100B53EC7A
:1055B000182B02F09DFB53EC1B2B02F099FB41ECE6
:1055C000100B607A022806D007E0B0EE4A8AF0EEAF
:1055D0006A8AEAE71AE09FED1CAB51EC100B53EC22
:1055E0001A2B02F085FB53EC1C2B02F029FE53EC26
:1055F000192B02F039FC9FED161B53EC112B02F016
:105600001FFE41EC100B02F09FF8ADE7142072E78B
:1056100000F028B870BD000000000000000020402D
:105620002C06002000000000000000008800002080
:1056300000000000000011402B8716D9CEF7EF3F85
:10564000000000000000F03F0000000000000040EB
:105650000000000000408F40BDEC088BBDEC04CB87
:10566000FFF784BFBDEC088BBDEC04CBFFF7D2BFC6
:1056700000F0E4BD00F0E8BD10B51C4C1A484FF432
:10568000E06120604FF4827060600020C4E9020194
:105690004FF400712061C4E905013821C4E9071005
:1056A00007216062C4E90A01206360632046FEF7B7
:1056B0002BFB2046FEF74AFB2046FEF7CFFA206878
:1056C000016841F04001016004F164000068016874
:1056D00041F00101016004F1AC000068016841F093
:1056E0000101016010BD00000038004010040020DE
:1056F000F8B515460E460B460092044600224FF4BC
:10570000C05100F019F888B93346002280212046A4
:10571000009500F05CF848B9334600224FF4C061B0
:105720002046009500F008F8002804D0206E40F0D4
:10573000200020660320F8BD2DE9F0471D461646DF
:105740000F4604464FF4C069DDF820800CE04F4559
:1057500001D106B9007B681C06D0FDF7B9FAA0EBB1
:105760000800A84208D23DB1206881683940B142A2
:10577000EDD10020BDE8F0872068416821F0E0010C
:1057800041606068B0F5827F0BD1A068B0F5004F32
:1057900002D0B0F5806F04D12068016821F040018B
:1057A0000160A06AB0F5005F09D12068016821F4AA
:1057B000005101602068016841F40051016001203E
:1057C00084F85D00002084F85C000320D2E72DE916
:1057D000F0411D4617460E460446DDF8188008E0E5
:1057E000681C06D0FDF774FAA0EB0800A8420BD2A3
:1057F00055B12068806836EA000030D00020B842F9
:10580000EED10020BDE8F0812068416821F0E00180
:1058100041606068B0F5827F0BD1A068B0F5004FA1
:1058200002D0B0F5806F04D12068016821F04001FA
:105830000160A06AB0F5005F09D12068016821F419
:10584000005101602068016841F4005101600120AD
:1058500084F85D00002084F85C000320D2E701207A
:10586000CDE7704770477047174908B5884204D99B
:10587000E1208DF80000E9201EE01449884204D997
:10588000D7208DF80000D82016E01149884204D9AD
:10589000C1208DF80000C5200EE00E49884204D9D1
:1058A00075208DF80000812006E00B49884205D95B
:1058B0006B208DF800006F208DF8010002226946F0
:1058C000982000F08FFC08BD00E9A43580F8A932CB
:1058D0008044E52D000B6B1B40FC5419064810B5A5
:1058E000407808B1062803D100F032FCFFF7BBFF77
:1058F000BDE8104000F020BC1801002008B5010AE6
:105900008DF800108DF8010002226946104600F063
:1059100069FC08BD08B502226946122000F0D4F8DF
:10592000BDF8000040BA08BD01484078704700004B
:10593000180100200220704738B50446032269464A
:10594000142000F0C1F81A498878207040B101286D
:1059500016D014212046FAF7B1FE0F20207038BD72
:105960009DF8000020719DF8010040424010A07198
:105970009DF802004042401060710020A06038BDD8
:105980009DF800004042401020739DF801008028DF
:1059900001D2800802E0A0F58070801060739DF84D
:1059A000020040424010A0734868206138BD0000EA
:1059B000180100200148807870470000180100207D
:1059C000F8B505460E4600208DF8000014466946DD
:1059D000304600F019F83278A24201D90120F8BD12
:1059E00029469DF8000000F041F80020F8BD08B5F8
:1059F00001226946152000F067F89DF8000040423A
:105A000040F3470008BD000038B50D4604460222A9
:105A10006946132000F058F80A48807801280AD116
:105A200040F2047000F07CF8C00904D040F202702B
:105A300000F076F801E09DF8000020709DF801006C
:105A4000287038BD1801002010B500F0A3F800F050
:105A50007FFB002000F0DAFA012000F0FDF8024997
:105A60000120487010BD0000180100202DE9F04110
:105A700015460E460446FFF731FFDFF848804FF425
:105A80008057002239464046FDF71CF91E2000F0E1
:105A900009FC204600F006FC002000F003FC002476
:105AA00005E0002000F0FEFB3055641CA4B2AC42BF
:105AB000F7D3012239464046FDF704F9BDE8F0412D
:105AC00000F03ABB000400482DE9F04115460E46AF
:105AD0000446FFF703FFDFF844804FF480570022AD
:105AE00039464046FDF7EEF8204600F0DBFB00208B
:105AF00000F0D8FB002405E0002000F0D3FB305577
:105B0000641CA4B2AC42F7D3012239464046FDF7EB
:105B1000D9F8BDE8F04100F00FBB000000040048D8
:105B200008B50122694600F003F89DF8000008BDA1
:105B30002DE9F04115460E460446FFF7CFFEDFF88B
:105B400050804FF48057002239464046FDF7BAF89E
:105B50001D2000F0A7FB200A00F0A4FBE0B200F03B
:105B6000A1FB002000F09EFB002405E0002000F0D7
:105B700099FB3055641CA4B2AC42F7D301223946DC
:105B80004046FDF79FF8BDE8F04100F0D5BA0000AF
:105B90000004004810B50A2001F0C0FE094C0022A4
:105BA00040212046FDF78EF8142001F0B7FE0122B7
:105BB00040212046FDF786F8BDE810400A2001F09C
:105BC000ADBE00000008004810B5144600F06EF9A4
:105BD0002046BDE8104000F03BBA08B502228DF81F
:105BE00000008DF8011069468F2000F0FBFA08BD17
:105BF00010B500221146C52000F0F4FA0149072033
:105C0000487010BD1801002008B5010A8DF8001079
:105C10008DF8010005488078002805D102226946E8
:105C200040F2BE6000F010FB08BD0000180100202B
:105C300008B5010A8DF800108DF80100054880783C
:105C4000002805D10222694640F2BC6000F0FCFA4F
:105C500008BD00001801002001B5012269469D2001
:105C600000F0C0FA08BD1CB5040A8DF800408DF89C
:105C70000100080A8DF80200100A8DF804008DF862
:105C80000520180A8DF806008DF8031008228DF8FB
:105C900007306946104600F0A5FA1CBD01B5012287
:105CA0006946A02000F09EFA08BD000030B5044609
:105CB0002DED028B83B000203349009001902078B5
:105CC0008978884201D000F0E3F82078B0B101284B
:105CD00010D1207C8DF80000607C8DF80100A07C44
:105CE0008DF80200E07C04228DF8030069468B20C9
:105CF00000F078FA03B0BDEC028B30BD0825606877
:105D000002F04EFA41EC100B9FED208B53EC102B60
:105D100051EC180B02F0A8F89FED1E1B53EC112B51
:105D200002F08EFA02F0F8F9010C8DF80010010A69
:105D30008DF801108DF80200207B8DF80300607B48
:105D40008DF804009FED151B9FED160B00F0BCFEB7
:105D500053EC102B51EC180B02F086F841EC180BA9
:105D6000A06802F01DFA53EC182B02F07DF802F047
:105D7000D3F9010C8DF80510010A8DF806108DF885
:105D800007002A46B2E700001801002000000000CA
:105D900080847E41000000000000404000000000C0
:105DA00000003940000000000000004008B58DF8F8
:105DB00000008DF801108DF802208DF803300422C8
:105DC0006946952000F00EFA08BD00003EB5044675
:105DD00000202E4900900190029020788978884216
:105DE00001D000F055F82078C8B1012816D1A0895B
:105DF0000622010A8DF800108DF80100A07B8DF8B5
:105E00000200E07B8DF80300207C8DF80400607CAC
:105E10008DF8050069468C2000F0E4F93EBD607AFB
:105E2000F12802D0F2280AD012E04FF6FF70FFF7F7
:105E3000FFFE48F20500FFF7E7FE022008E041F60A
:105E40000F50FFF7F5FE41F22100FFF7DDFE0620BF
:105E500061880922090A8DF80010A1788DF80110D7
:105E600021798DF8021061798DF80310A1798DF8F0
:105E70000410E1798DF80510217A8DF806108DF85F
:105E80000700A07A8DF80800C4E700001801002080
:105E900001B505499DF800000122887069468A20F5
:105EA00000F0A0F908BD0000180100200A460146D4
:105EB000002000F067B901B501226946962000F084
:105EC00091F908BD30B51C4C05462DED028B81B013
:105ED000207820B92846FFF7C7FC012121709FEDEB
:105EE000171B9FED180B00F0EFFD53EC102B9FEDEF
:105EF000170B51EC100B01F0B7FF41EC180B2846C3
:105F000002F04EF953EC182B01F0AEFF02F004F949
:105F1000010E8DF80010010C8DF80110010A8DF8AA
:105F200002108DF8030004226946862000F05AF919
:105F300001B0BDEC028B30BD180100200000000054
:105F40000000394000000000000000400000000098
:105F500080847E41022100F094B80000084A08B510
:105F600005215170010C8DF80010010A8DF8011007
:105F70008DF8020003226946822000F033F908BD43
:105F80001801002038B50B490446052048709621B9
:105F900040F6AC0000F052F9200C8DF80000200A09
:105FA0008DF801008DF8024003226946822000F03E
:105FB00019F938BD180100201CB5020C8DF800201D
:105FC000020A8DF801208DF80200080C8DF80300FC
:105FD000080A8DF804008DF8051006226946942001
:105FE00000F000F90149062048701CBD180100208E
:105FF00001B5FFF737FC01226946842000F0F2F872
:1060000001490020487008BD1801002001B5012297
:106010006946802000F0E6F89DF80010034811B1B1
:106020000221417008BD0121FBE70000180100209A
:1060300001B5012269469F2000F0D4F808BD10B5D3
:10604000014608224FF4D86000F0FEF8002010BD91
:10605000084A08B504215170010C8DF80010010A9E
:106060008DF801108DF8020003226946832000F0AC
:10607000B9F808BD1801002000221146D12000F017
:10608000B1B8F8B504460D460020FFF753FC40F6C2
:10609000E7066FF00207012809D00123002207213B
:1060A0000420FFF783FE162C18DD162419E04FF0AC
:1060B00001030F2C1A464FF0000106D00420FFF711
:1060C00075FE0E2C05DB0E2406E00620FFF76EFEA3
:1060D000F9E7BC4200DA3C46182103E0BC4200DA92
:1060E0003C463821304600F0A9F88DF800408DF884
:1060F0000150022269468E2000F074F8F8BD0000BD
:1061000070B504460B488078002812D14FF4D7654B
:106110002846FFF705FD00F0FE00C4F3002101430F
:10612000284600F08BF8E1B2681CBDE8704000F032
:1061300085B870BD1801002010B5044C012120461F
:10614000FCF7BBFD0128F9D010BD00000004004899
:1061500070B50B4D4FF48054002221462846FCF7C1
:10616000B1FDC02000F09EF8002000F09BF8012255
:1061700021462846FCF7A6FDBDE87040FFF7DCBFCE
:10618000000400482DE9F04115460E460446FFF78D
:10619000A5FBDFF84C804FF480570022394640467B
:1061A000FCF790FD642001F0C7FB0E2000F07AF8A8
:1061B000204600F077F8002404E0305D00F072F82B
:1061C000641CA4B2AC42F8D3012239464046FCF725
:1061D00079FD642001F0B0FBBDE8F041FFF7ACBFF2
:1061E000000400482DE9F04715460E460746FFF724
:1061F00075FBDFF844904FF4805800224146484632
:10620000FCF760FD384600F04DF8002404E0305DF6
:1062100000F048F8641CA4B2AC42F8D30122414615
:106220004846FCF74FFD842F03D0BDE8F047FFF749
:1062300083BFBDE8F08700000004004813B50122C9
:1062400001A900F001F81CBD2DE9F04115460E46EC
:106250000446FFF743FBDFF848804FF480570022E5
:1062600039464046FCF72EFD0D2000F01BF8200AB1
:1062700000F018F8E0B200F015F8002404E0305DFA
:1062800000F010F8641CA4B2AC42F8D301223946E5
:106290004046FCF717FDBDE8F041FFF74DBF000099
:1062A0000004004801B582B04FF47A7000900123D9
:1062B00001AA02A90248FDF7ABFD9DF804000EBD3E
:1062C00010040020FCF70ABD1A4810B5816D98B083
:1062D00041F080518165806D012100F08050169061
:1062E0000804CDE90010022003240A90CDE90B41F7
:1062F00014210D910721CDE90E1010906846FDF78D
:1063000083FA00B1FEE70F20CDE9110400201390BD
:1063100014901590042111A8FDF76CF900B1FEE767
:106320004FF40070FCF766FD002800D0FEE718B0BF
:1063300010BD0000001002400D48016841F47001DA
:1063400001600C48016841F0010101600021816099
:106350000268094B1A4002608214C260026822F48B
:106360008022026081610249C00380390860704761
:1063700088ED00E000100240FFFFF6EA90F82410DC
:10638000C90706D001684A68836A22F400321A43BA
:106390004A6090F82410890706D501684A68C36AE4
:1063A00022F480321A434A6090F82410490706D537
:1063B00001684A68036B22F480221A434A6090F80D
:1063C0002410090706D501684A68436B22F400428D
:1063D0001A434A6090F82410C90606D501688A68F5
:1063E000836B22F480521A438A6090F82410890645
:1063F00006D501688A68C36B22F400521A438A608A
:1064000090F82410490611D501684A68036C22F4FB
:1064100080121A434A60016CB1F5801F06D10168F1
:106420004A68436C22F4C0021A434A6090F8241070
:10643000090606D501684A68806C22F400220243EE
:106440004A607047F8B5002504464567FCF740FCF4
:106450000746206800686FF07E46000708D53B4677
:1064600000224FF400112046009600F091F960B927
:106470002068006840070AD53B4600224FF480019F
:106480002046009600F084F908B10320F8BD2020D2
:1064900084F8710084F8720084F870500020F8BD10
:1064A00010B5806A0021A0F85A10A0F85210FDF72C
:1064B0002BFE10BD01680A6822F490720A60016820
:1064C0008A6822F001028A60202180F8721000217F
:1064D000016670472DE9F047044600682369A1680A
:1064E000D4F81CC0194363691025002643EA0C0345
:1064F00019439B4A03683746DFF868C203EA0C0376
:106500000B43036020684168E36821F4405119435C
:1065100041602168A069914201D0236A18438B68C9
:1065200023F4306303438B608F4B21688F4899427B
:106530000DD1D0F8880010F0030006D001285AD001
:10654000022856D0032859D157E0012556E0884B40
:1065500099420BD1D0F8880010F00C0047D00428E5
:1065600049D0082845D00C2848D146E0814B9942B3
:106570000BD1D0F8880010F0300038D010283AD075
:10658000202836D0302839D137E07B4B99420BD1C7
:10659000D0F8880010F0C00029D040282BD08028E7
:1065A00027D0C0282AD128E0744B99420ED1D0F8C8
:1065B000880010F440701AD0B0F5807F1BD0B0F581
:1065C000007F16D0B0F5407F18D116E0914215D16A
:1065D000D0F8880010F4406009D0B0F5806F0AD080
:1065E000B0F5006F05D0B0F5406F07D105E000258C
:1065F00004E0022502E0042500E00825604B4FF08E
:1066000000084FF40040914244D135B1022D07D02B
:10661000042D07D0082D10D107E0FDF77DF803E029
:10662000184602E0FDF79CF898B3626802EB42015D
:10663000814202D8B0EB023F01D9012789E065B160
:10664000022D0DD0042D13D0082D1BD001274D494C
:10665000A6F5407088427AD9EFE7FDF75DF809E0CA
:106660005008494B11E00023F9F70FFE0646EEE70C
:10667000FDF776F86268010E05025008281841EB14
:106680000801F0E750084FF40003C01848F100017A
:10669000E9E75EE0E1694FF6EF7981422ED1092DFD
:1066A0001DD2DFE805F00508121C151C1C1C180083
:1066B000FDF732F801E0FDF741F84100606801EBB9
:1066C0005001B1FBF0F086B20AE030496068F6E7AD
:1066D000FDF746F8F1E74FF480316068EFE70127F6
:1066E000A6F110004845A8D84FF6F07106EA01005F
:1066F000C6F3420108432168C8602AE0092D21D26F
:10670000DFE805F005081220162020201A00FDF70A
:1067100003F801E0FDF712F80146606801EB500153
:10672000B1FBF0F086B20EE0606803EB5001F7E7D2
:10673000FDF716F8F0E70AE0616800EB5100B0FBE6
:10674000F1F0EFE70127A6F11000484584D8206852
:10675000C660C4F860803846C4F86480BDE8F0873D
:1067600000800040F369FFEF003801400010024054
:106770000044004000480040004C004000500040F1
:106780000024F400FFFC0F00000024F40048E8019E
:106790002DE9F0411E46174688460446069D1CE03A
:1067A000681C1AD025B1FCF793FA801BA84214D9B3
:1067B0002068016821F4D07101602068816821F0AF
:1067C00001018160202084F8710084F872000020AB
:1067D00084F870000320BDE8F0812068C16938EAC0
:1067E000010004D00020B842DAD00020F3E70120F5
:1067F000F9E7000038B518480068C069C043800652
:1068000022D44FF47A73012269461348FDF78AFDBA
:10681000124A1088010417D441049DF800104FF06B
:10682000000304D50A290ED140F4004012E00D29DE
:106830000ED0C0F30D04084D401CC83D80B2295550
:106840001080C72800D913800348FDF75FFC38BDCE
:1068500040F480401080F7E7340300204C00002013
:10686000FEE703B401984100009850EAC12018BF28
:1068700004204A0D18BF40F0010040F2FF72B2EB55
:10688000515F08BF40F00200012808BF052002B098
:1068900070470000000000002DE9F0412DED020BD3
:1068A0009FED3D0B2DED028B9FED3D8BDDE90254FD
:1068B000C4F30A50A0F2FF36142E37DA002E18DA8D
:1068C00053EC102B9DED020B51EC100B01F010FA64
:1068D00053EC182B01F0B2FD57D2002CBCBF4FF087
:1068E0000044002551DB54EA050018BF2E4C1BD193
:1068F0004BE02E4820FA06F704EA070028431FD091
:1069000053EC102B9DED020B51EC100B01F0F0F944
:1069100053EC182B01F092FD37D2002C03DD4FF41D
:106920008010F0400444BC4300252EE0332E07DCE9
:10693000A6F114004FF0FF3121FA00F73D4206D1D5
:106940009DED020BBDEC028B02B0BDE8F08153EC73
:10695000102B9DED020B51EC100B01F0FFFD53ECE1
:10696000182B01F06BFD10D2002C0DDD142E08BF8A
:10697000641C09D0C6F13400012101FA00F028445A
:10698000A84238BF641C0546BD43CDE902549DEDC5
:10699000020BD7E7000000009C7500883CE4377EBE
:1069A00000000000000000000000F03FFFFF0F00AB
:1069B0002DE9F0412DED020B9FED3D0B2DED028BEE
:1069C0009FED3D8BDDE90254C4F30A50A0F2FF367F
:1069D000142E37DA002E18DA53EC102B9DED020B33
:1069E00051EC100B01F084F953EC182B01F026FD4B
:1069F00057D2002CA4BF0024254652DA24F00040D0
:106A0000284318BF2E4C4CD01AE02E4820FA06F727
:106A100004EA070028431FD053EC102B9DED020B16
:106A200051EC100B01F064F953EC182B01F006FD4A
:106A300037D2002C03DA4FF48010F0400444BC43FA
:106A400000252EE0332E07DCA6F114004FF0FF31B5
:106A500021FA00F73D4206D19DED020BBDEC028B01
:106A600002B0BDE8F08153EC102B9DED020B51EC10
:106A7000100B01F073FD53EC182B01F0DFFC10D26A
:106A8000002C0DDA142E08BF641C09D0C6F13400A6
:106A9000012101FA00F02844A84238BF641C0546D1
:106AA000BD43CDE902549DED020BD7E70000000085
:106AB0009C7500883CE4377E000000000000000068
:106AC0000000F0BFFFFF0F002DE9F04D2DED040B8E
:106AD0002DED0E8B96B0DDE92550279CDDF890A0BA
:106AE00025F0004624F00048BAF1000F14BF012140
:106AF000002101EB4502FC4953184A1093422AD366
:106B0000002814BF0123002303EB44030B44F7497F
:106B10008B4220D358EA00019FEDF59B76D0DFF839
:106B2000D8B35D4503D1BAF1000F05D188E0BAF1C1
:106B3000000F08BF002100D0012101EB450111F534
:106B4000001F08D8002814BF0121002101EB4401D7
:106B500011F5001F0BD99DED261B9DED240B16B0E2
:106B600000F0DABD04B0BDE8F04D00F089BE0027AA
:106B7000002DBCBFE149884521DAE1498845A8BF1D
:106B800002271CDAC3451ADCDE4901EB285114291F
:106B900008DDC1F1340220FA02F101FA02F2824268
:106BA0000DD108E058B9C1F1140228FA02F101FA36
:106BB00002F2424503D101F00101C1F1020756EA98
:106BC0000A0124D1002C22DA002D18BF022F01D097
:106BD000012F0AD00220F9F7A1FD16B000F0A2BDE6
:106BE00004B0BDE8F04D00F033BE0220F9F796FD89
:106BF00000F02EFE51EC100B01F03CF841EC100BB4
:106C000016B000F095BD04B0BDE8F08D18E09FED22
:106C1000BEAB9FEDBF8B002871D1B848804522D113
:106C200005F1804010F5801008BFBAF1000F07D0C1
:106C3000B3450ADC002CA8BF9DED260BE0DA0DE081
:106C4000B0EE490AF0EE690ADAE7002C06DA9DEDAB
:106C5000260B51EC100B01F00DF86FE0AE487844B4
:106C600090ED000BCCE7D8454DD1002C48DA2EB181
:106C700086423AD1BAF1000F42D126E0BAF1000FB4
:106C800013D00220F9F74AFD00F016FE8DED020B3D
:106C90009DED240B8DED000B10EE900A039961F32E
:106CA0001E0003909DED020BAAE78DED02AB9DED5A
:106CB000240B1AEE901A10EE900A8DED000B61F382
:106CC0001E0003909DED020B9AE78DED028B9DED6A
:106CD000240B18EE901A10EE900A8DED000B61F364
:106CE0001E0003909DED020B8AE709DA9DED240B4F
:106CF00051EC190B53EC102B01F0B6F81EE020E01C
:106D00009DED240B7CE786421BDAB4F1804F0DD059
:106D1000A4F10050B0F1FF5013D1002D11DB9DED17
:106D2000240B51EC100B00F035FF07E09DED240B18
:106D300053EC102B51EC100B00F0C2BC41EC100BCB
:106D40005EE79DED240B51EC100B00F00FFEBAF145
:106D5000000FCDE90E0142D19FED710B46B3A6F1B4
:106D6000E040B0F17F600CD05E4538D1002D00DAF4
:106D7000A7B3022F0CBF01204FF0FF3001F0F9F94B
:106D8000DCE7002D01DD002C0DDA002D01DD002CEB
:106D90001FDB002D16DA002C14DB012F08BF9FED3E
:106DA000620B3FF42DAFB0EE4A0AF0EE6A0A27E715
:106DB000022F18BF002D0CD0012F0AD1002DFFF695
:106DC0001FAF06E0002DB8BF002C08DA012F3FF4FA
:106DD00017AFB0EE480AF0EE680A11E71BE0012099
:106DE00000EBE57050EA070115D0791EB0EE498A34
:106DF000F0EE698A084308BF9FED4D8B4E48002591
:106E0000804570DD4D494E48884514DDB0420DDBAC
:106E1000002C19DB2FE00120F9F780FC16B000F000
:106E20008DBC04B0BDE8F04D00F036BDB34502DCCA
:106E3000002C09DC1FE0864202DA002C1BDA03E09A
:106E40005E452BDD002C16DD0220F9F767FC00F013
:106E500033FD8DED020B53EC1A2B51EC180B01F0A6
:106E6000EFF9CDE900010399019861F31E00039049
:106E70009DED020BC4E60220F9F750FC00F02CFD5A
:106E800010EE901A18EE900A8DED020B8DED008B2E
:106E900061F31E0003909DED020BB1E69DED0E0B1C
:106EA00053EC192B51EC100B01F030FC9FED260B2D
:106EB000CDE9080153EC102B9DED080B51EC100BA4
:106EC00001F0BEF99FED221B53EC112B01F046FBA4
:106ED0009DED081B53EC112B01F0B2F99FED1E1B29
:106EE00053EC112B3CE08CE0FFFF1F00FFFF0F0075
:106EF000000000000000F03F0000F03F0000F07FC5
:106F00000000404301FCFFFF000000000000F07F94
:106F100000000000000000007620000000000000DB
:106F20000000000000000080000000000000F0FFF2
:106F3000000000000000F0BF0000E0410000F0434E
:106F4000FFFFEF3F00000000000000000000D03F06
:106F5000555555555555D53F000000000000E03F00
:106F600001F0FCFA9DED080B41EC1A0B53EC102BD1
:106F700051EC100B01F064F953EC1A2B01F060F99D
:106F800041EC1A0B9FEDFE0B53EC102B9DED080B03
:106F900051EC100B01F054F941EC1B0B9FEDFA0B77
:106FA00051EC1A0B53EC102B01F04AF941EC1A0B7F
:106FB0009FEDF70B53EC102B9DED080B51EC100BD4
:106FC00001F03EF953EC1A2B01F0A0FB41EC1A0B37
:106FD00051EC1B0B53EC1A2B00F08AFE0690CDE906
:106FE00006519DED060B53EC1B2B51EC100B01F0E1
:106FF0008DFB53EC1A2B01F0B1FA41EC100B00F0B1
:10700000A1B90020B6F5801F0EDA9FEDE30B53EC1B
:10701000102B9DED0E0B51EC100B01F011F9CDE989
:107020000E016FF034000E4600EB2650A0F2FF3741
:10703000C6F31300DA4940F07F6646F040568842B6
:10704000D8BF002408DDD7498142C8BF012403DC32
:107050000024A6F580167F1CD348784400EBC400BA
:107060000F9690ED00CB9DED0E0B53EC1C2B51ECCD
:10707000100B01F04BFB9DED0E0B41EC1B0B53EC89
:107080001C2B51EC100B00F033FE41EC100B51ECBB
:10709000190B53EC102B00F0E7FE41EC1D0B51ECEB
:1070A0001B0B53EC1D2B01F0CBF841EC1A0BBF4826
:1070B0008DED10AB7844109590ED000B4FF0005023
:1070C00040EA660000EB84408DED080B00F50020DF
:1070D00009909DED080B53EC1C2B51EC100B01F0AB
:1070E00015FB9DED0E1B53EC112B01F037FA41EC13
:1070F000100B53EC102B9DED100B51EC100B01F00D
:107100009FF89DED080B41EC1C0B53EC102B9DEDF3
:10711000100B51EC100B01F093F853EC1B2B01F00A
:107120001DFA53EC1C2B01F0F1FA53EC1D2B01F06E
:1071300087F841EC1C0B53EC1A2B51EC1A0B01F0A5
:107140007FF841EC1B0B9A480621B0EE4B0AF0EE9B
:107150006B0A784400F000FBB0EE401AF0EE601AC3
:10716000B0EE41DAF0EE61DA53EC1B2B51EC1B0B65
:1071700001F066F853EC1D2B01F062F89DED100B49
:1071800041EC1B0B53EC1A2B51EC100B00F0B0FD33
:1071900053EC1C2B01F054F853EC1B2B00F0A8FD12
:1071A0009DED100B41EC1B0B53EC102B51EC100B15
:1071B00001F046F841EC1D0B9FED7FEB53EC1E2BCD
:1071C00000F096FD53EC1B2B00F092FD0890CDE9EA
:1071D00008519DED080B53EC1E2B51EC100B01F0E8
:1071E00095FA53EC1D2B01F091FA53EC1B2B01F097
:1071F000B5F99DED080B41EC1D0B53EC102B9DEDEB
:10720000100B51EC100B01F01BF841EC1B0B53EC75
:107210001A2B51EC1D0B01F013F89DED080B41ECFE
:107220001A0B53EC102B51EC1C0B01F009F853EC2A
:107230001A2B00F05DFD41EC1A0B51EC1B0B53ECCB
:107240001A2B00F055FD0C90CDE90C519DED0C0B67
:1072500053EC1B2B51EC100B01F058FA53EC1A2B8A
:1072600001F07CF941EC1B0B9FED550B53EC102BFF
:107270009DED0C0B51EC100B00F0E2FF41EC1A0BF2
:107280009FED510B51EC1B0B53EC102B00F0D8FF72
:1072900041EC1B0B9FED4E0B53EC102B9DED0C0B9B
:1072A00051EC100B00F0CCFF53EC1B2B00F020FD39
:1072B00041EC100B4848784400EBC40090ED001BF3
:1072C00051EC100B53EC112B00F012FD41EC1B0B99
:1072D000384600F04EFFCDE9080153EC1B2B51EC72
:1072E0001A0B00F005FD41EC100B3C48784400EB14
:1072F000C40090ED00CB51EC100B53EC1C2B00F0B4
:10730000F7FC9DED081B53EC112B00F0F1FC0690EF
:10731000CDE906519DED080B53EC102B9DED060BAE
:1073200051EC100B01F0F2F953EC1C2B01F0EEF9CB
:1073300053EC1A2B01F0EAF953EC1B2B01F00EF978
:1073400041EC100B9DED261B53EC102B8DED001B1B
:1073500000959DED260B51EC100B00F071FF9DED9B
:10736000000B41EC1A0B53EC102B9DED260B51EC4E
:10737000100B01F0CBF99DED061B53EC112B2FE008
:10738000000000604715F73FFE822B654715F73F69
:1073900044DF5DF80BAE543E0000000000004043A7
:1073A0008E9803007AB60B00F21B0000201C000030
:1073B0002A1B000000000000000000000000084040
:1073C000000000E009C7EE3FFD033ADC09C7EE3FCD
:1073D000F5015B14E02F3EBEB619000070190000E5
:1073E00000F02EFF53EC1A2B00F082FC9DED060BF3
:1073F00041EC1A0B53EC102B9DED000B51EC100BD4
:1074000000F01EFFCDE90C019DED0C0B51EC1A0BA9
:1074100053EC102B00F06CFCCDE902010C46AA499C
:107420008C422FDB611A084318D19DED0C0B53ECF5
:10743000102B9DED020B51EC100B01F067F941ECA4
:107440001B0B9FEDA30B51EC1A0B53EC102B00F010
:107450004FFC53EC1B2B00F0F1FF2DD20220F9F76B
:107460005DF900F029FA10EE901A18EE900A8DEDF1
:10747000020B8DED008B61F31E0003909DED020B5E
:10748000FFF7BEBB944A24F00041914214D39349C4
:10749000214408437FF4EFAC9DED0C0B53EC102B13
:1074A0009DED020B51EC100B01F030F953EC1A2B4F
:1074B00000F0C4FF7FF6DFAC24F000408849894A21
:1074C000002601EB205182422BDA481C4FF4801138
:1074D00021FA00F02044844AC0F30A517A44A1F210
:1074E000FF3192ED000B814A8DED080BCA4020EA76
:1074F0000202C0F3130040F48010C1F1140120FA1D
:1075000001F60992002CB8BF76429DED080B53ECB2
:10751000102B9DED0C0B51EC100B01F0F7F8CDE9A1
:107520000C019DED0C0B51EC1A0B53EC102B00F0E1
:10753000DFFB9FED6F0B0890CDE9085153EC102B4A
:107540009DED080B51EC100B00F07AFE41EC1B0B8B
:107550009FED690B53EC102B9DED080B51EC100BBC
:1075600000F06EFE9DED0C0B41EC1C0B53EC102B50
:107570009DED080B51EC100B01F0C8F853EC1A2BE1
:1075800000F0ECFF9FED5E1B53EC112B00F058FE5A
:1075900053EC1C2B00F0ACFB41EC1A0B51EC1B0B19
:1075A00053EC1A2B00F0A4FBCDE902019DED020B78
:1075B00053EC1B2B51EC100B01F0A8F853EC1A2BD9
:1075C00000F0CCFF9DED020B41EC1A0B53EC102B9D
:1075D00051EC100B00F034FECDE908014A489DED56
:1075E000080B0521784400F0B7F89DED081B51EC1D
:1075F000100B53EC112B00F023FE9DED021B53ECFE
:10760000112B00F0ABFFCDE906019DED020B53EC11
:107610001A2B51EC100B00F013FE53EC1A2B00F058
:1076200067FB9FED3B0B41EC1A0B53EC102B9DEDD0
:10763000060B51EC100B01F069F89DED060B41ECC7
:107640001B0B53EC102B9DED020B51EC100B00F0BB
:10765000F7FD53EC1B2B00F007FC53EC1A2B01F049
:1076600055F89DED021B53EC112B01F04FF853EC34
:10767000192B00F073FFCDE9020101EB0650011553
:107680000029C8BF039015DC9DED020B324651EC7A
:10769000100B01F0D4F9FFF7E4F8042808BF00F05C
:1076A0001BF932469DED020B51EC100B01F0C7F9AE
:1076B000CDE902019DED020B51EC180B53EC102BA0
:1076C00000F0BEFDFFF73ABB000090400000000054
:1076D000FE822B654715973C00CC904000346F3FED
:1076E00001FCFFFF0000E03FF8170000FFFF0F0064
:1076F00000000000432EE63F396CA80C615C20BE00
:10770000EF39FAFE422EE63FC816000000000000E6
:107710000000000000000040BDEC088BBDEC06CB73
:10772000FFF720BABDEC088BBDEC06CBFFF758BACB
:10773000BDEC088BBDEC06CBFFF765BABDEC088B42
:10774000BDEC06CBFFF76DBB10B551EC100B00F094
:10775000ABFE41EC100B10BD70B504462DED028B55
:107760004D1E00EBC500B0EE408AF0EE608A90ED51
:10777000000B35F0060017D053EC182B51EC100B12
:1077800000F05EFD41EC100B6D1E04EBC50090EDAA
:10779000001B51EC100B53EC112B00F0A9FA41EC3B
:1077A000100B35F00600E7D1022D36D0042D1CD089
:1077B000062D1CBFBDEC028B70BD53EC182B51EC99
:1077C000100B00F03DFD94ED0A1B53EC112B00F063
:1077D0008FFA53EC182B00F033FD94ED081B53EC9B
:1077E000112B00F085FA41EC100B53EC182B51ECE7
:1077F000100B00F025FD94ED061B53EC112B00F04F
:1078000077FA53EC182B00F01BFD94ED040B53ECAE
:10781000102B00F06DFA41EC100B53EC182B51ECCF
:10782000100B00F00DFD94ED021B53EC112B00F03A
:107830005FFA53EC182B00F003FD94ED001B53ECA2
:10784000112B00F055FABDEC028B41EC100B70BD12
:107850009FED070B10B553EC102B9FED070B51EC70
:10786000100B00F001FB41EC100B10BD00000000FC
:107870000000000000000000000000000000F03FD9
:1078800010B553EC112B51EC100B00F031FA41EC18
:10789000100B10BD000000009FED050B10B553EC60
:1078A000102B51EC100B00F0DFFA41EC100B10BD67
:1078B00000000000000000009FED050B10B553EC28
:1078C000102B51EC100B00F0BBFC41EC100B10BD69
:1078D00000000000000000709FED050B10B553EC98
:1078E000102B51EC100B00F0ABFC41EC100B10BD59
:1078F000000000000000001030380A2801D20120EA
:10790000704700207047704710B504460420FCF70C
:10791000AFFB0148046010BD4800002070B505466B
:1079200000244FF47A7603E0304600F005F8641C3A
:10793000AC42F9D370BD000070B54FF0E0250021D6
:107940006C69094AAB6912685043AA699A42FCD033
:1079500002D2A3EB020302E0A4EB02063344194473
:1079600013468142F1D370BD4800002082B0CDE9BA
:10797000000121F0004001909DED000B02B051ECA0
:10798000100B704704490A685206FCD5024AC1B27E
:107990000C321180704700001C4800405D4E8AB0D8
:1079A000AA20F070FBF7A2F9FEF78EFC5020FFF73B
:1079B000ABFFFAF76FF84FF4E13000F023F9012242
:1079C00008215548FBF77EF9FCF75AFFFDF754FEF6
:1079D000524C012211032046FBF774F9F9F752FFCC
:1079E00006F12E00F9F79AFFFAF708F8F9F7D2FF37
:1079F000012204212046FBF765F96420FFF78EFF82
:107A0000FCF7D8FE00F09CF86420FFF787FF45489C
:107A10004349494D016044498160444941604449BA
:107A2000C1604449016129688847E968434888473B
:107A3000002440F6B83A059406940222CDE9074A9C
:107A400009204FF008098DE805024FF00108CDE943
:107A500003481346EF69224616214046B847099469
:107A6000CDE904480694CDE90049079408940294AE
:107A7000039402230922AC6919460120A0473078FB
:107A8000B8B1284C50201C3401222070492060706D
:107A90004E20A0704720E07004212046FDF782F9B7
:107AA000F081010A21716071AA6A0621204690477F
:107AB00002E0696B504688471A4F8024CC3740F269
:107AC000DC58FAF757F80120FFF728FFFAF7BCF95E
:107AD0000520FFF723FFFAF7E7F90120FFF71EFF64
:107AE000286E80470F48214634710122CC30FDF7C3
:107AF00059F9F0813179030A7A18891C5370907012
:107B00000848AA6AC9B2CC3090474046FFF706FF42
:107B1000D7E70000000000200008004800040048EB
:107B20000D4A00082001002015490008254A0008D8
:107B3000B5490008B14900081C8B00088050DE19C7
:107B400010B508210D4800F01DF84FF47A74204656
:107B5000FFF7E4FE0821094800F014F82046FFF77B
:107B6000DDFE06480821083000F00CF86010FFF731
:107B7000D5FEBDE810400248FCF79BBA4E0000203D
:107B8000340300200A46014664230148FCF741BC47
:107B90003403002000B52DED048B83B041EC190BAC
:107BA00000F0E8FC41EC180B18EE100A18EE901AE1
:107BB0008DED008B002818BF0120084320F0004005
:107BC000C0F17F6000F1E040C00F14D019EE101A30
:107BD00019EE900A8DED009B002918BF0121084382
:107BE00020F00040C0F17F6000F1E040C00F04BF12
:107BF0000120F8F793FD51EC180B03B0BDEC048B9A
:107C000000BD000010B50F4C0D49C4E90010002064
:107C1000A060E0602061A0610C2060612046FCF75C
:107C200017FB2068016841F0200101602720FBF765
:107C3000A3F80322BDE8104011462720FBF7A8B89F
:107C4000004800403403002010B500290AD008780D
:107C5000002807D005487844F9F76AF9002801D0D0
:107C6000002010BD0248784410BD00003E11000005
:107C70003611000081F00041704780F000407047ED
:107C800021F00041704720F00040704721F0004291
:107C9000A2F16052B2F5801F01F0004328BFD2F17B
:107CA0007F6C0BD95FEA001C43EAC20242EB5070C2
:107CB00018BF704728BF20F001007047B2F5801F41
:107CC000BCBF184670474FEA410C1CF5001F02D29A
:107CD000084600F07BBE70B500F05CFB0000008938
:107CE000FFF7F6BF4FF00040A0F58000704700009E
:107CF00010B591EA030F48BF83F0004300F10E85F1
:107D0000841A71EB030C05D2121943EB0C03001B10
:107D100061EB0C01DFF824E14FEA1154A4EB135C92
:107D20001EEA430F18BF9EEA445F73D023EA0E0396
:107D3000DCF1200E21EA045143F4801332D322FAFD
:107D40000CFE10EB0E0023FA0CFE41EB0E01CCF101
:107D5000200E03FA0EFE10EB0E0051F10001B1F5FA
:107D6000801FCCF1200E32D201EB045112FA0EF238
:107D7000BDE8104058BF7047401C38BF5FEA420260
:107D800018BF7047002814BF20F0010041F1000126
:107D90004FEA410313F5001F38BF7047A1F1C041FE
:107DA00000F046BB012A43EB0302ACF1200CDCF1EE
:107DB0001F0E32BF4FF0000E23FA0CF310EB03003E
:107DC00041EB0451B4EB115FD0D0A1EB045101F5AC
:107DD000801149085FEA300001EB04510ED350F1E5
:107DE000000038BF12FA0EFE08D1BDE81040C9E706
:107DF000401C38BF5FEA4202CAD1C3E7BDE8104069
:107E00004FEA410313F5001F38BF7047A1F1C0418D
:107E100000F00EBB9EEA445F08D011EA5E0FBDE899
:107E2000104004BF01F0004100207047BDE8104041
:107E300070B500F0AFFA00BF64FBBE3E0000E0FF8B
:107E400002494FF0000000F0C8BD00BF0000F87FFD
:107E5000491058BFC1F140415B1058BFC3F14043C6
:107E60008B42EFF3008070472DE9C04130B4DFF85A
:107E7000A0C23CEA111418BF3CEA131400F0EC80D5
:107E800081EA03051CEA111444EAD57418BF1CEA00
:107E9000131500F0C780A4EB05044FF0004545EA38
:107EA000C12145EAC32341EA505143EA525304F148
:107EB0007F74994204F500344FEAC0204FEAC22291
:107EC00008BF904200F09C804FEA13650FF2401605
:107ED000765D4FEA134506FB05F7C7F1807706FB91
:107EE00007F74FEAD737A7FB03687642C8F5803813
:107EF000A7FB06CE38BFA8F1010807FB08E64FF044
:107F0000000EA6FB028CE6FB03CEDCF1000CCEF1EA
:107F1000004E38BFAEF1010EA6FB0C584FF0000723
:107F20004FF00005E6FB0E87A1FB08C6A0FB07CEBD
:107F300016EB0E0645F10005E1FB076515F1E04E75
:107F40007EBFA4F580345FEA46066D4116F18007D6
:107F500045F100054FEA17274FEA066647EA05672D
:107F6000A6F1DE46B6F1805F4FEA15251FD93846E7
:107F700024F0010C05EBC471BCF1FE6F01EB0C1198
:107F800002D8F0BCBDE8008124425CBF01F5801E30
:107F90009EEAC47F02D4F0BCBDE80081244238D4FC
:107FA000F0BCA1F1C041BDE8004100F041BA4FEA88
:107FB000D22242EA43524FEAD323A7FB02864FEA7A
:107FC000D02040EA415007FB03661EEA0E0F4FEA3D
:107FD000D12105FB026658BFA6EB0056B6EB005652
:107FE0004FEA520E4EEAC37E18EB0E0E56EB530EBE
:107FF000BDD518EB02085E417F1C55F10005B6E7C0
:108000004FF480154FF000074FF000064FF00008C6
:10801000ADE7F0BC4FF0000001F1C04101F00041BC
:10802000BDE8008111EA0C1F0CEA131500D00CE02A
:1080300013EA0C1F00F025804FF00000F0BC81EA2D
:10804000030101F00041BDE80081F0BCBDE8004142
:1080500081EA030100F0ECB9F0BCBDE8004170B565
:1080600000F098F9097EFC3E00F007B881EA0301B0
:108070004FF0000001F00041704781EA030100F079
:10808000D7B9F0BCBDE800414FF00000214970476E
:10809000FFFDFBF9F7F5F4F2F0EEEDEBE9E8E6E4CD
:1080A000E3E1E0DEDDDBDAD8D7D5D4D3D1D0CFCD54
:1080B000CCCBCAC8C7C6C5C4C2C1C0BFBEBDBCBB8D
:1080C000BAB9B8B7B6B5B4B3B2B1B0AFAEADACAB88
:1080D000AAA9A8A8A7A6A5A4A3A3A2A1A09F9F9E62
:1080E0009D9C9C9B9A999998979796959594939314
:1080F000929191908F8F8E8E8D8C8C8B8B8A8989AB
:10810000888887878685858484838382828181802D
:108110000000FF070000F87F4FEA1153A3F58063CA
:10812000D3F11E03A8BFD3F1200C08DB4FF00042AF
:1081300042EAC12252EA505232FA03F07047094231
:108140000BD4102BC4BF0020704703F5787CBCF122
:10815000FF3F05D04FF0FF3070474FF000007047F1
:1081600070B500F017F900BF4992248000207047D5
:10817000F0E710F0004248BF4042B0FA80F310FA36
:1081800003F10AD0C3F11D0303F580634FEA4150A8
:1081900002EB035202EBD12170474FF00000704711
:1081A000B0FA80F310FA03F10AD0C3F11D0303F50E
:1081B00080634FEA41504FEA035202EBD1217047EE
:1081C0004FF000007047000051EA030C17D41CF573
:1081D000801F58BFBCF5801F00F10680994218BF70
:1081E000704708BF9042704707D711F5801F58BFEE
:1081F00013F5801F19D499427047894270471CF5C6
:10820000801F08D5BCF5801FF7D58B4218BF70477B
:1082100008BF824270474FF4001C1CEB410F38BF6F
:108220001CEB430F01D28B42704770B500F0B2F8DF
:10823000922449004FF000514FF08053FFF708BEE1
:10824000DFF848C170B51CEA111E1EBF1CEA1315E9
:108250009EEA0C0F95EA0C0F00F06F8081EA030490
:1082600023EA4C134EEAD47E21EA4C1141F48011EA
:1082700043F48013AE44A1FB024CA0FB0365AEF1B6
:108280007F7E361955EB0C05A1FB034C4CF1000326
:10829000A0FB021C16EB0C06654153F100030942DA
:1082A00018BF46F0010613F4007F0BD14FEA0331EB
:1082B0004FEA0530340341EA155140EA16506FF099
:1082C00003020AE04FEAC3214FEAC520F40241EA63
:1082D000555140EA56506FF0020202EB2E4201EB7C
:1082E000025585EACE710AD05FEA440C18BF24F02B
:1082F000004450F1000041F1000120EAD47040F246
:10830000FE7C624500D270BDA84214BF4FF080448D
:108310004FF04044002E08BF0024BEF1806FA8BF7C
:10832000A1F1C041BDE8704080F282804FF00000B2
:1083300001F1C04101F0004170479EEA0C0F0CEAC8
:10834000131518BF95EA0C0F06D04FF0000081EA14
:10835000030E0EF0004170BD00F01CF88900013ED4
:1083600000F007B800F009B84FEA430C5FEA5C5C24
:1083700008D081EA030100F05BB84FEA410C5FEAE4
:108380005C5CF6D14FF00000014970470000FF0728
:108390000000F87F0EF1020E2EF0030E5EF8046B63
:1083A000364205D4012A43EB030515F5001F12D808
:1083B000012841EB010C1CF5001F0CD80ED14FEA2F
:1083C000D17C15F5001F0CEB4C0C0CF1020C08BF16
:1083D0004CEBD37C04E04FF0080C01E04FEAD37C77
:1083E0000CEB4C0526FA05F606F00706B6F1040C70
:1083F00006D20EEB860CBDE870404CF0010C6047D5
:10840000DFE80CF0090B02024FF000414FF00000D2
:10841000A1F5002170BD19461046012851EB010459
:1084200018BFD4F5001484BF002001F0004170BDD6
:108430000808A0F500114FEA3101704753EA010C1A
:1084400017D41CF5801F58BFBCF5801F00F10680B3
:108450008B4218BF704708BF8242704707D713F599
:10846000801F58BF11F5801F19D48B4270479B4263
:1084700070471CF5801F08D5BCF5801FF7D59942C1
:1084800018BF704708BF904270474FF4001C1CEBA8
:10849000430F38BF1CEB410F01D2994270470FB414
:1084A0000CBC03BCFFF7C1BE5FEA410C5FEA5C5C39
:1084B000ACF580635B1C39D4D3F1340240F34580C2
:1084C000B2F1200314DA4FF0010C0CFA02FCACF10B
:1084D00001030340B3EB5C0220EA030008BF10EA8B
:1084E0000C0F98BF704710EB0C0041F10001704772
:1084F0000AD0C3F1200201FA02FC012821FA03F19B
:1085000001FA03F14CF100004FF0010C0CFA03FCEE
:10851000ACF10103B0F1004F21EA030108BF11EAF9
:108520000C0F4FF0000088BF61447047B3F1FF3F6C
:1085300028BF50EAC12C01F000414FF0000084BF79
:1085400041F07C5141F470017047B3F5806FB8BFC2
:10855000704770B5FFF71EFF40DBB6BE91EA030F10
:1085600010B581F000413FF5CBAB83F0004300F044
:10857000D5B800002DE9F04101F5801CBCF5001FC5
:10858000C0F2A9804FEA115C21EA0C510CF1FD0CFC
:1085900041F480115FEA5C0C0CF5C07C01D3400013
:1085A000494130A4890241EA905187028E0E0A0C9B
:1085B000A45D04FB04F602FB06F6C6F14046A4FBEC
:1085C0000662F60D46EA422606FB06F4A4FB0123EA
:1085D0005242C3F1404338BF5B1EA6FB0242002457
:1085E000E6FB0324D20B42EA4446A6FB0623A1FB8A
:1085F00002E2A3FB07E4E3FB61426442C2F1404EA6
:1086000038BFAEF1010EA6FB04234FF00002E6FBDB
:108610000E32A2FB03463400E2FB6264A1FB06E6D5
:10862000A4FB07E8E4FB61687642C8F1405838BF14
:10863000A8F10108A2FB06E4A3FB08E5E2FB6854ED
:10864000A1FB05E6A7FB04E8E1FB648618F1200521
:1086500056F10006A809A8F11B08B10908F03F0867
:10866000B8F10A0F40EA86601CD901EB0C51BDE855
:10867000F08100BFFCF5EEE8E2DDD8D3CFCBC7C375
:10868000C0BDB9B6B4B1AEACA9A7A5A3A19F9D9B2F
:108690009A9896959392908F8D8C8B8988878685F2
:1086A00084838281A0FB006800FB01F208EB420892
:1086B000B8EB872807D5341858EB0104D5D5401CF2
:1086C00051F10001D1E7341A78EB0104CDD4401EFA
:1086D00071F10001C9E75FEA4C0C5FEA9C5C0DD1C7
:1086E00005D34FF0000001F00041BDE8F081BDE886
:1086F000F04170B5FFF74EFE6DDBFFBEBDE8F04107
:108700004FF00000004970470000F87F10B591EA73
:10871000030F48BF83F000433FF5F2AA841A71EBC0
:10872000030C07D212198CF0004C43EB0C03001B16
:1087300061EB0C01DFF8A4E14FEA1154A4EB135CE8
:108740001EEA430F18BF9EEA445F00F0B08023EAA0
:108750006E03524221EA0451C3EB6E0338BF5B1E25
:10876000DCF1200E25D322FA0CFE10EB0E0043FAAA
:108770000CFE41EB0E01CCF1200E03FA0EFE10EBC5
:108780000E0051F10001CCF1200E29D412FA0EF2A4
:1087900001EB0451BDE8104058BF7047401C1CBF9E
:1087A000B2F1004F704700280CBF491C20F00100B7
:1087B000704712EB020E43EB030218BF4FF0010E9D
:1087C0004EEA4202ACF1200CDCF11E0E54D943FA01
:1087D0000CFE10EB0E0051F1FF31CCF11E0ED5D581
:1087E0000EF1010E12FA0EFE404141EB010101EBC8
:1087F000445C5FEA5C5C10D910EBDE7001EB045165
:1088000038BFBEF1004FBDE8104018BF70470028C8
:108810000CBF491C20F00100704730D24FEAD42C25
:1088200011F5001124F400641BD0B1FA81F20B3A67
:10883000A41AA41ED2F12003914030FA03F3194385
:10884000904001EBCC71002C01EB0451BDE81040CD
:10885000A8BF704701F1C0414FF0000001F0004196
:108860007047B0FA80F310FA03F100D110BDE41A9A
:10887000173C4805C90AE4E701EB045110BD491053
:1088800001EB0451BDE810404FEA300002E04FF028
:10889000000170474A0008BF0042F8D0B2F5001F3F
:1088A00028BF704701F000414FF0000070479EEA7A
:1088B000445F07D011EA5E0FBDE8104004BF0021FD
:1088C00000207047BDE8104070B5FFF763FD00BFA2
:1088D00040DFF63E83F00041104670470000E0FFA5
:1088E00043004FEAD30C4FEA3C0C43401FBF400704
:1088F0000CF1605113F0FE4F70471CF0006F03D174
:1089000000200CF0004170470CF0004343EA507027
:1089100010B540EACC0000F00EF800BF0000009255
:108920004FEA0001FFF784BD4FF000414FF0000017
:10893000A1F5002170470EF1020E2EF0030E5EF835
:10894000044B244204D44FEA4102B2F17F4F11D8C4
:108950004FEA4003B3F17F4F0CD80ED14FEAD07CE1
:10896000B2F17F4F0CEB4C0C0CF1020C08BF4CEB3E
:10897000D17C04E04FF0080C01E04FEAD17C0CEB15
:108980004C0324FA03F404F00704B4F1040C06D2F7
:108990000EEB840CBDE810404CF0010C6047DFE8A2
:1089A0000CF0070802024FF00040A0F5800010BD57
:1089B0000846420018BFD2F1807288BF00F0004024
:1089C00010BD4FF04070E1EE100A7047FF2141EA00
:1089D000D050C0057047F7F7D9BF0CF00F03092B33
:1089E00008BF082000F059800A2B0BD0082B18BFB5
:1089F000704708BF1CF0400F0AD04FF000004FF046
:108A0000000170471CF0400F18BF4FF00040704746
:108A10001CF0100F08D020F0704300F07F4242EAB3
:108A2000D3014FEA4370704700F0604021F07F426D
:108A300042EA000201F07F4040EA727070474FF056
:108A4000FF0C4CF4E06C1CEA11531CBF9CEA030CB5
:108A50009445C2BFDA4201EB02517047002B0DD0A2
:108A6000BCF1000F0FD0002A01F00041A4BF41F07B
:108A7000E04141F07F614FF00000704701F000419C
:108A80004FF00000704750EA01334FF09B0C18BFC5
:108A90004CF0806C7FF4D4A970471CF4801F11D077
:108AA0001CF4E02F03D06FEACC31490070474FF03F
:108AB0004050EFF3008222F0704242EA000282F35B
:108AC000008870474FF00000704750494E470050F3
:108AD0004F4E4700000000000000000001020304A8
:108AE00006070809A0860100400D0300801A060051
:108AF00000350C0040420F0080841E0000093D003C
:108B000000127A000024F40000366E010048E801EB
:108B1000006CDC020000000001020304454E000866
:108B2000214E00088D500008615000085D4F00087C
:108B30008D4F0008F5500008D9520008A14D0008DB
:108B40006154000825500008455400085754000897
:108B5000CD4F00085D5400082F540008C94F00088D
:108B600071560008C14F000875560008C54F00082F
:108B700065500008BD5000083F4E0008894E0008AF
:108B8000F94F0008D352000804050600C012000087
:108B90001F000000A816000017000000841C000041
:108BA0000F000000E42500001E000000B42D0000AE
:108BB00016000000083900000E0000002C4C0000D8
:108BC0001D000000685B00001500000074720000CA
:108BD0000D000000589800001C00000034B7000091
:108BE00014000000E8E400000C00000078310100EF
:108BF0001B000000686E01001300000034CA010071
:108C00000B000000286202001A00000040DB020096
:108C1000120000003C9303000A000000C0C20400E0
:108C20001900000060B305001100000038200700A3
:108C30000900000020A10700000000000400000857
:108C40000000000000000002000100001000000011
:108C5000000000000000F03F000000000000F83FAE
:108C600000000000000000000000004003B8E23FE8
:108C7000000000000000000006D0CF43EBFD4C3E9A
:108C8000033333333333E33FFFAB6FDBB66DDB3F8F
:108C90004D268F515555D53F01411DA96074D13FD7
:108CA00065DBC9934A86CD3FEF4E454A287ECA3FD1
:108CB0003E5555555555C53F93BDBE166CC166BF53
:108CC0002CDE25AF6A56113FF16BD2C541BDBBBE4C
:108CD000D0A4BE726937663E0000000000000000AC
:108CE00002400000000000A000000000054000005D
:108CF000000000C8000000000C4000000000409C84
:108D000000000000194000000020BCBE0000000070
:108D100034400000BFC91B8E00000004B5400000B5
:108D2000504BCFD06607E2CF010000006C4100003D
:108D30003E8251AADFEEA73401000000D9420000B4
:108D4000DCB5A0E23A301F97FFFFFFFFB4450000FB
:108D5000FD25A0C8E9A3C14FFFFFFFFFFF3F0000B3
:108D60000000008000000000FF3F000000000080C5
:108D700000000000B08D000800000020200100006D
:108D8000C4010008D08E000820010020A80B0000BC
:108D9000E00100081C00000043000000F8FFFFFF96
:108DA0000C0000000E0000000F0000002E0000006C
:108DB0000000000000004000000000000000000073
:108DC00000000000000000000000000000000000A3
:108DD00000000000000000005A5A030000B7000025
:108DE0000000000000000000000000000000000083
:108DF00000093D00000000000000000000005A5A79
:108E0000060C000300C95A5A060E000200CA0000F0
:108E10000000000000000000000000000000000052
:108E2000FF00000000000000000000000000000043
:108E30000000000000000000FCA9F1D24D6240409B
:108E4000FCA9F1D24D623040FCA9F1D24D62204024
:108E5000FCA9F1D24D621040FCA9F1D24D62004054
:108E6000FCA9F1D24D62F03FFCA9F1D24D62304035
:108E7000FCA9F1D24D622040FCA9F1D24D62104014
:108E8000FCA9F1D24D620040FCA9F1D24D62F03F45
:108E9000FCA9F1D24D62E03FFCA9F1D24D62204025
:108EA000FCA9F1D24D621040FCA9F1D24D62004004
:108EB000FCA9F1D24D62F03FFCA9F1D24D62E03F36
:108EC000FCA9F1D24D62D03F00000000000000007C
:040000050800018965
:00000001FF
